2025-11-17 20:14:46.105 [restartedMain] INFO  com.gamescore.back.BackApplication - Starting BackApplication using Java 21.0.8 with PID 4470 (/Users/hug0gil/Desktop/DAW/DWESE/Proyectos/GameScore/back/target/classes started by hug0gil in /Users/hug0gil/Desktop/DAW/DWESE/Proyectos/GameScore/back)
2025-11-17 20:14:46.108 [restartedMain] DEBUG com.gamescore.back.BackApplication - Running with Spring Boot v3.5.7, Spring v6.2.12
2025-11-17 20:14:46.109 [restartedMain] INFO  com.gamescore.back.BackApplication - No active profile set, falling back to 1 default profile: "default"
2025-11-17 20:14:46.135 [restartedMain] INFO  o.s.b.d.e.DevToolsPropertyDefaultsPostProcessor - Devtools property defaults active! Set 'spring.devtools.add-properties' to 'false' to disable
2025-11-17 20:14:46.135 [restartedMain] INFO  o.s.b.d.e.DevToolsPropertyDefaultsPostProcessor - For additional web related logging consider setting the 'logging.level.web' property to 'DEBUG'
2025-11-17 20:14:46.537 [restartedMain] INFO  o.s.d.r.c.RepositoryConfigurationDelegate - Bootstrapping Spring Data JPA repositories in DEFAULT mode.
2025-11-17 20:14:46.572 [restartedMain] INFO  o.s.d.r.c.RepositoryConfigurationDelegate - Finished Spring Data repository scanning in 30 ms. Found 4 JPA repository interfaces.
2025-11-17 20:14:46.918 [restartedMain] INFO  o.s.b.w.e.tomcat.TomcatWebServer - Tomcat initialized with port 8080 (http)
2025-11-17 20:14:46.926 [restartedMain] INFO  o.a.catalina.core.StandardService - Starting service [Tomcat]
2025-11-17 20:14:46.927 [restartedMain] INFO  o.a.catalina.core.StandardEngine - Starting Servlet engine: [Apache Tomcat/10.1.48]
2025-11-17 20:14:46.952 [restartedMain] INFO  o.a.c.c.C.[Tomcat].[localhost].[/] - Initializing Spring embedded WebApplicationContext
2025-11-17 20:14:46.952 [restartedMain] INFO  o.s.b.w.s.c.ServletWebServerApplicationContext - Root WebApplicationContext: initialization completed in 816 ms
2025-11-17 20:14:47.077 [restartedMain] INFO  o.h.jpa.internal.util.LogHelper - HHH000204: Processing PersistenceUnitInfo [name: default]
2025-11-17 20:14:47.113 [restartedMain] INFO  org.hibernate.Version - HHH000412: Hibernate ORM core version 6.6.33.Final
2025-11-17 20:14:47.133 [restartedMain] INFO  o.h.c.i.RegionFactoryInitiator - HHH000026: Second-level cache disabled
2025-11-17 20:14:47.285 [restartedMain] INFO  o.s.o.j.p.SpringPersistenceUnitInfo - No LoadTimeWeaver setup: ignoring JPA class transformer
2025-11-17 20:14:47.301 [restartedMain] INFO  com.zaxxer.hikari.HikariDataSource - HikariPool-1 - Starting...
2025-11-17 20:14:49.661 [restartedMain] INFO  com.zaxxer.hikari.pool.HikariPool - HikariPool-1 - Added connection com.mysql.cj.jdbc.ConnectionImpl@ce82409
2025-11-17 20:14:49.665 [restartedMain] INFO  com.zaxxer.hikari.HikariDataSource - HikariPool-1 - Start completed.
2025-11-17 20:14:50.103 [restartedMain] WARN  org.hibernate.orm.deprecation - HHH90000025: MySQLDialect does not need to be specified explicitly using 'hibernate.dialect' (remove the property setting and it will be selected by default)
2025-11-17 20:14:50.125 [restartedMain] INFO  o.hibernate.orm.connections.pooling - HHH10001005: Database info:
	Database JDBC URL [Connecting through datasource 'HikariDataSource (HikariPool-1)']
	Database driver: undefined/unknown
	Database version: 9.4
	Autocommit mode: undefined/unknown
	Isolation level: undefined/unknown
	Minimum pool size: undefined/unknown
	Maximum pool size: undefined/unknown
2025-11-17 20:14:50.605 [restartedMain] INFO  o.h.e.t.j.p.i.JtaPlatformInitiator - HHH000489: No JTA platform available (set 'hibernate.transaction.jta.platform' to enable JTA platform integration)
2025-11-17 20:14:54.681 [restartedMain] INFO  o.s.o.j.LocalContainerEntityManagerFactoryBean - Initialized JPA EntityManagerFactory for persistence unit 'default'
2025-11-17 20:14:54.890 [restartedMain] INFO  o.s.d.j.r.query.QueryEnhancerFactory - Hibernate is in classpath; If applicable, HQL parser will be used.
2025-11-17 20:14:55.618 [restartedMain] DEBUG o.s.s.c.a.a.c.AuthenticationConfiguration$DefaultPasswordEncoderAuthenticationManagerBuilder - No authenticationProviders and no parentAuthenticationManager defined. Returning null.
2025-11-17 20:14:55.689 [restartedMain] DEBUG o.s.s.web.DefaultSecurityFilterChain - Will secure any request with filters: DisableEncodeUrlFilter, WebAsyncManagerIntegrationFilter, SecurityContextHolderFilter, HeaderWriterFilter, CsrfFilter, LogoutFilter, OAuth2AuthorizationRequestRedirectFilter, OAuth2LoginAuthenticationFilter, UsernamePasswordAuthenticationFilter, DefaultResourcesFilter, DefaultLoginPageGeneratingFilter, DefaultLogoutPageGeneratingFilter, RequestCacheAwareFilter, SecurityContextHolderAwareRequestFilter, AnonymousAuthenticationFilter, ExceptionTranslationFilter, AuthorizationFilter
2025-11-17 20:14:55.993 [restartedMain] INFO  o.s.b.a.h.H2ConsoleAutoConfiguration - H2 console available at '/h2-console'. Database available at 'jdbc:mysql://root:tkLpBtTxRBVsqioSkUDlqnbgmFKxVtiE@crossover.proxy.rlwy.net:27029/railway'
2025-11-17 20:14:56.036 [restartedMain] INFO  o.s.b.d.a.OptionalLiveReloadServer - LiveReload server is running on port 35729
2025-11-17 20:14:56.059 [restartedMain] INFO  o.s.b.w.e.tomcat.TomcatWebServer - Tomcat started on port 8080 (http) with context path '/'
2025-11-17 20:14:56.065 [restartedMain] INFO  com.gamescore.back.BackApplication - Started BackApplication in 10.193 seconds (process running for 10.539)
2025-11-17 20:16:59.210 [SpringApplicationShutdownHook] INFO  o.s.b.w.e.tomcat.GracefulShutdown - Commencing graceful shutdown. Waiting for active requests to complete
2025-11-17 20:16:59.219 [tomcat-shutdown] INFO  o.s.b.w.e.tomcat.GracefulShutdown - Graceful shutdown complete
2025-11-17 20:16:59.229 [SpringApplicationShutdownHook] INFO  o.s.o.j.LocalContainerEntityManagerFactoryBean - Closing JPA EntityManagerFactory for persistence unit 'default'
2025-11-17 20:16:59.238 [SpringApplicationShutdownHook] INFO  com.zaxxer.hikari.HikariDataSource - HikariPool-1 - Shutdown initiated...
2025-11-17 20:16:59.294 [SpringApplicationShutdownHook] INFO  com.zaxxer.hikari.HikariDataSource - HikariPool-1 - Shutdown completed.
2025-11-17 20:17:02.135 [restartedMain] INFO  com.gamescore.back.BackApplication - Starting BackApplication using Java 21.0.8 with PID 5933 (/Users/hug0gil/Desktop/DAW/DWESE/Proyectos/GameScore/back/target/classes started by hug0gil in /Users/hug0gil/Desktop/DAW/DWESE/Proyectos/GameScore/back)
2025-11-17 20:17:02.136 [restartedMain] DEBUG com.gamescore.back.BackApplication - Running with Spring Boot v3.5.7, Spring v6.2.12
2025-11-17 20:17:02.136 [restartedMain] INFO  com.gamescore.back.BackApplication - No active profile set, falling back to 1 default profile: "default"
2025-11-17 20:17:02.159 [restartedMain] INFO  o.s.b.d.e.DevToolsPropertyDefaultsPostProcessor - Devtools property defaults active! Set 'spring.devtools.add-properties' to 'false' to disable
2025-11-17 20:17:02.160 [restartedMain] INFO  o.s.b.d.e.DevToolsPropertyDefaultsPostProcessor - For additional web related logging consider setting the 'logging.level.web' property to 'DEBUG'
2025-11-17 20:17:02.537 [restartedMain] INFO  o.s.d.r.c.RepositoryConfigurationDelegate - Bootstrapping Spring Data JPA repositories in DEFAULT mode.
2025-11-17 20:17:02.573 [restartedMain] INFO  o.s.d.r.c.RepositoryConfigurationDelegate - Finished Spring Data repository scanning in 28 ms. Found 4 JPA repository interfaces.
2025-11-17 20:17:02.918 [restartedMain] INFO  o.s.b.w.e.tomcat.TomcatWebServer - Tomcat initialized with port 8080 (http)
2025-11-17 20:17:02.926 [restartedMain] INFO  o.a.catalina.core.StandardService - Starting service [Tomcat]
2025-11-17 20:17:02.926 [restartedMain] INFO  o.a.catalina.core.StandardEngine - Starting Servlet engine: [Apache Tomcat/10.1.48]
2025-11-17 20:17:02.949 [restartedMain] INFO  o.a.c.c.C.[Tomcat].[localhost].[/] - Initializing Spring embedded WebApplicationContext
2025-11-17 20:17:02.950 [restartedMain] INFO  o.s.b.w.s.c.ServletWebServerApplicationContext - Root WebApplicationContext: initialization completed in 790 ms
2025-11-17 20:17:03.063 [restartedMain] INFO  o.h.jpa.internal.util.LogHelper - HHH000204: Processing PersistenceUnitInfo [name: default]
2025-11-17 20:17:03.093 [restartedMain] INFO  org.hibernate.Version - HHH000412: Hibernate ORM core version 6.6.33.Final
2025-11-17 20:17:03.111 [restartedMain] INFO  o.h.c.i.RegionFactoryInitiator - HHH000026: Second-level cache disabled
2025-11-17 20:17:03.241 [restartedMain] INFO  o.s.o.j.p.SpringPersistenceUnitInfo - No LoadTimeWeaver setup: ignoring JPA class transformer
2025-11-17 20:17:03.257 [restartedMain] INFO  com.zaxxer.hikari.HikariDataSource - HikariPool-1 - Starting...
2025-11-17 20:17:05.351 [restartedMain] INFO  com.zaxxer.hikari.pool.HikariPool - HikariPool-1 - Added connection com.mysql.cj.jdbc.ConnectionImpl@7db2f295
2025-11-17 20:17:05.353 [restartedMain] INFO  com.zaxxer.hikari.HikariDataSource - HikariPool-1 - Start completed.
2025-11-17 20:17:05.772 [restartedMain] WARN  org.hibernate.orm.deprecation - HHH90000025: MySQLDialect does not need to be specified explicitly using 'hibernate.dialect' (remove the property setting and it will be selected by default)
2025-11-17 20:17:05.792 [restartedMain] INFO  o.hibernate.orm.connections.pooling - HHH10001005: Database info:
	Database JDBC URL [Connecting through datasource 'HikariDataSource (HikariPool-1)']
	Database driver: undefined/unknown
	Database version: 9.4
	Autocommit mode: undefined/unknown
	Isolation level: undefined/unknown
	Minimum pool size: undefined/unknown
	Maximum pool size: undefined/unknown
2025-11-17 20:17:06.275 [restartedMain] INFO  o.h.e.t.j.p.i.JtaPlatformInitiator - HHH000489: No JTA platform available (set 'hibernate.transaction.jta.platform' to enable JTA platform integration)
2025-11-17 20:17:06.862 [restartedMain] DEBUG org.hibernate.SQL - 
    create table game (
        id bigint not null auto_increment,
        background_url varchar(255),
        created_at datetime(6),
        description TEXT,
        metacritic integer,
        name varchar(255) not null,
        rating decimal(38,2),
        rawg_id bigint,
        release_date date,
        slug varchar(255),
        updated_at datetime(6),
        website varchar(255),
        youtube_url varchar(255),
        primary key (id)
    ) engine=InnoDB
2025-11-17 20:17:07.252 [restartedMain] DEBUG org.hibernate.SQL - 
    create table game_genres (
        game_id bigint not null,
        genre_id bigint not null,
        primary key (game_id, genre_id)
    ) engine=InnoDB
2025-11-17 20:17:07.648 [restartedMain] DEBUG org.hibernate.SQL - 
    create table game_platforms (
        game_id bigint not null,
        platform_id bigint not null,
        primary key (game_id, platform_id)
    ) engine=InnoDB
2025-11-17 20:17:08.048 [restartedMain] DEBUG org.hibernate.SQL - 
    create table genre (
        id bigint not null auto_increment,
        image_url varchar(255),
        name varchar(255) not null,
        rawg_id integer,
        slug varchar(255) not null,
        primary key (id)
    ) engine=InnoDB
2025-11-17 20:17:08.434 [restartedMain] DEBUG org.hibernate.SQL - 
    create table platform (
        id bigint not null auto_increment,
        image_url varchar(255),
        name varchar(255) not null,
        rawg_id integer,
        slug varchar(255) not null,
        primary key (id)
    ) engine=InnoDB
2025-11-17 20:17:08.853 [restartedMain] DEBUG org.hibernate.SQL - 
    create table review (
        id bigint not null auto_increment,
        approved_at datetime(6),
        content varchar(255) not null,
        created_at datetime(6),
        rating integer not null,
        review_note varchar(255),
        status enum ('APPROVED','PENDING','REJECTED') not null,
        title varchar(255) not null,
        updated_at datetime(6),
        game_id bigint not null,
        reviewed_by_id bigint,
        user_id bigint not null,
        primary key (id)
    ) engine=InnoDB
2025-11-17 20:17:09.248 [restartedMain] DEBUG org.hibernate.SQL - 
    create table user (
        id bigint not null auto_increment,
        avatar_url varchar(255),
        created_at datetime(6),
        email varchar(255) not null,
        enabled bit not null,
        last_login datetime(6),
        name varchar(255) not null,
        provider enum ('DISCORD','GITHUB','GOOGLE','LOCAL') not null,
        provider_id varchar(255),
        role enum ('ADMIN','GUEST','USER') not null,
        updated_at datetime(6),
        primary key (id)
    ) engine=InnoDB
2025-11-17 20:17:09.664 [restartedMain] DEBUG org.hibernate.SQL - 
    alter table game 
       drop index UKjare70vqqti665ds3b2eh7rk8
2025-11-17 20:17:10.344 [restartedMain] DEBUG org.hibernate.SQL - 
    alter table game 
       add constraint UKjare70vqqti665ds3b2eh7rk8 unique (name)
2025-11-17 20:17:10.726 [restartedMain] DEBUG org.hibernate.SQL - 
    alter table genre 
       drop index UKctffrbu4484ft8dlsa5vmqdka
2025-11-17 20:17:11.092 [restartedMain] DEBUG org.hibernate.SQL - 
    alter table genre 
       add constraint UKctffrbu4484ft8dlsa5vmqdka unique (name)
2025-11-17 20:17:11.468 [restartedMain] DEBUG org.hibernate.SQL - 
    alter table genre 
       drop index UK3wl9bcuomwetys7bccjhj7np7
2025-11-17 20:17:11.836 [restartedMain] DEBUG org.hibernate.SQL - 
    alter table genre 
       add constraint UK3wl9bcuomwetys7bccjhj7np7 unique (rawg_id)
2025-11-17 20:17:12.229 [restartedMain] DEBUG org.hibernate.SQL - 
    alter table genre 
       drop index UKne8gkmt94qta27f5x4nctur45
2025-11-17 20:17:12.597 [restartedMain] DEBUG org.hibernate.SQL - 
    alter table genre 
       add constraint UKne8gkmt94qta27f5x4nctur45 unique (slug)
2025-11-17 20:17:12.991 [restartedMain] DEBUG org.hibernate.SQL - 
    alter table platform 
       drop index UKhp36t3hx9su23msu2p5qvukyh
2025-11-17 20:17:13.362 [restartedMain] DEBUG org.hibernate.SQL - 
    alter table platform 
       add constraint UKhp36t3hx9su23msu2p5qvukyh unique (name)
2025-11-17 20:17:13.747 [restartedMain] DEBUG org.hibernate.SQL - 
    alter table platform 
       drop index UKkimfijefj5ri0yrpbu7q91iyj
2025-11-17 20:17:14.114 [restartedMain] DEBUG org.hibernate.SQL - 
    alter table platform 
       add constraint UKkimfijefj5ri0yrpbu7q91iyj unique (rawg_id)
2025-11-17 20:17:14.494 [restartedMain] DEBUG org.hibernate.SQL - 
    alter table platform 
       drop index UKs9kgcmoympxoyr4bvb0s3dwb4
2025-11-17 20:17:14.865 [restartedMain] DEBUG org.hibernate.SQL - 
    alter table platform 
       add constraint UKs9kgcmoympxoyr4bvb0s3dwb4 unique (slug)
2025-11-17 20:17:15.249 [restartedMain] DEBUG org.hibernate.SQL - 
    alter table user 
       drop index UKob8kqyqqgmefl0aco34akdtpe
2025-11-17 20:17:15.615 [restartedMain] DEBUG org.hibernate.SQL - 
    alter table user 
       add constraint UKob8kqyqqgmefl0aco34akdtpe unique (email)
2025-11-17 20:17:16.008 [restartedMain] DEBUG org.hibernate.SQL - 
    alter table game_genres 
       add constraint FKm84tqr0nyatyxvpud4btokcu5 
       foreign key (genre_id) 
       references genre (id)
2025-11-17 20:17:16.432 [restartedMain] DEBUG org.hibernate.SQL - 
    alter table game_genres 
       add constraint FKdtsx09yopd98e0luewrusjd9e 
       foreign key (game_id) 
       references game (id)
2025-11-17 20:17:16.861 [restartedMain] DEBUG org.hibernate.SQL - 
    alter table game_platforms 
       add constraint FKji15h892abanyhk788sr68047 
       foreign key (platform_id) 
       references platform (id)
2025-11-17 20:17:17.273 [restartedMain] DEBUG org.hibernate.SQL - 
    alter table game_platforms 
       add constraint FK3kemckavrli2dk4fw6qxu5a2w 
       foreign key (game_id) 
       references game (id)
2025-11-17 20:17:17.696 [restartedMain] DEBUG org.hibernate.SQL - 
    alter table review 
       add constraint FKqqxxwdsxhhxc7t2ho2acg2m4p 
       foreign key (game_id) 
       references game (id)
2025-11-17 20:17:18.123 [restartedMain] DEBUG org.hibernate.SQL - 
    alter table review 
       add constraint FKgdnps195kbmf0a32t4vwtb4wg 
       foreign key (reviewed_by_id) 
       references user (id)
2025-11-17 20:17:18.541 [restartedMain] DEBUG org.hibernate.SQL - 
    alter table review 
       add constraint FKiyf57dy48lyiftdrf7y87rnxi 
       foreign key (user_id) 
       references user (id)
2025-11-17 20:17:18.975 [restartedMain] INFO  o.s.o.j.LocalContainerEntityManagerFactoryBean - Initialized JPA EntityManagerFactory for persistence unit 'default'
2025-11-17 20:17:19.169 [restartedMain] INFO  o.s.d.j.r.query.QueryEnhancerFactory - Hibernate is in classpath; If applicable, HQL parser will be used.
2025-11-17 20:17:19.885 [restartedMain] DEBUG o.s.s.c.a.a.c.AuthenticationConfiguration$DefaultPasswordEncoderAuthenticationManagerBuilder - No authenticationProviders and no parentAuthenticationManager defined. Returning null.
2025-11-17 20:17:19.962 [restartedMain] DEBUG o.s.s.web.DefaultSecurityFilterChain - Will secure any request with filters: DisableEncodeUrlFilter, WebAsyncManagerIntegrationFilter, SecurityContextHolderFilter, HeaderWriterFilter, CsrfFilter, LogoutFilter, OAuth2AuthorizationRequestRedirectFilter, OAuth2LoginAuthenticationFilter, UsernamePasswordAuthenticationFilter, DefaultResourcesFilter, DefaultLoginPageGeneratingFilter, DefaultLogoutPageGeneratingFilter, RequestCacheAwareFilter, SecurityContextHolderAwareRequestFilter, AnonymousAuthenticationFilter, ExceptionTranslationFilter, AuthorizationFilter
2025-11-17 20:17:20.251 [restartedMain] INFO  o.s.b.a.h.H2ConsoleAutoConfiguration - H2 console available at '/h2-console'. Database available at 'jdbc:mysql://root:tkLpBtTxRBVsqioSkUDlqnbgmFKxVtiE@crossover.proxy.rlwy.net:27029/railway'
2025-11-17 20:17:20.292 [restartedMain] INFO  o.s.b.d.a.OptionalLiveReloadServer - LiveReload server is running on port 35729
2025-11-17 20:17:20.316 [restartedMain] INFO  o.s.b.w.e.tomcat.TomcatWebServer - Tomcat started on port 8080 (http) with context path '/'
2025-11-17 20:17:20.322 [restartedMain] INFO  com.gamescore.back.BackApplication - Started BackApplication in 18.426 seconds (process running for 18.782)
2025-11-17 20:23:42.784 [http-nio-8080-exec-1] INFO  o.a.c.c.C.[Tomcat].[localhost].[/] - Initializing Spring DispatcherServlet 'dispatcherServlet'
2025-11-17 20:23:42.785 [http-nio-8080-exec-1] INFO  o.s.web.servlet.DispatcherServlet - Initializing Servlet 'dispatcherServlet'
2025-11-17 20:23:42.788 [http-nio-8080-exec-1] INFO  o.s.web.servlet.DispatcherServlet - Completed initialization in 3 ms
2025-11-17 20:23:42.802 [http-nio-8080-exec-1] DEBUG o.s.security.web.FilterChainProxy - Securing POST /api/rawg/fetch
2025-11-17 20:23:42.812 [http-nio-8080-exec-1] DEBUG o.s.security.web.FilterChainProxy - Secured POST /api/rawg/fetch
2025-11-17 20:23:43.836 [http-nio-8080-exec-1] DEBUG org.hibernate.SQL - 
    select
        g1_0.id 
    from
        game g1_0 
    where
        g1_0.rawg_id=? 
    limit
        ?
2025-11-17 20:23:44.346 [http-nio-8080-exec-1] DEBUG org.hibernate.SQL - 
    select
        g1_0.id,
        g1_0.image_url,
        g1_0.name,
        g1_0.rawg_id,
        g1_0.slug 
    from
        genre g1_0 
    where
        g1_0.name=?
2025-11-17 20:23:44.553 [http-nio-8080-exec-1] DEBUG org.hibernate.SQL - 
    insert 
    into
        genre
        (image_url, name, rawg_id, slug) 
    values
        (?, ?, ?, ?)
2025-11-17 20:23:44.759 [http-nio-8080-exec-1] DEBUG org.hibernate.SQL - 
    select
        p1_0.id,
        p1_0.image_url,
        p1_0.name,
        p1_0.rawg_id,
        p1_0.slug 
    from
        platform p1_0 
    where
        p1_0.name=?
2025-11-17 20:23:44.949 [http-nio-8080-exec-1] DEBUG org.hibernate.SQL - 
    insert 
    into
        platform
        (image_url, name, rawg_id, slug) 
    values
        (?, ?, ?, ?)
2025-11-17 20:23:45.139 [http-nio-8080-exec-1] DEBUG org.hibernate.SQL - 
    select
        p1_0.id,
        p1_0.image_url,
        p1_0.name,
        p1_0.rawg_id,
        p1_0.slug 
    from
        platform p1_0 
    where
        p1_0.name=?
2025-11-17 20:23:45.327 [http-nio-8080-exec-1] DEBUG org.hibernate.SQL - 
    insert 
    into
        platform
        (image_url, name, rawg_id, slug) 
    values
        (?, ?, ?, ?)
2025-11-17 20:23:45.516 [http-nio-8080-exec-1] DEBUG org.hibernate.SQL - 
    select
        p1_0.id,
        p1_0.image_url,
        p1_0.name,
        p1_0.rawg_id,
        p1_0.slug 
    from
        platform p1_0 
    where
        p1_0.name=?
2025-11-17 20:23:45.702 [http-nio-8080-exec-1] DEBUG org.hibernate.SQL - 
    insert 
    into
        platform
        (image_url, name, rawg_id, slug) 
    values
        (?, ?, ?, ?)
2025-11-17 20:23:45.892 [http-nio-8080-exec-1] DEBUG org.hibernate.SQL - 
    select
        p1_0.id,
        p1_0.image_url,
        p1_0.name,
        p1_0.rawg_id,
        p1_0.slug 
    from
        platform p1_0 
    where
        p1_0.name=?
2025-11-17 20:23:46.085 [http-nio-8080-exec-1] DEBUG org.hibernate.SQL - 
    insert 
    into
        platform
        (image_url, name, rawg_id, slug) 
    values
        (?, ?, ?, ?)
2025-11-17 20:23:46.272 [http-nio-8080-exec-1] DEBUG org.hibernate.SQL - 
    select
        p1_0.id,
        p1_0.image_url,
        p1_0.name,
        p1_0.rawg_id,
        p1_0.slug 
    from
        platform p1_0 
    where
        p1_0.name=?
2025-11-17 20:23:46.458 [http-nio-8080-exec-1] DEBUG org.hibernate.SQL - 
    insert 
    into
        platform
        (image_url, name, rawg_id, slug) 
    values
        (?, ?, ?, ?)
2025-11-17 20:23:46.650 [http-nio-8080-exec-1] DEBUG org.hibernate.SQL - 
    select
        p1_0.id,
        p1_0.image_url,
        p1_0.name,
        p1_0.rawg_id,
        p1_0.slug 
    from
        platform p1_0 
    where
        p1_0.name=?
2025-11-17 20:23:46.837 [http-nio-8080-exec-1] DEBUG org.hibernate.SQL - 
    insert 
    into
        platform
        (image_url, name, rawg_id, slug) 
    values
        (?, ?, ?, ?)
2025-11-17 20:23:47.023 [http-nio-8080-exec-1] DEBUG org.hibernate.SQL - 
    select
        p1_0.id,
        p1_0.image_url,
        p1_0.name,
        p1_0.rawg_id,
        p1_0.slug 
    from
        platform p1_0 
    where
        p1_0.name=?
2025-11-17 20:23:47.209 [http-nio-8080-exec-1] DEBUG org.hibernate.SQL - 
    insert 
    into
        platform
        (image_url, name, rawg_id, slug) 
    values
        (?, ?, ?, ?)
2025-11-17 20:23:47.394 [http-nio-8080-exec-1] INFO  c.g.b.service.YoutubeTrailerService - =========================================================================
2025-11-17 20:23:47.395 [http-nio-8080-exec-1] INFO  c.g.b.service.YoutubeTrailerService - --- INICIO BÚSQUEDA DE TRÁILER PARA: 'Grand Theft Auto V' ---
2025-11-17 20:23:47.395 [http-nio-8080-exec-1] INFO  c.g.b.service.YoutubeTrailerService - >>> INTENTO 1: Búsqueda genérica ('official trailer').
2025-11-17 20:23:47.395 [http-nio-8080-exec-1] INFO  c.g.b.service.YoutubeTrailerService - 1. TÉRMINOS DE BÚSQUEDA (JSoup): 'Grand Theft Auto V official trailer'
2025-11-17 20:23:47.395 [http-nio-8080-exec-1] INFO  c.g.b.service.YoutubeTrailerService - 2. URL DE PETICIÓN (JSoup): https://www.googleapis.com/youtube/v3/search?key=AIzaSyAMb9YSMsqB-rzRMC2vF1AmsVou15Eg_lU&part=id&q=Grand%20Theft%20Auto%20V%20official%20trailer&type=video&maxResults=1&order=relevance
2025-11-17 20:23:47.979 [http-nio-8080-exec-1] INFO  c.g.b.service.YoutubeTrailerService - 3. RESPUESTA JSON (JSoup): {
  "kind": "youtube#searchListResponse",
  "etag": "Eh0PXKHMt7fci-OHq6caF-o0GJs",
  "nextPageToken": "CAEQAA",
  "regionCode": "ES",
  "pageInfo": {
    "totalResults": 1000000,
    "resultsPerPage": 1
  },
  "items": [
    {
      "kind": "youtube#searchResult",
      "etag": "Z6DS9xpaup7FHPe2-3pwPbNXEF8",
      "id": {
        "kind": "youtube#video",
        "videoId": "hvoD7ehZPcM"
      }
    }
  ]
}

2025-11-17 20:23:47.988 [http-nio-8080-exec-1] INFO  c.g.b.service.YoutubeTrailerService - 4. EXTRACCIÓN EXITOSA (JSoup): 'videoId' encontrado: 'hvoD7ehZPcM'
2025-11-17 20:23:47.989 [http-nio-8080-exec-1] INFO  c.g.b.service.YoutubeTrailerService - --- FIN BÚSQUEDA: ÉXITO en el primer intento. ---
2025-11-17 20:23:47.999 [http-nio-8080-exec-1] DEBUG org.hibernate.SQL - 
    insert 
    into
        game
        (background_url, created_at, description, metacritic, name, rating, rawg_id, release_date, slug, updated_at, website, youtube_url) 
    values
        (?, ?, ?, ?, ?, ?, ?, ?, ?, ?, ?, ?)
2025-11-17 20:23:48.194 [http-nio-8080-exec-1] DEBUG org.hibernate.SQL - 
    select
        g1_0.id 
    from
        game g1_0 
    where
        g1_0.rawg_id=? 
    limit
        ?
2025-11-17 20:23:48.466 [http-nio-8080-exec-1] DEBUG org.hibernate.SQL - 
    select
        g1_0.id,
        g1_0.image_url,
        g1_0.name,
        g1_0.rawg_id,
        g1_0.slug 
    from
        genre g1_0 
    where
        g1_0.name=?
2025-11-17 20:23:48.651 [http-nio-8080-exec-1] DEBUG org.hibernate.SQL - 
    insert 
    into
        genre
        (image_url, name, rawg_id, slug) 
    values
        (?, ?, ?, ?)
2025-11-17 20:23:48.836 [http-nio-8080-exec-1] DEBUG org.hibernate.SQL - 
    select
        g1_0.id,
        g1_0.image_url,
        g1_0.name,
        g1_0.rawg_id,
        g1_0.slug 
    from
        genre g1_0 
    where
        g1_0.name=?
2025-11-17 20:23:49.023 [http-nio-8080-exec-1] DEBUG org.hibernate.SQL - 
    insert 
    into
        genre
        (image_url, name, rawg_id, slug) 
    values
        (?, ?, ?, ?)
2025-11-17 20:23:49.214 [http-nio-8080-exec-1] DEBUG org.hibernate.SQL - 
    select
        p1_0.id,
        p1_0.image_url,
        p1_0.name,
        p1_0.rawg_id,
        p1_0.slug 
    from
        platform p1_0 
    where
        p1_0.name=?
2025-11-17 20:23:49.401 [http-nio-8080-exec-1] DEBUG org.hibernate.SQL - 
    select
        p1_0.id,
        p1_0.image_url,
        p1_0.name,
        p1_0.rawg_id,
        p1_0.slug 
    from
        platform p1_0 
    where
        p1_0.name=?
2025-11-17 20:23:49.585 [http-nio-8080-exec-1] DEBUG org.hibernate.SQL - 
    select
        p1_0.id,
        p1_0.image_url,
        p1_0.name,
        p1_0.rawg_id,
        p1_0.slug 
    from
        platform p1_0 
    where
        p1_0.name=?
2025-11-17 20:23:49.770 [http-nio-8080-exec-1] DEBUG org.hibernate.SQL - 
    insert 
    into
        platform
        (image_url, name, rawg_id, slug) 
    values
        (?, ?, ?, ?)
2025-11-17 20:23:49.957 [http-nio-8080-exec-1] DEBUG org.hibernate.SQL - 
    select
        p1_0.id,
        p1_0.image_url,
        p1_0.name,
        p1_0.rawg_id,
        p1_0.slug 
    from
        platform p1_0 
    where
        p1_0.name=?
2025-11-17 20:23:50.147 [http-nio-8080-exec-1] DEBUG org.hibernate.SQL - 
    select
        p1_0.id,
        p1_0.image_url,
        p1_0.name,
        p1_0.rawg_id,
        p1_0.slug 
    from
        platform p1_0 
    where
        p1_0.name=?
2025-11-17 20:23:50.332 [http-nio-8080-exec-1] DEBUG org.hibernate.SQL - 
    insert 
    into
        platform
        (image_url, name, rawg_id, slug) 
    values
        (?, ?, ?, ?)
2025-11-17 20:23:50.520 [http-nio-8080-exec-1] DEBUG org.hibernate.SQL - 
    select
        p1_0.id,
        p1_0.image_url,
        p1_0.name,
        p1_0.rawg_id,
        p1_0.slug 
    from
        platform p1_0 
    where
        p1_0.name=?
2025-11-17 20:23:50.708 [http-nio-8080-exec-1] DEBUG org.hibernate.SQL - 
    select
        p1_0.id,
        p1_0.image_url,
        p1_0.name,
        p1_0.rawg_id,
        p1_0.slug 
    from
        platform p1_0 
    where
        p1_0.name=?
2025-11-17 20:23:50.892 [http-nio-8080-exec-1] INFO  c.g.b.service.YoutubeTrailerService - =========================================================================
2025-11-17 20:23:50.894 [http-nio-8080-exec-1] INFO  c.g.b.service.YoutubeTrailerService - --- INICIO BÚSQUEDA DE TRÁILER PARA: 'The Witcher 3: Wild Hunt' ---
2025-11-17 20:23:50.894 [http-nio-8080-exec-1] INFO  c.g.b.service.YoutubeTrailerService - >>> INTENTO 1: Búsqueda genérica ('official trailer').
2025-11-17 20:23:50.894 [http-nio-8080-exec-1] INFO  c.g.b.service.YoutubeTrailerService - 1. TÉRMINOS DE BÚSQUEDA (JSoup): 'The Witcher 3: Wild Hunt official trailer'
2025-11-17 20:23:50.895 [http-nio-8080-exec-1] INFO  c.g.b.service.YoutubeTrailerService - 2. URL DE PETICIÓN (JSoup): https://www.googleapis.com/youtube/v3/search?key=AIzaSyAMb9YSMsqB-rzRMC2vF1AmsVou15Eg_lU&part=id&q=The%20Witcher%203:%20Wild%20Hunt%20official%20trailer&type=video&maxResults=1&order=relevance
2025-11-17 20:23:51.331 [http-nio-8080-exec-1] INFO  c.g.b.service.YoutubeTrailerService - 3. RESPUESTA JSON (JSoup): {
  "kind": "youtube#searchListResponse",
  "etag": "1kucspZJQAGqRCgks3qxUlU01CA",
  "nextPageToken": "CAEQAA",
  "regionCode": "ES",
  "pageInfo": {
    "totalResults": 1000000,
    "resultsPerPage": 1
  },
  "items": [
    {
      "kind": "youtube#searchResult",
      "etag": "LAb0E_4LhUdOCaTnJBD1HAmHCkg",
      "id": {
        "kind": "youtube#video",
        "videoId": "1-l29HlKkXU"
      }
    }
  ]
}

2025-11-17 20:23:51.332 [http-nio-8080-exec-1] INFO  c.g.b.service.YoutubeTrailerService - 4. EXTRACCIÓN EXITOSA (JSoup): 'videoId' encontrado: '1-l29HlKkXU'
2025-11-17 20:23:51.332 [http-nio-8080-exec-1] INFO  c.g.b.service.YoutubeTrailerService - --- FIN BÚSQUEDA: ÉXITO en el primer intento. ---
2025-11-17 20:23:51.334 [http-nio-8080-exec-1] DEBUG org.hibernate.SQL - 
    insert 
    into
        game
        (background_url, created_at, description, metacritic, name, rating, rawg_id, release_date, slug, updated_at, website, youtube_url) 
    values
        (?, ?, ?, ?, ?, ?, ?, ?, ?, ?, ?, ?)
2025-11-17 20:23:51.529 [http-nio-8080-exec-1] DEBUG org.hibernate.SQL - 
    select
        g1_0.id 
    from
        game g1_0 
    where
        g1_0.rawg_id=? 
    limit
        ?
2025-11-17 20:23:51.816 [http-nio-8080-exec-1] DEBUG org.hibernate.SQL - 
    select
        g1_0.id,
        g1_0.image_url,
        g1_0.name,
        g1_0.rawg_id,
        g1_0.slug 
    from
        genre g1_0 
    where
        g1_0.name=?
2025-11-17 20:23:52.005 [http-nio-8080-exec-1] DEBUG org.hibernate.SQL - 
    insert 
    into
        genre
        (image_url, name, rawg_id, slug) 
    values
        (?, ?, ?, ?)
2025-11-17 20:23:52.192 [http-nio-8080-exec-1] DEBUG org.hibernate.SQL - 
    select
        g1_0.id,
        g1_0.image_url,
        g1_0.name,
        g1_0.rawg_id,
        g1_0.slug 
    from
        genre g1_0 
    where
        g1_0.name=?
2025-11-17 20:23:52.378 [http-nio-8080-exec-1] DEBUG org.hibernate.SQL - 
    insert 
    into
        genre
        (image_url, name, rawg_id, slug) 
    values
        (?, ?, ?, ?)
2025-11-17 20:23:52.567 [http-nio-8080-exec-1] DEBUG org.hibernate.SQL - 
    select
        p1_0.id,
        p1_0.image_url,
        p1_0.name,
        p1_0.rawg_id,
        p1_0.slug 
    from
        platform p1_0 
    where
        p1_0.name=?
2025-11-17 20:23:52.758 [http-nio-8080-exec-1] DEBUG org.hibernate.SQL - 
    select
        p1_0.id,
        p1_0.image_url,
        p1_0.name,
        p1_0.rawg_id,
        p1_0.slug 
    from
        platform p1_0 
    where
        p1_0.name=?
2025-11-17 20:23:52.948 [http-nio-8080-exec-1] DEBUG org.hibernate.SQL - 
    select
        p1_0.id,
        p1_0.image_url,
        p1_0.name,
        p1_0.rawg_id,
        p1_0.slug 
    from
        platform p1_0 
    where
        p1_0.name=?
2025-11-17 20:23:53.137 [http-nio-8080-exec-1] DEBUG org.hibernate.SQL - 
    select
        p1_0.id,
        p1_0.image_url,
        p1_0.name,
        p1_0.rawg_id,
        p1_0.slug 
    from
        platform p1_0 
    where
        p1_0.name=?
2025-11-17 20:23:53.325 [http-nio-8080-exec-1] DEBUG org.hibernate.SQL - 
    insert 
    into
        platform
        (image_url, name, rawg_id, slug) 
    values
        (?, ?, ?, ?)
2025-11-17 20:23:53.516 [http-nio-8080-exec-1] DEBUG org.hibernate.SQL - 
    select
        p1_0.id,
        p1_0.image_url,
        p1_0.name,
        p1_0.rawg_id,
        p1_0.slug 
    from
        platform p1_0 
    where
        p1_0.name=?
2025-11-17 20:23:53.707 [http-nio-8080-exec-1] DEBUG org.hibernate.SQL - 
    select
        p1_0.id,
        p1_0.image_url,
        p1_0.name,
        p1_0.rawg_id,
        p1_0.slug 
    from
        platform p1_0 
    where
        p1_0.name=?
2025-11-17 20:23:53.892 [http-nio-8080-exec-1] INFO  c.g.b.service.YoutubeTrailerService - =========================================================================
2025-11-17 20:23:53.893 [http-nio-8080-exec-1] INFO  c.g.b.service.YoutubeTrailerService - --- INICIO BÚSQUEDA DE TRÁILER PARA: 'Portal 2' ---
2025-11-17 20:23:53.893 [http-nio-8080-exec-1] INFO  c.g.b.service.YoutubeTrailerService - >>> INTENTO 1: Búsqueda genérica ('official trailer').
2025-11-17 20:23:53.893 [http-nio-8080-exec-1] INFO  c.g.b.service.YoutubeTrailerService - 1. TÉRMINOS DE BÚSQUEDA (JSoup): 'Portal 2 official trailer'
2025-11-17 20:23:53.893 [http-nio-8080-exec-1] INFO  c.g.b.service.YoutubeTrailerService - 2. URL DE PETICIÓN (JSoup): https://www.googleapis.com/youtube/v3/search?key=AIzaSyAMb9YSMsqB-rzRMC2vF1AmsVou15Eg_lU&part=id&q=Portal%202%20official%20trailer&type=video&maxResults=1&order=relevance
2025-11-17 20:23:54.373 [http-nio-8080-exec-1] INFO  c.g.b.service.YoutubeTrailerService - 3. RESPUESTA JSON (JSoup): {
  "kind": "youtube#searchListResponse",
  "etag": "-MFeib4UE0Iq_vqo6U4optOVYwo",
  "nextPageToken": "CAEQAA",
  "regionCode": "ES",
  "pageInfo": {
    "totalResults": 1000000,
    "resultsPerPage": 1
  },
  "items": [
    {
      "kind": "youtube#searchResult",
      "etag": "OXdgRhDICJh-anbjxbqGvgm_puo",
      "id": {
        "kind": "youtube#video",
        "videoId": "tax4e4hBBZc"
      }
    }
  ]
}

2025-11-17 20:23:54.374 [http-nio-8080-exec-1] INFO  c.g.b.service.YoutubeTrailerService - 4. EXTRACCIÓN EXITOSA (JSoup): 'videoId' encontrado: 'tax4e4hBBZc'
2025-11-17 20:23:54.374 [http-nio-8080-exec-1] INFO  c.g.b.service.YoutubeTrailerService - --- FIN BÚSQUEDA: ÉXITO en el primer intento. ---
2025-11-17 20:23:54.376 [http-nio-8080-exec-1] DEBUG org.hibernate.SQL - 
    insert 
    into
        game
        (background_url, created_at, description, metacritic, name, rating, rawg_id, release_date, slug, updated_at, website, youtube_url) 
    values
        (?, ?, ?, ?, ?, ?, ?, ?, ?, ?, ?, ?)
2025-11-17 20:23:54.567 [http-nio-8080-exec-1] DEBUG org.hibernate.SQL - 
    select
        g1_0.id 
    from
        game g1_0 
    where
        g1_0.rawg_id=? 
    limit
        ?
2025-11-17 20:23:54.909 [http-nio-8080-exec-1] DEBUG org.hibernate.SQL - 
    select
        g1_0.id,
        g1_0.image_url,
        g1_0.name,
        g1_0.rawg_id,
        g1_0.slug 
    from
        genre g1_0 
    where
        g1_0.name=?
2025-11-17 20:23:55.099 [http-nio-8080-exec-1] DEBUG org.hibernate.SQL - 
    select
        p1_0.id,
        p1_0.image_url,
        p1_0.name,
        p1_0.rawg_id,
        p1_0.slug 
    from
        platform p1_0 
    where
        p1_0.name=?
2025-11-17 20:23:55.289 [http-nio-8080-exec-1] DEBUG org.hibernate.SQL - 
    select
        p1_0.id,
        p1_0.image_url,
        p1_0.name,
        p1_0.rawg_id,
        p1_0.slug 
    from
        platform p1_0 
    where
        p1_0.name=?
2025-11-17 20:23:55.480 [http-nio-8080-exec-1] DEBUG org.hibernate.SQL - 
    select
        p1_0.id,
        p1_0.image_url,
        p1_0.name,
        p1_0.rawg_id,
        p1_0.slug 
    from
        platform p1_0 
    where
        p1_0.name=?
2025-11-17 20:23:55.670 [http-nio-8080-exec-1] DEBUG org.hibernate.SQL - 
    select
        p1_0.id,
        p1_0.image_url,
        p1_0.name,
        p1_0.rawg_id,
        p1_0.slug 
    from
        platform p1_0 
    where
        p1_0.name=?
2025-11-17 20:23:55.856 [http-nio-8080-exec-1] INFO  c.g.b.service.YoutubeTrailerService - =========================================================================
2025-11-17 20:23:55.857 [http-nio-8080-exec-1] INFO  c.g.b.service.YoutubeTrailerService - --- INICIO BÚSQUEDA DE TRÁILER PARA: 'Counter-Strike: Global Offensive' ---
2025-11-17 20:23:55.857 [http-nio-8080-exec-1] INFO  c.g.b.service.YoutubeTrailerService - >>> INTENTO 1: Búsqueda genérica ('official trailer').
2025-11-17 20:23:55.857 [http-nio-8080-exec-1] INFO  c.g.b.service.YoutubeTrailerService - 1. TÉRMINOS DE BÚSQUEDA (JSoup): 'Counter-Strike: Global Offensive official trailer'
2025-11-17 20:23:55.857 [http-nio-8080-exec-1] INFO  c.g.b.service.YoutubeTrailerService - 2. URL DE PETICIÓN (JSoup): https://www.googleapis.com/youtube/v3/search?key=AIzaSyAMb9YSMsqB-rzRMC2vF1AmsVou15Eg_lU&part=id&q=Counter-Strike:%20Global%20Offensive%20official%20trailer&type=video&maxResults=1&order=relevance
2025-11-17 20:23:56.266 [http-nio-8080-exec-1] INFO  c.g.b.service.YoutubeTrailerService - 3. RESPUESTA JSON (JSoup): {
  "kind": "youtube#searchListResponse",
  "etag": "M9GV3DxDjVVlMM6VH0pwxjtZy7g",
  "nextPageToken": "CAEQAA",
  "regionCode": "ES",
  "pageInfo": {
    "totalResults": 1000000,
    "resultsPerPage": 1
  },
  "items": [
    {
      "kind": "youtube#searchResult",
      "etag": "QUqa7k83mA5-8_t66_6kRDeCvLQ",
      "id": {
        "kind": "youtube#video",
        "videoId": "edYCtaNueQY"
      }
    }
  ]
}

2025-11-17 20:23:56.267 [http-nio-8080-exec-1] INFO  c.g.b.service.YoutubeTrailerService - 4. EXTRACCIÓN EXITOSA (JSoup): 'videoId' encontrado: 'edYCtaNueQY'
2025-11-17 20:23:56.267 [http-nio-8080-exec-1] INFO  c.g.b.service.YoutubeTrailerService - --- FIN BÚSQUEDA: ÉXITO en el primer intento. ---
2025-11-17 20:23:56.268 [http-nio-8080-exec-1] DEBUG org.hibernate.SQL - 
    insert 
    into
        game
        (background_url, created_at, description, metacritic, name, rating, rawg_id, release_date, slug, updated_at, website, youtube_url) 
    values
        (?, ?, ?, ?, ?, ?, ?, ?, ?, ?, ?, ?)
2025-11-17 20:23:56.460 [http-nio-8080-exec-1] DEBUG org.hibernate.SQL - 
    select
        g1_0.id 
    from
        game g1_0 
    where
        g1_0.rawg_id=? 
    limit
        ?
2025-11-17 20:23:56.846 [http-nio-8080-exec-1] DEBUG org.hibernate.SQL - 
    select
        g1_0.id,
        g1_0.image_url,
        g1_0.name,
        g1_0.rawg_id,
        g1_0.slug 
    from
        genre g1_0 
    where
        g1_0.name=?
2025-11-17 20:23:57.033 [http-nio-8080-exec-1] DEBUG org.hibernate.SQL - 
    select
        p1_0.id,
        p1_0.image_url,
        p1_0.name,
        p1_0.rawg_id,
        p1_0.slug 
    from
        platform p1_0 
    where
        p1_0.name=?
2025-11-17 20:23:57.220 [http-nio-8080-exec-1] DEBUG org.hibernate.SQL - 
    select
        p1_0.id,
        p1_0.image_url,
        p1_0.name,
        p1_0.rawg_id,
        p1_0.slug 
    from
        platform p1_0 
    where
        p1_0.name=?
2025-11-17 20:23:57.406 [http-nio-8080-exec-1] DEBUG org.hibernate.SQL - 
    select
        p1_0.id,
        p1_0.image_url,
        p1_0.name,
        p1_0.rawg_id,
        p1_0.slug 
    from
        platform p1_0 
    where
        p1_0.name=?
2025-11-17 20:23:57.596 [http-nio-8080-exec-1] DEBUG org.hibernate.SQL - 
    select
        p1_0.id,
        p1_0.image_url,
        p1_0.name,
        p1_0.rawg_id,
        p1_0.slug 
    from
        platform p1_0 
    where
        p1_0.name=?
2025-11-17 20:23:57.785 [http-nio-8080-exec-1] DEBUG org.hibernate.SQL - 
    select
        p1_0.id,
        p1_0.image_url,
        p1_0.name,
        p1_0.rawg_id,
        p1_0.slug 
    from
        platform p1_0 
    where
        p1_0.name=?
2025-11-17 20:23:57.975 [http-nio-8080-exec-1] DEBUG org.hibernate.SQL - 
    select
        p1_0.id,
        p1_0.image_url,
        p1_0.name,
        p1_0.rawg_id,
        p1_0.slug 
    from
        platform p1_0 
    where
        p1_0.name=?
2025-11-17 20:23:58.160 [http-nio-8080-exec-1] INFO  c.g.b.service.YoutubeTrailerService - =========================================================================
2025-11-17 20:23:58.160 [http-nio-8080-exec-1] INFO  c.g.b.service.YoutubeTrailerService - --- INICIO BÚSQUEDA DE TRÁILER PARA: 'Tomb Raider (2013)' ---
2025-11-17 20:23:58.160 [http-nio-8080-exec-1] INFO  c.g.b.service.YoutubeTrailerService - >>> INTENTO 1: Búsqueda genérica ('official trailer').
2025-11-17 20:23:58.160 [http-nio-8080-exec-1] INFO  c.g.b.service.YoutubeTrailerService - 1. TÉRMINOS DE BÚSQUEDA (JSoup): 'Tomb Raider (2013) official trailer'
2025-11-17 20:23:58.160 [http-nio-8080-exec-1] INFO  c.g.b.service.YoutubeTrailerService - 2. URL DE PETICIÓN (JSoup): https://www.googleapis.com/youtube/v3/search?key=AIzaSyAMb9YSMsqB-rzRMC2vF1AmsVou15Eg_lU&part=id&q=Tomb%20Raider%20(2013)%20official%20trailer&type=video&maxResults=1&order=relevance
2025-11-17 20:23:58.630 [http-nio-8080-exec-1] INFO  c.g.b.service.YoutubeTrailerService - 3. RESPUESTA JSON (JSoup): {
  "kind": "youtube#searchListResponse",
  "etag": "odStuao8VDpXaYpqNj260cfUvDw",
  "nextPageToken": "CAEQAA",
  "regionCode": "ES",
  "pageInfo": {
    "totalResults": 1000000,
    "resultsPerPage": 1
  },
  "items": [
    {
      "kind": "youtube#searchResult",
      "etag": "OaEGH0KcUDUvlQQTUKDHtSv_lsw",
      "id": {
        "kind": "youtube#video",
        "videoId": "M4SG6DfVvLs"
      }
    }
  ]
}

2025-11-17 20:23:58.631 [http-nio-8080-exec-1] INFO  c.g.b.service.YoutubeTrailerService - 4. EXTRACCIÓN EXITOSA (JSoup): 'videoId' encontrado: 'M4SG6DfVvLs'
2025-11-17 20:23:58.631 [http-nio-8080-exec-1] INFO  c.g.b.service.YoutubeTrailerService - --- FIN BÚSQUEDA: ÉXITO en el primer intento. ---
2025-11-17 20:23:58.633 [http-nio-8080-exec-1] DEBUG org.hibernate.SQL - 
    insert 
    into
        game
        (background_url, created_at, description, metacritic, name, rating, rawg_id, release_date, slug, updated_at, website, youtube_url) 
    values
        (?, ?, ?, ?, ?, ?, ?, ?, ?, ?, ?, ?)
2025-11-17 20:23:58.821 [http-nio-8080-exec-1] DEBUG org.hibernate.SQL - 
    select
        g1_0.id 
    from
        game g1_0 
    where
        g1_0.rawg_id=? 
    limit
        ?
2025-11-17 20:23:59.107 [http-nio-8080-exec-1] DEBUG org.hibernate.SQL - 
    select
        g1_0.id,
        g1_0.image_url,
        g1_0.name,
        g1_0.rawg_id,
        g1_0.slug 
    from
        genre g1_0 
    where
        g1_0.name=?
2025-11-17 20:23:59.299 [http-nio-8080-exec-1] DEBUG org.hibernate.SQL - 
    select
        g1_0.id,
        g1_0.image_url,
        g1_0.name,
        g1_0.rawg_id,
        g1_0.slug 
    from
        genre g1_0 
    where
        g1_0.name=?
2025-11-17 20:23:59.485 [http-nio-8080-exec-1] DEBUG org.hibernate.SQL - 
    select
        p1_0.id,
        p1_0.image_url,
        p1_0.name,
        p1_0.rawg_id,
        p1_0.slug 
    from
        platform p1_0 
    where
        p1_0.name=?
2025-11-17 20:23:59.672 [http-nio-8080-exec-1] DEBUG org.hibernate.SQL - 
    select
        p1_0.id,
        p1_0.image_url,
        p1_0.name,
        p1_0.rawg_id,
        p1_0.slug 
    from
        platform p1_0 
    where
        p1_0.name=?
2025-11-17 20:23:59.860 [http-nio-8080-exec-1] DEBUG org.hibernate.SQL - 
    select
        p1_0.id,
        p1_0.image_url,
        p1_0.name,
        p1_0.rawg_id,
        p1_0.slug 
    from
        platform p1_0 
    where
        p1_0.name=?
2025-11-17 20:24:00.048 [http-nio-8080-exec-1] DEBUG org.hibernate.SQL - 
    insert 
    into
        platform
        (image_url, name, rawg_id, slug) 
    values
        (?, ?, ?, ?)
2025-11-17 20:24:00.235 [http-nio-8080-exec-1] DEBUG org.hibernate.SQL - 
    select
        p1_0.id,
        p1_0.image_url,
        p1_0.name,
        p1_0.rawg_id,
        p1_0.slug 
    from
        platform p1_0 
    where
        p1_0.name=?
2025-11-17 20:24:00.424 [http-nio-8080-exec-1] DEBUG org.hibernate.SQL - 
    select
        p1_0.id,
        p1_0.image_url,
        p1_0.name,
        p1_0.rawg_id,
        p1_0.slug 
    from
        platform p1_0 
    where
        p1_0.name=?
2025-11-17 20:24:00.615 [http-nio-8080-exec-1] DEBUG org.hibernate.SQL - 
    select
        p1_0.id,
        p1_0.image_url,
        p1_0.name,
        p1_0.rawg_id,
        p1_0.slug 
    from
        platform p1_0 
    where
        p1_0.name=?
2025-11-17 20:24:00.806 [http-nio-8080-exec-1] DEBUG org.hibernate.SQL - 
    select
        p1_0.id,
        p1_0.image_url,
        p1_0.name,
        p1_0.rawg_id,
        p1_0.slug 
    from
        platform p1_0 
    where
        p1_0.name=?
2025-11-17 20:24:00.992 [http-nio-8080-exec-1] INFO  c.g.b.service.YoutubeTrailerService - =========================================================================
2025-11-17 20:24:00.992 [http-nio-8080-exec-1] INFO  c.g.b.service.YoutubeTrailerService - --- INICIO BÚSQUEDA DE TRÁILER PARA: 'Portal' ---
2025-11-17 20:24:00.993 [http-nio-8080-exec-1] INFO  c.g.b.service.YoutubeTrailerService - >>> INTENTO 1: Búsqueda genérica ('official trailer').
2025-11-17 20:24:00.993 [http-nio-8080-exec-1] INFO  c.g.b.service.YoutubeTrailerService - 1. TÉRMINOS DE BÚSQUEDA (JSoup): 'Portal official trailer'
2025-11-17 20:24:00.994 [http-nio-8080-exec-1] INFO  c.g.b.service.YoutubeTrailerService - 2. URL DE PETICIÓN (JSoup): https://www.googleapis.com/youtube/v3/search?key=AIzaSyAMb9YSMsqB-rzRMC2vF1AmsVou15Eg_lU&part=id&q=Portal%20official%20trailer&type=video&maxResults=1&order=relevance
2025-11-17 20:24:01.501 [http-nio-8080-exec-1] INFO  c.g.b.service.YoutubeTrailerService - 3. RESPUESTA JSON (JSoup): {
  "kind": "youtube#searchListResponse",
  "etag": "P4S_CBvC48zGlauJmHtfDEy-klA",
  "nextPageToken": "CAEQAA",
  "regionCode": "ES",
  "pageInfo": {
    "totalResults": 1000000,
    "resultsPerPage": 1
  },
  "items": [
    {
      "kind": "youtube#searchResult",
      "etag": "5giwT5aH48TVc2A0nNi3rB1CraU",
      "id": {
        "kind": "youtube#video",
        "videoId": "-cO_DIVuSyQ"
      }
    }
  ]
}

2025-11-17 20:24:01.502 [http-nio-8080-exec-1] INFO  c.g.b.service.YoutubeTrailerService - 4. EXTRACCIÓN EXITOSA (JSoup): 'videoId' encontrado: '-cO_DIVuSyQ'
2025-11-17 20:24:01.502 [http-nio-8080-exec-1] INFO  c.g.b.service.YoutubeTrailerService - --- FIN BÚSQUEDA: ÉXITO en el primer intento. ---
2025-11-17 20:24:01.505 [http-nio-8080-exec-1] DEBUG org.hibernate.SQL - 
    insert 
    into
        game
        (background_url, created_at, description, metacritic, name, rating, rawg_id, release_date, slug, updated_at, website, youtube_url) 
    values
        (?, ?, ?, ?, ?, ?, ?, ?, ?, ?, ?, ?)
2025-11-17 20:24:01.698 [http-nio-8080-exec-1] DEBUG org.hibernate.SQL - 
    select
        g1_0.id 
    from
        game g1_0 
    where
        g1_0.rawg_id=? 
    limit
        ?
2025-11-17 20:24:02.006 [http-nio-8080-exec-1] DEBUG org.hibernate.SQL - 
    select
        g1_0.id,
        g1_0.image_url,
        g1_0.name,
        g1_0.rawg_id,
        g1_0.slug 
    from
        genre g1_0 
    where
        g1_0.name=?
2025-11-17 20:24:02.195 [http-nio-8080-exec-1] DEBUG org.hibernate.SQL - 
    select
        g1_0.id,
        g1_0.image_url,
        g1_0.name,
        g1_0.rawg_id,
        g1_0.slug 
    from
        genre g1_0 
    where
        g1_0.name=?
2025-11-17 20:24:02.385 [http-nio-8080-exec-1] DEBUG org.hibernate.SQL - 
    select
        p1_0.id,
        p1_0.image_url,
        p1_0.name,
        p1_0.rawg_id,
        p1_0.slug 
    from
        platform p1_0 
    where
        p1_0.name=?
2025-11-17 20:24:02.575 [http-nio-8080-exec-1] DEBUG org.hibernate.SQL - 
    select
        p1_0.id,
        p1_0.image_url,
        p1_0.name,
        p1_0.rawg_id,
        p1_0.slug 
    from
        platform p1_0 
    where
        p1_0.name=?
2025-11-17 20:24:02.761 [http-nio-8080-exec-1] DEBUG org.hibernate.SQL - 
    select
        p1_0.id,
        p1_0.image_url,
        p1_0.name,
        p1_0.rawg_id,
        p1_0.slug 
    from
        platform p1_0 
    where
        p1_0.name=?
2025-11-17 20:24:02.947 [http-nio-8080-exec-1] DEBUG org.hibernate.SQL - 
    select
        p1_0.id,
        p1_0.image_url,
        p1_0.name,
        p1_0.rawg_id,
        p1_0.slug 
    from
        platform p1_0 
    where
        p1_0.name=?
2025-11-17 20:24:03.132 [http-nio-8080-exec-1] INFO  c.g.b.service.YoutubeTrailerService - =========================================================================
2025-11-17 20:24:03.133 [http-nio-8080-exec-1] INFO  c.g.b.service.YoutubeTrailerService - --- INICIO BÚSQUEDA DE TRÁILER PARA: 'Left 4 Dead 2' ---
2025-11-17 20:24:03.133 [http-nio-8080-exec-1] INFO  c.g.b.service.YoutubeTrailerService - >>> INTENTO 1: Búsqueda genérica ('official trailer').
2025-11-17 20:24:03.133 [http-nio-8080-exec-1] INFO  c.g.b.service.YoutubeTrailerService - 1. TÉRMINOS DE BÚSQUEDA (JSoup): 'Left 4 Dead 2 official trailer'
2025-11-17 20:24:03.133 [http-nio-8080-exec-1] INFO  c.g.b.service.YoutubeTrailerService - 2. URL DE PETICIÓN (JSoup): https://www.googleapis.com/youtube/v3/search?key=AIzaSyAMb9YSMsqB-rzRMC2vF1AmsVou15Eg_lU&part=id&q=Left%204%20Dead%202%20official%20trailer&type=video&maxResults=1&order=relevance
2025-11-17 20:24:03.635 [http-nio-8080-exec-1] INFO  c.g.b.service.YoutubeTrailerService - 3. RESPUESTA JSON (JSoup): {
  "kind": "youtube#searchListResponse",
  "etag": "rejO14WgpgioKwgH87TzIUTd2O0",
  "nextPageToken": "CAEQAA",
  "regionCode": "ES",
  "pageInfo": {
    "totalResults": 1000000,
    "resultsPerPage": 25
  },
  "items": [
    {
      "kind": "youtube#searchResult",
      "etag": "lEiXjDofBD0pcPfGJJKqsYQyL2g",
      "id": {
        "kind": "youtube#video",
        "videoId": "N1shYxPdGB8"
      }
    },
    {
      "kind": "youtube#searchResult",
      "etag": "QICcufs1Nqg8mNZek_ay0CCT0zs",
      "id": {
        "kind": "youtube#video",
        "videoId": "9XIle_kLHKU"
      }
    },
    {
      "kind": "youtube#searchResult",
      "etag": "UWyrRI3jSpbL5H8WgrssOttsahc",
      "id": {
        "kind": "youtube#video",
        "videoId": "wJMF-zxgbLc"
      }
    },
    {
      "kind": "youtube#searchResult",
      "etag": "_XOSeF_KGMS8yJr1I70onfnpZIY",
      "id": {
        "kind": "youtube#video",
        "videoId": "Wt2rGmUmm2A"
      }
    },
    {
      "kind": "youtube#searchResult",
      "etag": "ufoG8E6-YKXMxNsVQsQaThHzs6k",
      "id": {
        "kind": "youtube#video",
        "videoId": "SvzjTbBCZTI"
      }
    },
    {
      "kind": "youtube#searchResult",
      "etag": "7yLNGjsyyJHbRDDzYoKfJnY4clE",
      "id": {
        "kind": "youtube#video",
        "videoId": "8SPWsmasgXU"
      }
    },
    {
      "kind": "youtube#searchResult",
      "etag": "SpPv-TL4miByakpu-CcNsp1QvPw",
      "id": {
        "kind": "youtube#video",
        "videoId": "PHm4lLHngwI"
      }
    },
    {
      "kind": "youtube#searchResult",
      "etag": "6PNH8njj_qYEJq_4sh6oEFUV0nk",
      "id": {
        "kind": "youtube#video",
        "videoId": "dE3Hm890KWQ"
      }
    },
    {
      "kind": "youtube#searchResult",
      "etag": "YK5Gl6zaJ6i4RwICAEuVirZny8k",
      "id": {
        "kind": "youtube#video",
        "videoId": "E7zoQKaMX5o"
      }
    },
    {
      "kind": "youtube#searchResult",
      "etag": "XpJJyrpofXdtKl6LDTvxJCXYilE",
      "id": {
        "kind": "youtube#video",
        "videoId": "tj3TmiTiz1g"
      }
    },
    {
      "kind": "youtube#searchResult",
      "etag": "azNNRCuCRWZzcdXzXjElpD_XK2U",
      "id": {
        "kind": "youtube#video",
        "videoId": "G5Cu1Nz-CRE"
      }
    },
    {
      "kind": "youtube#searchResult",
      "etag": "Sg2OAuj4LcA1rxcw89kBFsuD7L8",
      "id": {
        "kind": "youtube#video",
        "videoId": "tg2acPY5PVc"
      }
    },
    {
      "kind": "youtube#searchResult",
      "etag": "2r2XU-I1RSXq-tyFbwKETFCBIGU",
      "id": {
        "kind": "youtube#video",
        "videoId": "_wR84DzBfM8"
      }
    },
    {
      "kind": "youtube#searchResult",
      "etag": "JSXDnLXOpd6-JwkRhhcVPTPROXE",
      "id": {
        "kind": "youtube#video",
        "videoId": "WYAsO5W2B5I"
      }
    },
    {
      "kind": "youtube#searchResult",
      "etag": "izZgPOtk0cALJy2MHZW4SUivvEc",
      "id": {
        "kind": "youtube#video",
        "videoId": "LgzQIdO-J5o"
      }
    },
    {
      "kind": "youtube#searchResult",
      "etag": "wf6YWApGtTaP4o4joRkQOLvbMaQ",
      "id": {
        "kind": "youtube#video",
        "videoId": "1oAb4LqUvas"
      }
    },
    {
      "kind": "youtube#searchResult",
      "etag": "7I9xgJumR2IVMpwBHI5W2O37NFQ",
      "id": {
        "kind": "youtube#video",
        "videoId": "Va3tAjQEBrY"
      }
    },
    {
      "kind": "youtube#searchResult",
      "etag": "aPvwLUcsZ1gTXhzIpionTjpfLsk",
      "id": {
        "kind": "youtube#video",
        "videoId": "WOPLHOoZ0Dc"
      }
    },
    {
      "kind": "youtube#searchResult",
      "etag": "b0L1XYst5vyoUnp5O5g_Jz1nnNo",
      "id": {
        "kind": "youtube#video",
        "videoId": "c-Txv7BBKlU"
      }
    },
    {
      "kind": "youtube#searchResult",
      "etag": "r12tqvARCXHuYJDfkjJSblZvAY0",
      "id": {
        "kind": "youtube#video",
        "videoId": "cKxUMrW2Ep4"
      }
    },
    {
      "kind": "youtube#searchResult",
      "etag": "aeX-vBIiHNwKlT84NocmH8zzbY4",
      "id": {
        "kind": "youtube#video",
        "videoId": "Z-PAcG0uecs"
      }
    },
    {
      "kind": "youtube#searchResult",
      "etag": "FAnwT1I6sYniw2n4q8QaV0EQVk8",
      "id": {
        "kind": "youtube#video",
        "videoId": "7J8rH-J71ls"
      }
    },
    {
      "kind": "youtube#searchResult",
      "etag": "-iIjfTFgVz2bAWM_XK4_js0G4C8",
      "id": {
        "kind": "youtube#video",
        "videoId": "Bap-7qjhooA"
      }
    },
    {
      "kind": "youtube#searchResult",
      "etag": "3YpQsGU5eP0GnWvjT7eONRy3HQM",
      "id": {
        "kind": "youtube#video",
        "videoId": "qCRmjB8JP6A"
      }
    },
    {
      "kind": "youtube#searchResult",
      "etag": "qc3kN3BzpD2ttmhtFZ07snulWmQ",
      "id": {
        "kind": "youtube#video",
        "videoId": "ByfHCUAN7OQ"
      }
    }
  ]
}

2025-11-17 20:24:03.638 [http-nio-8080-exec-1] INFO  c.g.b.service.YoutubeTrailerService - 4. EXTRACCIÓN EXITOSA (JSoup): 'videoId' encontrado: 'N1shYxPdGB8'
2025-11-17 20:24:03.638 [http-nio-8080-exec-1] INFO  c.g.b.service.YoutubeTrailerService - --- FIN BÚSQUEDA: ÉXITO en el primer intento. ---
2025-11-17 20:24:03.640 [http-nio-8080-exec-1] DEBUG org.hibernate.SQL - 
    insert 
    into
        game
        (background_url, created_at, description, metacritic, name, rating, rawg_id, release_date, slug, updated_at, website, youtube_url) 
    values
        (?, ?, ?, ?, ?, ?, ?, ?, ?, ?, ?, ?)
2025-11-17 20:24:03.829 [http-nio-8080-exec-1] DEBUG org.hibernate.SQL - 
    select
        g1_0.id 
    from
        game g1_0 
    where
        g1_0.rawg_id=? 
    limit
        ?
2025-11-17 20:24:04.130 [http-nio-8080-exec-1] DEBUG org.hibernate.SQL - 
    select
        g1_0.id,
        g1_0.image_url,
        g1_0.name,
        g1_0.rawg_id,
        g1_0.slug 
    from
        genre g1_0 
    where
        g1_0.name=?
2025-11-17 20:24:04.319 [http-nio-8080-exec-1] DEBUG org.hibernate.SQL - 
    select
        g1_0.id,
        g1_0.image_url,
        g1_0.name,
        g1_0.rawg_id,
        g1_0.slug 
    from
        genre g1_0 
    where
        g1_0.name=?
2025-11-17 20:24:04.504 [http-nio-8080-exec-1] DEBUG org.hibernate.SQL - 
    select
        p1_0.id,
        p1_0.image_url,
        p1_0.name,
        p1_0.rawg_id,
        p1_0.slug 
    from
        platform p1_0 
    where
        p1_0.name=?
2025-11-17 20:24:04.689 [http-nio-8080-exec-1] DEBUG org.hibernate.SQL - 
    select
        p1_0.id,
        p1_0.image_url,
        p1_0.name,
        p1_0.rawg_id,
        p1_0.slug 
    from
        platform p1_0 
    where
        p1_0.name=?
2025-11-17 20:24:04.874 [http-nio-8080-exec-1] DEBUG org.hibernate.SQL - 
    select
        p1_0.id,
        p1_0.image_url,
        p1_0.name,
        p1_0.rawg_id,
        p1_0.slug 
    from
        platform p1_0 
    where
        p1_0.name=?
2025-11-17 20:24:05.063 [http-nio-8080-exec-1] DEBUG org.hibernate.SQL - 
    select
        p1_0.id,
        p1_0.image_url,
        p1_0.name,
        p1_0.rawg_id,
        p1_0.slug 
    from
        platform p1_0 
    where
        p1_0.name=?
2025-11-17 20:24:05.251 [http-nio-8080-exec-1] DEBUG org.hibernate.SQL - 
    select
        p1_0.id,
        p1_0.image_url,
        p1_0.name,
        p1_0.rawg_id,
        p1_0.slug 
    from
        platform p1_0 
    where
        p1_0.name=?
2025-11-17 20:24:05.440 [http-nio-8080-exec-1] DEBUG org.hibernate.SQL - 
    select
        p1_0.id,
        p1_0.image_url,
        p1_0.name,
        p1_0.rawg_id,
        p1_0.slug 
    from
        platform p1_0 
    where
        p1_0.name=?
2025-11-17 20:24:05.627 [http-nio-8080-exec-1] DEBUG org.hibernate.SQL - 
    select
        p1_0.id,
        p1_0.image_url,
        p1_0.name,
        p1_0.rawg_id,
        p1_0.slug 
    from
        platform p1_0 
    where
        p1_0.name=?
2025-11-17 20:24:05.814 [http-nio-8080-exec-1] DEBUG org.hibernate.SQL - 
    select
        p1_0.id,
        p1_0.image_url,
        p1_0.name,
        p1_0.rawg_id,
        p1_0.slug 
    from
        platform p1_0 
    where
        p1_0.name=?
2025-11-17 20:24:05.998 [http-nio-8080-exec-1] INFO  c.g.b.service.YoutubeTrailerService - =========================================================================
2025-11-17 20:24:05.998 [http-nio-8080-exec-1] INFO  c.g.b.service.YoutubeTrailerService - --- INICIO BÚSQUEDA DE TRÁILER PARA: 'The Elder Scrolls V: Skyrim' ---
2025-11-17 20:24:05.998 [http-nio-8080-exec-1] INFO  c.g.b.service.YoutubeTrailerService - >>> INTENTO 1: Búsqueda genérica ('official trailer').
2025-11-17 20:24:05.998 [http-nio-8080-exec-1] INFO  c.g.b.service.YoutubeTrailerService - 1. TÉRMINOS DE BÚSQUEDA (JSoup): 'The Elder Scrolls V: Skyrim official trailer'
2025-11-17 20:24:05.998 [http-nio-8080-exec-1] INFO  c.g.b.service.YoutubeTrailerService - 2. URL DE PETICIÓN (JSoup): https://www.googleapis.com/youtube/v3/search?key=AIzaSyAMb9YSMsqB-rzRMC2vF1AmsVou15Eg_lU&part=id&q=The%20Elder%20Scrolls%20V:%20Skyrim%20official%20trailer&type=video&maxResults=1&order=relevance
2025-11-17 20:24:06.455 [http-nio-8080-exec-1] INFO  c.g.b.service.YoutubeTrailerService - 3. RESPUESTA JSON (JSoup): {
  "kind": "youtube#searchListResponse",
  "etag": "H-WHPE0bm5KC0Hzxucsx9LVMi8E",
  "nextPageToken": "CAEQAA",
  "regionCode": "ES",
  "pageInfo": {
    "totalResults": 1000000,
    "resultsPerPage": 1
  },
  "items": [
    {
      "kind": "youtube#searchResult",
      "etag": "YMnZdTwpxEoTGPZzOy591vZFowM",
      "id": {
        "kind": "youtube#video",
        "videoId": "JSRtYpNRoN0"
      }
    }
  ]
}

2025-11-17 20:24:06.456 [http-nio-8080-exec-1] INFO  c.g.b.service.YoutubeTrailerService - 4. EXTRACCIÓN EXITOSA (JSoup): 'videoId' encontrado: 'JSRtYpNRoN0'
2025-11-17 20:24:06.456 [http-nio-8080-exec-1] INFO  c.g.b.service.YoutubeTrailerService - --- FIN BÚSQUEDA: ÉXITO en el primer intento. ---
2025-11-17 20:24:06.458 [http-nio-8080-exec-1] DEBUG org.hibernate.SQL - 
    insert 
    into
        game
        (background_url, created_at, description, metacritic, name, rating, rawg_id, release_date, slug, updated_at, website, youtube_url) 
    values
        (?, ?, ?, ?, ?, ?, ?, ?, ?, ?, ?, ?)
2025-11-17 20:24:06.647 [http-nio-8080-exec-1] DEBUG org.hibernate.SQL - 
    select
        g1_0.id 
    from
        game g1_0 
    where
        g1_0.rawg_id=? 
    limit
        ?
2025-11-17 20:24:08.939 [http-nio-8080-exec-1] DEBUG org.hibernate.SQL - 
    select
        g1_0.id,
        g1_0.image_url,
        g1_0.name,
        g1_0.rawg_id,
        g1_0.slug 
    from
        genre g1_0 
    where
        g1_0.name=?
2025-11-17 20:24:09.129 [http-nio-8080-exec-1] DEBUG org.hibernate.SQL - 
    select
        p1_0.id,
        p1_0.image_url,
        p1_0.name,
        p1_0.rawg_id,
        p1_0.slug 
    from
        platform p1_0 
    where
        p1_0.name=?
2025-11-17 20:24:09.323 [http-nio-8080-exec-1] DEBUG org.hibernate.SQL - 
    select
        p1_0.id,
        p1_0.image_url,
        p1_0.name,
        p1_0.rawg_id,
        p1_0.slug 
    from
        platform p1_0 
    where
        p1_0.name=?
2025-11-17 20:24:09.509 [http-nio-8080-exec-1] DEBUG org.hibernate.SQL - 
    select
        p1_0.id,
        p1_0.image_url,
        p1_0.name,
        p1_0.rawg_id,
        p1_0.slug 
    from
        platform p1_0 
    where
        p1_0.name=?
2025-11-17 20:24:09.693 [http-nio-8080-exec-1] INFO  c.g.b.service.YoutubeTrailerService - =========================================================================
2025-11-17 20:24:09.693 [http-nio-8080-exec-1] INFO  c.g.b.service.YoutubeTrailerService - --- INICIO BÚSQUEDA DE TRÁILER PARA: 'Red Dead Redemption 2' ---
2025-11-17 20:24:09.694 [http-nio-8080-exec-1] INFO  c.g.b.service.YoutubeTrailerService - >>> INTENTO 1: Búsqueda genérica ('official trailer').
2025-11-17 20:24:09.694 [http-nio-8080-exec-1] INFO  c.g.b.service.YoutubeTrailerService - 1. TÉRMINOS DE BÚSQUEDA (JSoup): 'Red Dead Redemption 2 official trailer'
2025-11-17 20:24:09.694 [http-nio-8080-exec-1] INFO  c.g.b.service.YoutubeTrailerService - 2. URL DE PETICIÓN (JSoup): https://www.googleapis.com/youtube/v3/search?key=AIzaSyAMb9YSMsqB-rzRMC2vF1AmsVou15Eg_lU&part=id&q=Red%20Dead%20Redemption%202%20official%20trailer&type=video&maxResults=1&order=relevance
2025-11-17 20:24:10.122 [http-nio-8080-exec-1] INFO  c.g.b.service.YoutubeTrailerService - 3. RESPUESTA JSON (JSoup): {
  "kind": "youtube#searchListResponse",
  "etag": "ulFl9O3N4_pQCOh-hS_M7xgwYPA",
  "nextPageToken": "CAEQAA",
  "regionCode": "ES",
  "pageInfo": {
    "totalResults": 1000000,
    "resultsPerPage": 1
  },
  "items": [
    {
      "kind": "youtube#searchResult",
      "etag": "UGzKlcdXOUdK_9-rxIeikpJm7gQ",
      "id": {
        "kind": "youtube#video",
        "videoId": "F63h3v9QV7w"
      }
    }
  ]
}

2025-11-17 20:24:10.123 [http-nio-8080-exec-1] INFO  c.g.b.service.YoutubeTrailerService - 4. EXTRACCIÓN EXITOSA (JSoup): 'videoId' encontrado: 'F63h3v9QV7w'
2025-11-17 20:24:10.123 [http-nio-8080-exec-1] INFO  c.g.b.service.YoutubeTrailerService - --- FIN BÚSQUEDA: ÉXITO en el primer intento. ---
2025-11-17 20:24:10.124 [http-nio-8080-exec-1] DEBUG org.hibernate.SQL - 
    insert 
    into
        game
        (background_url, created_at, description, metacritic, name, rating, rawg_id, release_date, slug, updated_at, website, youtube_url) 
    values
        (?, ?, ?, ?, ?, ?, ?, ?, ?, ?, ?, ?)
2025-11-17 20:24:10.315 [http-nio-8080-exec-1] DEBUG org.hibernate.SQL - 
    select
        g1_0.id 
    from
        game g1_0 
    where
        g1_0.rawg_id=? 
    limit
        ?
2025-11-17 20:24:10.595 [http-nio-8080-exec-1] DEBUG org.hibernate.SQL - 
    select
        g1_0.id,
        g1_0.image_url,
        g1_0.name,
        g1_0.rawg_id,
        g1_0.slug 
    from
        genre g1_0 
    where
        g1_0.name=?
2025-11-17 20:24:10.781 [http-nio-8080-exec-1] DEBUG org.hibernate.SQL - 
    select
        g1_0.id,
        g1_0.image_url,
        g1_0.name,
        g1_0.rawg_id,
        g1_0.slug 
    from
        genre g1_0 
    where
        g1_0.name=?
2025-11-17 20:24:10.969 [http-nio-8080-exec-1] DEBUG org.hibernate.SQL - 
    select
        p1_0.id,
        p1_0.image_url,
        p1_0.name,
        p1_0.rawg_id,
        p1_0.slug 
    from
        platform p1_0 
    where
        p1_0.name=?
2025-11-17 20:24:11.157 [http-nio-8080-exec-1] DEBUG org.hibernate.SQL - 
    select
        p1_0.id,
        p1_0.image_url,
        p1_0.name,
        p1_0.rawg_id,
        p1_0.slug 
    from
        platform p1_0 
    where
        p1_0.name=?
2025-11-17 20:24:11.349 [http-nio-8080-exec-1] DEBUG org.hibernate.SQL - 
    select
        p1_0.id,
        p1_0.image_url,
        p1_0.name,
        p1_0.rawg_id,
        p1_0.slug 
    from
        platform p1_0 
    where
        p1_0.name=?
2025-11-17 20:24:11.536 [http-nio-8080-exec-1] DEBUG org.hibernate.SQL - 
    select
        p1_0.id,
        p1_0.image_url,
        p1_0.name,
        p1_0.rawg_id,
        p1_0.slug 
    from
        platform p1_0 
    where
        p1_0.name=?
2025-11-17 20:24:11.722 [http-nio-8080-exec-1] DEBUG org.hibernate.SQL - 
    select
        p1_0.id,
        p1_0.image_url,
        p1_0.name,
        p1_0.rawg_id,
        p1_0.slug 
    from
        platform p1_0 
    where
        p1_0.name=?
2025-11-17 20:24:11.910 [http-nio-8080-exec-1] DEBUG org.hibernate.SQL - 
    select
        p1_0.id,
        p1_0.image_url,
        p1_0.name,
        p1_0.rawg_id,
        p1_0.slug 
    from
        platform p1_0 
    where
        p1_0.name=?
2025-11-17 20:24:12.097 [http-nio-8080-exec-1] DEBUG org.hibernate.SQL - 
    select
        p1_0.id,
        p1_0.image_url,
        p1_0.name,
        p1_0.rawg_id,
        p1_0.slug 
    from
        platform p1_0 
    where
        p1_0.name=?
2025-11-17 20:24:12.282 [http-nio-8080-exec-1] INFO  c.g.b.service.YoutubeTrailerService - =========================================================================
2025-11-17 20:24:12.282 [http-nio-8080-exec-1] INFO  c.g.b.service.YoutubeTrailerService - --- INICIO BÚSQUEDA DE TRÁILER PARA: 'BioShock Infinite' ---
2025-11-17 20:24:12.282 [http-nio-8080-exec-1] INFO  c.g.b.service.YoutubeTrailerService - >>> INTENTO 1: Búsqueda genérica ('official trailer').
2025-11-17 20:24:12.282 [http-nio-8080-exec-1] INFO  c.g.b.service.YoutubeTrailerService - 1. TÉRMINOS DE BÚSQUEDA (JSoup): 'BioShock Infinite official trailer'
2025-11-17 20:24:12.283 [http-nio-8080-exec-1] INFO  c.g.b.service.YoutubeTrailerService - 2. URL DE PETICIÓN (JSoup): https://www.googleapis.com/youtube/v3/search?key=AIzaSyAMb9YSMsqB-rzRMC2vF1AmsVou15Eg_lU&part=id&q=BioShock%20Infinite%20official%20trailer&type=video&maxResults=1&order=relevance
2025-11-17 20:24:12.698 [http-nio-8080-exec-1] INFO  c.g.b.service.YoutubeTrailerService - 3. RESPUESTA JSON (JSoup): {
  "kind": "youtube#searchListResponse",
  "etag": "l4UW3yIjRBP9LntmJZnh2yGsjz4",
  "nextPageToken": "CAEQAA",
  "regionCode": "ES",
  "pageInfo": {
    "totalResults": 1000000,
    "resultsPerPage": 1
  },
  "items": [
    {
      "kind": "youtube#searchResult",
      "etag": "okS4QAVQ5trlSFEqRHa-y2HccXs",
      "id": {
        "kind": "youtube#video",
        "videoId": "WYRePGtK074"
      }
    }
  ]
}

2025-11-17 20:24:12.702 [http-nio-8080-exec-1] INFO  c.g.b.service.YoutubeTrailerService - 4. EXTRACCIÓN EXITOSA (JSoup): 'videoId' encontrado: 'WYRePGtK074'
2025-11-17 20:24:12.706 [http-nio-8080-exec-1] INFO  c.g.b.service.YoutubeTrailerService - --- FIN BÚSQUEDA: ÉXITO en el primer intento. ---
2025-11-17 20:24:12.708 [http-nio-8080-exec-1] DEBUG org.hibernate.SQL - 
    insert 
    into
        game
        (background_url, created_at, description, metacritic, name, rating, rawg_id, release_date, slug, updated_at, website, youtube_url) 
    values
        (?, ?, ?, ?, ?, ?, ?, ?, ?, ?, ?, ?)
2025-11-17 20:24:12.902 [http-nio-8080-exec-1] DEBUG org.hibernate.SQL - 
    select
        g1_0.id 
    from
        game g1_0 
    where
        g1_0.rawg_id=? 
    limit
        ?
2025-11-17 20:24:13.203 [http-nio-8080-exec-1] DEBUG org.hibernate.SQL - 
    select
        g1_0.id,
        g1_0.image_url,
        g1_0.name,
        g1_0.rawg_id,
        g1_0.slug 
    from
        genre g1_0 
    where
        g1_0.name=?
2025-11-17 20:24:13.394 [http-nio-8080-exec-1] DEBUG org.hibernate.SQL - 
    select
        g1_0.id,
        g1_0.image_url,
        g1_0.name,
        g1_0.rawg_id,
        g1_0.slug 
    from
        genre g1_0 
    where
        g1_0.name=?
2025-11-17 20:24:13.583 [http-nio-8080-exec-1] DEBUG org.hibernate.SQL - 
    select
        p1_0.id,
        p1_0.image_url,
        p1_0.name,
        p1_0.rawg_id,
        p1_0.slug 
    from
        platform p1_0 
    where
        p1_0.name=?
2025-11-17 20:24:13.773 [http-nio-8080-exec-1] DEBUG org.hibernate.SQL - 
    select
        p1_0.id,
        p1_0.image_url,
        p1_0.name,
        p1_0.rawg_id,
        p1_0.slug 
    from
        platform p1_0 
    where
        p1_0.name=?
2025-11-17 20:24:13.961 [http-nio-8080-exec-1] DEBUG org.hibernate.SQL - 
    select
        p1_0.id,
        p1_0.image_url,
        p1_0.name,
        p1_0.rawg_id,
        p1_0.slug 
    from
        platform p1_0 
    where
        p1_0.name=?
2025-11-17 20:24:14.150 [http-nio-8080-exec-1] DEBUG org.hibernate.SQL - 
    select
        p1_0.id,
        p1_0.image_url,
        p1_0.name,
        p1_0.rawg_id,
        p1_0.slug 
    from
        platform p1_0 
    where
        p1_0.name=?
2025-11-17 20:24:14.340 [http-nio-8080-exec-1] DEBUG org.hibernate.SQL - 
    select
        p1_0.id,
        p1_0.image_url,
        p1_0.name,
        p1_0.rawg_id,
        p1_0.slug 
    from
        platform p1_0 
    where
        p1_0.name=?
2025-11-17 20:24:14.535 [http-nio-8080-exec-1] DEBUG org.hibernate.SQL - 
    insert 
    into
        platform
        (image_url, name, rawg_id, slug) 
    values
        (?, ?, ?, ?)
2025-11-17 20:24:14.720 [http-nio-8080-exec-1] DEBUG org.hibernate.SQL - 
    select
        p1_0.id,
        p1_0.image_url,
        p1_0.name,
        p1_0.rawg_id,
        p1_0.slug 
    from
        platform p1_0 
    where
        p1_0.name=?
2025-11-17 20:24:14.907 [http-nio-8080-exec-1] INFO  c.g.b.service.YoutubeTrailerService - =========================================================================
2025-11-17 20:24:14.907 [http-nio-8080-exec-1] INFO  c.g.b.service.YoutubeTrailerService - --- INICIO BÚSQUEDA DE TRÁILER PARA: 'Half-Life 2' ---
2025-11-17 20:24:14.907 [http-nio-8080-exec-1] INFO  c.g.b.service.YoutubeTrailerService - >>> INTENTO 1: Búsqueda genérica ('official trailer').
2025-11-17 20:24:14.907 [http-nio-8080-exec-1] INFO  c.g.b.service.YoutubeTrailerService - 1. TÉRMINOS DE BÚSQUEDA (JSoup): 'Half-Life 2 official trailer'
2025-11-17 20:24:14.908 [http-nio-8080-exec-1] INFO  c.g.b.service.YoutubeTrailerService - 2. URL DE PETICIÓN (JSoup): https://www.googleapis.com/youtube/v3/search?key=AIzaSyAMb9YSMsqB-rzRMC2vF1AmsVou15Eg_lU&part=id&q=Half-Life%202%20official%20trailer&type=video&maxResults=1&order=relevance
2025-11-17 20:24:15.352 [http-nio-8080-exec-1] INFO  c.g.b.service.YoutubeTrailerService - 3. RESPUESTA JSON (JSoup): {
  "kind": "youtube#searchListResponse",
  "etag": "Q-3zb31hqk9Rv0lqmTfQCDxoXgI",
  "nextPageToken": "CAEQAA",
  "regionCode": "ES",
  "pageInfo": {
    "totalResults": 1000000,
    "resultsPerPage": 1
  },
  "items": [
    {
      "kind": "youtube#searchResult",
      "etag": "_dM0pFAo7P2B4D0vZTxSZyqzg24",
      "id": {
        "kind": "youtube#video",
        "videoId": "IvkJY5LwkZM"
      }
    }
  ]
}

2025-11-17 20:24:15.353 [http-nio-8080-exec-1] INFO  c.g.b.service.YoutubeTrailerService - 4. EXTRACCIÓN EXITOSA (JSoup): 'videoId' encontrado: 'IvkJY5LwkZM'
2025-11-17 20:24:15.353 [http-nio-8080-exec-1] INFO  c.g.b.service.YoutubeTrailerService - --- FIN BÚSQUEDA: ÉXITO en el primer intento. ---
2025-11-17 20:24:15.355 [http-nio-8080-exec-1] DEBUG org.hibernate.SQL - 
    insert 
    into
        game
        (background_url, created_at, description, metacritic, name, rating, rawg_id, release_date, slug, updated_at, website, youtube_url) 
    values
        (?, ?, ?, ?, ?, ?, ?, ?, ?, ?, ?, ?)
2025-11-17 20:24:15.549 [http-nio-8080-exec-1] DEBUG org.hibernate.SQL - 
    select
        g1_0.id 
    from
        game g1_0 
    where
        g1_0.rawg_id=? 
    limit
        ?
2025-11-17 20:24:15.842 [http-nio-8080-exec-1] DEBUG org.hibernate.SQL - 
    select
        g1_0.id,
        g1_0.image_url,
        g1_0.name,
        g1_0.rawg_id,
        g1_0.slug 
    from
        genre g1_0 
    where
        g1_0.name=?
2025-11-17 20:24:16.029 [http-nio-8080-exec-1] DEBUG org.hibernate.SQL - 
    select
        g1_0.id,
        g1_0.image_url,
        g1_0.name,
        g1_0.rawg_id,
        g1_0.slug 
    from
        genre g1_0 
    where
        g1_0.name=?
2025-11-17 20:24:16.215 [http-nio-8080-exec-1] DEBUG org.hibernate.SQL - 
    select
        g1_0.id,
        g1_0.image_url,
        g1_0.name,
        g1_0.rawg_id,
        g1_0.slug 
    from
        genre g1_0 
    where
        g1_0.name=?
2025-11-17 20:24:16.402 [http-nio-8080-exec-1] DEBUG org.hibernate.SQL - 
    select
        p1_0.id,
        p1_0.image_url,
        p1_0.name,
        p1_0.rawg_id,
        p1_0.slug 
    from
        platform p1_0 
    where
        p1_0.name=?
2025-11-17 20:24:16.590 [http-nio-8080-exec-1] DEBUG org.hibernate.SQL - 
    select
        p1_0.id,
        p1_0.image_url,
        p1_0.name,
        p1_0.rawg_id,
        p1_0.slug 
    from
        platform p1_0 
    where
        p1_0.name=?
2025-11-17 20:24:16.781 [http-nio-8080-exec-1] DEBUG org.hibernate.SQL - 
    select
        p1_0.id,
        p1_0.image_url,
        p1_0.name,
        p1_0.rawg_id,
        p1_0.slug 
    from
        platform p1_0 
    where
        p1_0.name=?
2025-11-17 20:24:16.969 [http-nio-8080-exec-1] DEBUG org.hibernate.SQL - 
    select
        p1_0.id,
        p1_0.image_url,
        p1_0.name,
        p1_0.rawg_id,
        p1_0.slug 
    from
        platform p1_0 
    where
        p1_0.name=?
2025-11-17 20:24:17.155 [http-nio-8080-exec-1] DEBUG org.hibernate.SQL - 
    select
        p1_0.id,
        p1_0.image_url,
        p1_0.name,
        p1_0.rawg_id,
        p1_0.slug 
    from
        platform p1_0 
    where
        p1_0.name=?
2025-11-17 20:24:17.342 [http-nio-8080-exec-1] DEBUG org.hibernate.SQL - 
    select
        p1_0.id,
        p1_0.image_url,
        p1_0.name,
        p1_0.rawg_id,
        p1_0.slug 
    from
        platform p1_0 
    where
        p1_0.name=?
2025-11-17 20:24:17.528 [http-nio-8080-exec-1] DEBUG org.hibernate.SQL - 
    insert 
    into
        platform
        (image_url, name, rawg_id, slug) 
    values
        (?, ?, ?, ?)
2025-11-17 20:24:17.717 [http-nio-8080-exec-1] DEBUG org.hibernate.SQL - 
    select
        p1_0.id,
        p1_0.image_url,
        p1_0.name,
        p1_0.rawg_id,
        p1_0.slug 
    from
        platform p1_0 
    where
        p1_0.name=?
2025-11-17 20:24:17.902 [http-nio-8080-exec-1] INFO  c.g.b.service.YoutubeTrailerService - =========================================================================
2025-11-17 20:24:17.902 [http-nio-8080-exec-1] INFO  c.g.b.service.YoutubeTrailerService - --- INICIO BÚSQUEDA DE TRÁILER PARA: 'Borderlands 2' ---
2025-11-17 20:24:17.903 [http-nio-8080-exec-1] INFO  c.g.b.service.YoutubeTrailerService - >>> INTENTO 1: Búsqueda genérica ('official trailer').
2025-11-17 20:24:17.903 [http-nio-8080-exec-1] INFO  c.g.b.service.YoutubeTrailerService - 1. TÉRMINOS DE BÚSQUEDA (JSoup): 'Borderlands 2 official trailer'
2025-11-17 20:24:17.903 [http-nio-8080-exec-1] INFO  c.g.b.service.YoutubeTrailerService - 2. URL DE PETICIÓN (JSoup): https://www.googleapis.com/youtube/v3/search?key=AIzaSyAMb9YSMsqB-rzRMC2vF1AmsVou15Eg_lU&part=id&q=Borderlands%202%20official%20trailer&type=video&maxResults=1&order=relevance
2025-11-17 20:24:18.346 [http-nio-8080-exec-1] INFO  c.g.b.service.YoutubeTrailerService - 3. RESPUESTA JSON (JSoup): {
  "kind": "youtube#searchListResponse",
  "etag": "d6shp1GkvQZwmO7UnxkJ_zJap9g",
  "nextPageToken": "CAEQAA",
  "regionCode": "ES",
  "pageInfo": {
    "totalResults": 1000000,
    "resultsPerPage": 1
  },
  "items": [
    {
      "kind": "youtube#searchResult",
      "etag": "_8tVAgXjs2gBaCjH6j0PUTyWAXE",
      "id": {
        "kind": "youtube#video",
        "videoId": "kKVf5feSMEg"
      }
    }
  ]
}

2025-11-17 20:24:18.346 [http-nio-8080-exec-1] INFO  c.g.b.service.YoutubeTrailerService - 4. EXTRACCIÓN EXITOSA (JSoup): 'videoId' encontrado: 'kKVf5feSMEg'
2025-11-17 20:24:18.346 [http-nio-8080-exec-1] INFO  c.g.b.service.YoutubeTrailerService - --- FIN BÚSQUEDA: ÉXITO en el primer intento. ---
2025-11-17 20:24:18.347 [http-nio-8080-exec-1] DEBUG org.hibernate.SQL - 
    insert 
    into
        game
        (background_url, created_at, description, metacritic, name, rating, rawg_id, release_date, slug, updated_at, website, youtube_url) 
    values
        (?, ?, ?, ?, ?, ?, ?, ?, ?, ?, ?, ?)
2025-11-17 20:24:18.539 [http-nio-8080-exec-1] DEBUG org.hibernate.SQL - 
    select
        g1_0.id 
    from
        game g1_0 
    where
        g1_0.rawg_id=? 
    limit
        ?
2025-11-17 20:24:18.822 [http-nio-8080-exec-1] DEBUG org.hibernate.SQL - 
    select
        g1_0.id,
        g1_0.image_url,
        g1_0.name,
        g1_0.rawg_id,
        g1_0.slug 
    from
        genre g1_0 
    where
        g1_0.name=?
2025-11-17 20:24:19.007 [http-nio-8080-exec-1] DEBUG org.hibernate.SQL - 
    insert 
    into
        genre
        (image_url, name, rawg_id, slug) 
    values
        (?, ?, ?, ?)
2025-11-17 20:24:19.196 [http-nio-8080-exec-1] DEBUG org.hibernate.SQL - 
    select
        p1_0.id,
        p1_0.image_url,
        p1_0.name,
        p1_0.rawg_id,
        p1_0.slug 
    from
        platform p1_0 
    where
        p1_0.name=?
2025-11-17 20:24:19.380 [http-nio-8080-exec-1] DEBUG org.hibernate.SQL - 
    insert 
    into
        platform
        (image_url, name, rawg_id, slug) 
    values
        (?, ?, ?, ?)
2025-11-17 20:24:19.565 [http-nio-8080-exec-1] DEBUG org.hibernate.SQL - 
    select
        p1_0.id,
        p1_0.image_url,
        p1_0.name,
        p1_0.rawg_id,
        p1_0.slug 
    from
        platform p1_0 
    where
        p1_0.name=?
2025-11-17 20:24:19.753 [http-nio-8080-exec-1] DEBUG org.hibernate.SQL - 
    select
        p1_0.id,
        p1_0.image_url,
        p1_0.name,
        p1_0.rawg_id,
        p1_0.slug 
    from
        platform p1_0 
    where
        p1_0.name=?
2025-11-17 20:24:19.939 [http-nio-8080-exec-1] DEBUG org.hibernate.SQL - 
    select
        p1_0.id,
        p1_0.image_url,
        p1_0.name,
        p1_0.rawg_id,
        p1_0.slug 
    from
        platform p1_0 
    where
        p1_0.name=?
2025-11-17 20:24:20.130 [http-nio-8080-exec-1] DEBUG org.hibernate.SQL - 
    select
        p1_0.id,
        p1_0.image_url,
        p1_0.name,
        p1_0.rawg_id,
        p1_0.slug 
    from
        platform p1_0 
    where
        p1_0.name=?
2025-11-17 20:24:20.318 [http-nio-8080-exec-1] DEBUG org.hibernate.SQL - 
    select
        p1_0.id,
        p1_0.image_url,
        p1_0.name,
        p1_0.rawg_id,
        p1_0.slug 
    from
        platform p1_0 
    where
        p1_0.name=?
2025-11-17 20:24:20.504 [http-nio-8080-exec-1] DEBUG org.hibernate.SQL - 
    select
        p1_0.id,
        p1_0.image_url,
        p1_0.name,
        p1_0.rawg_id,
        p1_0.slug 
    from
        platform p1_0 
    where
        p1_0.name=?
2025-11-17 20:24:20.695 [http-nio-8080-exec-1] DEBUG org.hibernate.SQL - 
    select
        p1_0.id,
        p1_0.image_url,
        p1_0.name,
        p1_0.rawg_id,
        p1_0.slug 
    from
        platform p1_0 
    where
        p1_0.name=?
2025-11-17 20:24:20.884 [http-nio-8080-exec-1] DEBUG org.hibernate.SQL - 
    select
        p1_0.id,
        p1_0.image_url,
        p1_0.name,
        p1_0.rawg_id,
        p1_0.slug 
    from
        platform p1_0 
    where
        p1_0.name=?
2025-11-17 20:24:21.068 [http-nio-8080-exec-1] INFO  c.g.b.service.YoutubeTrailerService - =========================================================================
2025-11-17 20:24:21.069 [http-nio-8080-exec-1] INFO  c.g.b.service.YoutubeTrailerService - --- INICIO BÚSQUEDA DE TRÁILER PARA: 'Life is Strange' ---
2025-11-17 20:24:21.069 [http-nio-8080-exec-1] INFO  c.g.b.service.YoutubeTrailerService - >>> INTENTO 1: Búsqueda genérica ('official trailer').
2025-11-17 20:24:21.069 [http-nio-8080-exec-1] INFO  c.g.b.service.YoutubeTrailerService - 1. TÉRMINOS DE BÚSQUEDA (JSoup): 'Life is Strange official trailer'
2025-11-17 20:24:21.069 [http-nio-8080-exec-1] INFO  c.g.b.service.YoutubeTrailerService - 2. URL DE PETICIÓN (JSoup): https://www.googleapis.com/youtube/v3/search?key=AIzaSyAMb9YSMsqB-rzRMC2vF1AmsVou15Eg_lU&part=id&q=Life%20is%20Strange%20official%20trailer&type=video&maxResults=1&order=relevance
2025-11-17 20:24:21.535 [http-nio-8080-exec-1] INFO  c.g.b.service.YoutubeTrailerService - 3. RESPUESTA JSON (JSoup): {
  "kind": "youtube#searchListResponse",
  "etag": "J8iw2H3hjvjGM2cEoBZc4-JIqpE",
  "nextPageToken": "CAEQAA",
  "regionCode": "ES",
  "pageInfo": {
    "totalResults": 1000000,
    "resultsPerPage": 1
  },
  "items": [
    {
      "kind": "youtube#searchResult",
      "etag": "Og5jMp44HswXVnb0bDR7bo_187w",
      "id": {
        "kind": "youtube#video",
        "videoId": "mpRhaXfvG_0"
      }
    }
  ]
}

2025-11-17 20:24:21.536 [http-nio-8080-exec-1] INFO  c.g.b.service.YoutubeTrailerService - 4. EXTRACCIÓN EXITOSA (JSoup): 'videoId' encontrado: 'mpRhaXfvG_0'
2025-11-17 20:24:21.536 [http-nio-8080-exec-1] INFO  c.g.b.service.YoutubeTrailerService - --- FIN BÚSQUEDA: ÉXITO en el primer intento. ---
2025-11-17 20:24:21.538 [http-nio-8080-exec-1] DEBUG org.hibernate.SQL - 
    insert 
    into
        game
        (background_url, created_at, description, metacritic, name, rating, rawg_id, release_date, slug, updated_at, website, youtube_url) 
    values
        (?, ?, ?, ?, ?, ?, ?, ?, ?, ?, ?, ?)
2025-11-17 20:24:21.726 [http-nio-8080-exec-1] DEBUG org.hibernate.SQL - 
    select
        g1_0.id 
    from
        game g1_0 
    where
        g1_0.rawg_id=? 
    limit
        ?
2025-11-17 20:24:21.979 [http-nio-8080-exec-1] DEBUG org.hibernate.SQL - 
    select
        g1_0.id,
        g1_0.image_url,
        g1_0.name,
        g1_0.rawg_id,
        g1_0.slug 
    from
        genre g1_0 
    where
        g1_0.name=?
2025-11-17 20:24:22.165 [http-nio-8080-exec-1] DEBUG org.hibernate.SQL - 
    select
        g1_0.id,
        g1_0.image_url,
        g1_0.name,
        g1_0.rawg_id,
        g1_0.slug 
    from
        genre g1_0 
    where
        g1_0.name=?
2025-11-17 20:24:22.354 [http-nio-8080-exec-1] DEBUG org.hibernate.SQL - 
    select
        p1_0.id,
        p1_0.image_url,
        p1_0.name,
        p1_0.rawg_id,
        p1_0.slug 
    from
        platform p1_0 
    where
        p1_0.name=?
2025-11-17 20:24:22.554 [http-nio-8080-exec-1] DEBUG org.hibernate.SQL - 
    select
        p1_0.id,
        p1_0.image_url,
        p1_0.name,
        p1_0.rawg_id,
        p1_0.slug 
    from
        platform p1_0 
    where
        p1_0.name=?
2025-11-17 20:24:22.747 [http-nio-8080-exec-1] DEBUG org.hibernate.SQL - 
    select
        p1_0.id,
        p1_0.image_url,
        p1_0.name,
        p1_0.rawg_id,
        p1_0.slug 
    from
        platform p1_0 
    where
        p1_0.name=?
2025-11-17 20:24:22.933 [http-nio-8080-exec-1] DEBUG org.hibernate.SQL - 
    select
        p1_0.id,
        p1_0.image_url,
        p1_0.name,
        p1_0.rawg_id,
        p1_0.slug 
    from
        platform p1_0 
    where
        p1_0.name=?
2025-11-17 20:24:23.129 [http-nio-8080-exec-1] INFO  c.g.b.service.YoutubeTrailerService - =========================================================================
2025-11-17 20:24:23.129 [http-nio-8080-exec-1] INFO  c.g.b.service.YoutubeTrailerService - --- INICIO BÚSQUEDA DE TRÁILER PARA: 'BioShock' ---
2025-11-17 20:24:23.129 [http-nio-8080-exec-1] INFO  c.g.b.service.YoutubeTrailerService - >>> INTENTO 1: Búsqueda genérica ('official trailer').
2025-11-17 20:24:23.129 [http-nio-8080-exec-1] INFO  c.g.b.service.YoutubeTrailerService - 1. TÉRMINOS DE BÚSQUEDA (JSoup): 'BioShock official trailer'
2025-11-17 20:24:23.130 [http-nio-8080-exec-1] INFO  c.g.b.service.YoutubeTrailerService - 2. URL DE PETICIÓN (JSoup): https://www.googleapis.com/youtube/v3/search?key=AIzaSyAMb9YSMsqB-rzRMC2vF1AmsVou15Eg_lU&part=id&q=BioShock%20official%20trailer&type=video&maxResults=1&order=relevance
2025-11-17 20:24:23.582 [http-nio-8080-exec-1] INFO  c.g.b.service.YoutubeTrailerService - 3. RESPUESTA JSON (JSoup): {
  "kind": "youtube#searchListResponse",
  "etag": "Y7TEp95NMlj0qnzHEGehlnTzC4I",
  "nextPageToken": "CAEQAA",
  "regionCode": "ES",
  "pageInfo": {
    "totalResults": 1000000,
    "resultsPerPage": 1
  },
  "items": [
    {
      "kind": "youtube#searchResult",
      "etag": "wZrGstpD-CNTrPmAXpL7_CuQ0xM",
      "id": {
        "kind": "youtube#video",
        "videoId": "rrqfPG4ZcAA"
      }
    }
  ]
}

2025-11-17 20:24:23.583 [http-nio-8080-exec-1] INFO  c.g.b.service.YoutubeTrailerService - 4. EXTRACCIÓN EXITOSA (JSoup): 'videoId' encontrado: 'rrqfPG4ZcAA'
2025-11-17 20:24:23.583 [http-nio-8080-exec-1] INFO  c.g.b.service.YoutubeTrailerService - --- FIN BÚSQUEDA: ÉXITO en el primer intento. ---
2025-11-17 20:24:23.585 [http-nio-8080-exec-1] DEBUG org.hibernate.SQL - 
    insert 
    into
        game
        (background_url, created_at, description, metacritic, name, rating, rawg_id, release_date, slug, updated_at, website, youtube_url) 
    values
        (?, ?, ?, ?, ?, ?, ?, ?, ?, ?, ?, ?)
2025-11-17 20:24:23.777 [http-nio-8080-exec-1] DEBUG org.hibernate.SQL - 
    select
        g1_0.id 
    from
        game g1_0 
    where
        g1_0.rawg_id=? 
    limit
        ?
2025-11-17 20:24:24.034 [http-nio-8080-exec-1] DEBUG org.hibernate.SQL - 
    select
        g1_0.id,
        g1_0.image_url,
        g1_0.name,
        g1_0.rawg_id,
        g1_0.slug 
    from
        genre g1_0 
    where
        g1_0.name=?
2025-11-17 20:24:24.224 [http-nio-8080-exec-1] DEBUG org.hibernate.SQL - 
    select
        g1_0.id,
        g1_0.image_url,
        g1_0.name,
        g1_0.rawg_id,
        g1_0.slug 
    from
        genre g1_0 
    where
        g1_0.name=?
2025-11-17 20:24:24.415 [http-nio-8080-exec-1] DEBUG org.hibernate.SQL - 
    select
        p1_0.id,
        p1_0.image_url,
        p1_0.name,
        p1_0.rawg_id,
        p1_0.slug 
    from
        platform p1_0 
    where
        p1_0.name=?
2025-11-17 20:24:24.606 [http-nio-8080-exec-1] DEBUG org.hibernate.SQL - 
    select
        p1_0.id,
        p1_0.image_url,
        p1_0.name,
        p1_0.rawg_id,
        p1_0.slug 
    from
        platform p1_0 
    where
        p1_0.name=?
2025-11-17 20:24:24.797 [http-nio-8080-exec-1] DEBUG org.hibernate.SQL - 
    select
        p1_0.id,
        p1_0.image_url,
        p1_0.name,
        p1_0.rawg_id,
        p1_0.slug 
    from
        platform p1_0 
    where
        p1_0.name=?
2025-11-17 20:24:24.982 [http-nio-8080-exec-1] DEBUG org.hibernate.SQL - 
    select
        p1_0.id,
        p1_0.image_url,
        p1_0.name,
        p1_0.rawg_id,
        p1_0.slug 
    from
        platform p1_0 
    where
        p1_0.name=?
2025-11-17 20:24:25.166 [http-nio-8080-exec-1] DEBUG org.hibernate.SQL - 
    insert 
    into
        platform
        (image_url, name, rawg_id, slug) 
    values
        (?, ?, ?, ?)
2025-11-17 20:24:25.353 [http-nio-8080-exec-1] DEBUG org.hibernate.SQL - 
    select
        p1_0.id,
        p1_0.image_url,
        p1_0.name,
        p1_0.rawg_id,
        p1_0.slug 
    from
        platform p1_0 
    where
        p1_0.name=?
2025-11-17 20:24:25.539 [http-nio-8080-exec-1] DEBUG org.hibernate.SQL - 
    select
        p1_0.id,
        p1_0.image_url,
        p1_0.name,
        p1_0.rawg_id,
        p1_0.slug 
    from
        platform p1_0 
    where
        p1_0.name=?
2025-11-17 20:24:25.724 [http-nio-8080-exec-1] INFO  c.g.b.service.YoutubeTrailerService - =========================================================================
2025-11-17 20:24:25.725 [http-nio-8080-exec-1] INFO  c.g.b.service.YoutubeTrailerService - --- INICIO BÚSQUEDA DE TRÁILER PARA: 'Destiny 2' ---
2025-11-17 20:24:25.725 [http-nio-8080-exec-1] INFO  c.g.b.service.YoutubeTrailerService - >>> INTENTO 1: Búsqueda genérica ('official trailer').
2025-11-17 20:24:25.725 [http-nio-8080-exec-1] INFO  c.g.b.service.YoutubeTrailerService - 1. TÉRMINOS DE BÚSQUEDA (JSoup): 'Destiny 2 official trailer'
2025-11-17 20:24:25.726 [http-nio-8080-exec-1] INFO  c.g.b.service.YoutubeTrailerService - 2. URL DE PETICIÓN (JSoup): https://www.googleapis.com/youtube/v3/search?key=AIzaSyAMb9YSMsqB-rzRMC2vF1AmsVou15Eg_lU&part=id&q=Destiny%202%20official%20trailer&type=video&maxResults=1&order=relevance
2025-11-17 20:24:26.139 [http-nio-8080-exec-1] INFO  c.g.b.service.YoutubeTrailerService - 3. RESPUESTA JSON (JSoup): {
  "kind": "youtube#searchListResponse",
  "etag": "LnX396eBvwy1YlYI2sYu7dDVzv4",
  "nextPageToken": "CAEQAA",
  "regionCode": "ES",
  "pageInfo": {
    "totalResults": 1000000,
    "resultsPerPage": 1
  },
  "items": [
    {
      "kind": "youtube#searchResult",
      "etag": "UJJVdHNtvPQxaokS8EMdmfTrRi4",
      "id": {
        "kind": "youtube#video",
        "videoId": "hdWkpbPTpmE"
      }
    }
  ]
}

2025-11-17 20:24:26.140 [http-nio-8080-exec-1] INFO  c.g.b.service.YoutubeTrailerService - 4. EXTRACCIÓN EXITOSA (JSoup): 'videoId' encontrado: 'hdWkpbPTpmE'
2025-11-17 20:24:26.140 [http-nio-8080-exec-1] INFO  c.g.b.service.YoutubeTrailerService - --- FIN BÚSQUEDA: ÉXITO en el primer intento. ---
2025-11-17 20:24:26.142 [http-nio-8080-exec-1] DEBUG org.hibernate.SQL - 
    insert 
    into
        game
        (background_url, created_at, description, metacritic, name, rating, rawg_id, release_date, slug, updated_at, website, youtube_url) 
    values
        (?, ?, ?, ?, ?, ?, ?, ?, ?, ?, ?, ?)
2025-11-17 20:24:26.333 [http-nio-8080-exec-1] DEBUG org.hibernate.SQL - 
    select
        g1_0.id 
    from
        game g1_0 
    where
        g1_0.rawg_id=? 
    limit
        ?
2025-11-17 20:24:26.696 [http-nio-8080-exec-1] DEBUG org.hibernate.SQL - 
    select
        g1_0.id,
        g1_0.image_url,
        g1_0.name,
        g1_0.rawg_id,
        g1_0.slug 
    from
        genre g1_0 
    where
        g1_0.name=?
2025-11-17 20:24:26.884 [http-nio-8080-exec-1] DEBUG org.hibernate.SQL - 
    select
        p1_0.id,
        p1_0.image_url,
        p1_0.name,
        p1_0.rawg_id,
        p1_0.slug 
    from
        platform p1_0 
    where
        p1_0.name=?
2025-11-17 20:24:27.072 [http-nio-8080-exec-1] DEBUG org.hibernate.SQL - 
    select
        p1_0.id,
        p1_0.image_url,
        p1_0.name,
        p1_0.rawg_id,
        p1_0.slug 
    from
        platform p1_0 
    where
        p1_0.name=?
2025-11-17 20:24:27.257 [http-nio-8080-exec-1] INFO  c.g.b.service.YoutubeTrailerService - =========================================================================
2025-11-17 20:24:27.257 [http-nio-8080-exec-1] INFO  c.g.b.service.YoutubeTrailerService - --- INICIO BÚSQUEDA DE TRÁILER PARA: 'God of War (2018)' ---
2025-11-17 20:24:27.257 [http-nio-8080-exec-1] INFO  c.g.b.service.YoutubeTrailerService - >>> INTENTO 1: Búsqueda genérica ('official trailer').
2025-11-17 20:24:27.257 [http-nio-8080-exec-1] INFO  c.g.b.service.YoutubeTrailerService - 1. TÉRMINOS DE BÚSQUEDA (JSoup): 'God of War (2018) official trailer'
2025-11-17 20:24:27.258 [http-nio-8080-exec-1] INFO  c.g.b.service.YoutubeTrailerService - 2. URL DE PETICIÓN (JSoup): https://www.googleapis.com/youtube/v3/search?key=AIzaSyAMb9YSMsqB-rzRMC2vF1AmsVou15Eg_lU&part=id&q=God%20of%20War%20(2018)%20official%20trailer&type=video&maxResults=1&order=relevance
2025-11-17 20:24:27.665 [http-nio-8080-exec-1] INFO  c.g.b.service.YoutubeTrailerService - 3. RESPUESTA JSON (JSoup): {
  "kind": "youtube#searchListResponse",
  "etag": "TIccdViJGDy5KdV2F-znrLsk3A0",
  "nextPageToken": "CAEQAA",
  "regionCode": "ES",
  "pageInfo": {
    "totalResults": 1000000,
    "resultsPerPage": 1
  },
  "items": [
    {
      "kind": "youtube#searchResult",
      "etag": "Q7SBN-lN-g8SLdz7ovzg7jo_sI4",
      "id": {
        "kind": "youtube#video",
        "videoId": "K0u_kAWLJOA"
      }
    }
  ]
}

2025-11-17 20:24:27.667 [http-nio-8080-exec-1] INFO  c.g.b.service.YoutubeTrailerService - 4. EXTRACCIÓN EXITOSA (JSoup): 'videoId' encontrado: 'K0u_kAWLJOA'
2025-11-17 20:24:27.667 [http-nio-8080-exec-1] INFO  c.g.b.service.YoutubeTrailerService - --- FIN BÚSQUEDA: ÉXITO en el primer intento. ---
2025-11-17 20:24:27.669 [http-nio-8080-exec-1] DEBUG org.hibernate.SQL - 
    insert 
    into
        game
        (background_url, created_at, description, metacritic, name, rating, rawg_id, release_date, slug, updated_at, website, youtube_url) 
    values
        (?, ?, ?, ?, ?, ?, ?, ?, ?, ?, ?, ?)
2025-11-17 20:24:27.857 [http-nio-8080-exec-1] DEBUG org.hibernate.SQL - 
    select
        g1_0.id 
    from
        game g1_0 
    where
        g1_0.rawg_id=? 
    limit
        ?
2025-11-17 20:24:28.137 [http-nio-8080-exec-1] DEBUG org.hibernate.SQL - 
    select
        g1_0.id,
        g1_0.image_url,
        g1_0.name,
        g1_0.rawg_id,
        g1_0.slug 
    from
        genre g1_0 
    where
        g1_0.name=?
2025-11-17 20:24:28.324 [http-nio-8080-exec-1] DEBUG org.hibernate.SQL - 
    select
        g1_0.id,
        g1_0.image_url,
        g1_0.name,
        g1_0.rawg_id,
        g1_0.slug 
    from
        genre g1_0 
    where
        g1_0.name=?
2025-11-17 20:24:28.512 [http-nio-8080-exec-1] DEBUG org.hibernate.SQL - 
    select
        p1_0.id,
        p1_0.image_url,
        p1_0.name,
        p1_0.rawg_id,
        p1_0.slug 
    from
        platform p1_0 
    where
        p1_0.name=?
2025-11-17 20:24:28.706 [http-nio-8080-exec-1] DEBUG org.hibernate.SQL - 
    select
        p1_0.id,
        p1_0.image_url,
        p1_0.name,
        p1_0.rawg_id,
        p1_0.slug 
    from
        platform p1_0 
    where
        p1_0.name=?
2025-11-17 20:24:28.891 [http-nio-8080-exec-1] DEBUG org.hibernate.SQL - 
    select
        p1_0.id,
        p1_0.image_url,
        p1_0.name,
        p1_0.rawg_id,
        p1_0.slug 
    from
        platform p1_0 
    where
        p1_0.name=?
2025-11-17 20:24:29.078 [http-nio-8080-exec-1] DEBUG org.hibernate.SQL - 
    select
        p1_0.id,
        p1_0.image_url,
        p1_0.name,
        p1_0.rawg_id,
        p1_0.slug 
    from
        platform p1_0 
    where
        p1_0.name=?
2025-11-17 20:24:29.263 [http-nio-8080-exec-1] INFO  c.g.b.service.YoutubeTrailerService - =========================================================================
2025-11-17 20:24:29.263 [http-nio-8080-exec-1] INFO  c.g.b.service.YoutubeTrailerService - --- INICIO BÚSQUEDA DE TRÁILER PARA: 'Fallout 4' ---
2025-11-17 20:24:29.263 [http-nio-8080-exec-1] INFO  c.g.b.service.YoutubeTrailerService - >>> INTENTO 1: Búsqueda genérica ('official trailer').
2025-11-17 20:24:29.263 [http-nio-8080-exec-1] INFO  c.g.b.service.YoutubeTrailerService - 1. TÉRMINOS DE BÚSQUEDA (JSoup): 'Fallout 4 official trailer'
2025-11-17 20:24:29.263 [http-nio-8080-exec-1] INFO  c.g.b.service.YoutubeTrailerService - 2. URL DE PETICIÓN (JSoup): https://www.googleapis.com/youtube/v3/search?key=AIzaSyAMb9YSMsqB-rzRMC2vF1AmsVou15Eg_lU&part=id&q=Fallout%204%20official%20trailer&type=video&maxResults=1&order=relevance
2025-11-17 20:24:29.668 [http-nio-8080-exec-1] INFO  c.g.b.service.YoutubeTrailerService - 3. RESPUESTA JSON (JSoup): {
  "kind": "youtube#searchListResponse",
  "etag": "_tlp0MwtbgBgVkBI_xiunOrIlE8",
  "nextPageToken": "CAEQAA",
  "regionCode": "ES",
  "pageInfo": {
    "totalResults": 1000000,
    "resultsPerPage": 1
  },
  "items": [
    {
      "kind": "youtube#searchResult",
      "etag": "dBf5JYfjHesuetmF2kxV7FqcnGk",
      "id": {
        "kind": "youtube#video",
        "videoId": "X5aJfebzkrM"
      }
    }
  ]
}

2025-11-17 20:24:29.669 [http-nio-8080-exec-1] INFO  c.g.b.service.YoutubeTrailerService - 4. EXTRACCIÓN EXITOSA (JSoup): 'videoId' encontrado: 'X5aJfebzkrM'
2025-11-17 20:24:29.669 [http-nio-8080-exec-1] INFO  c.g.b.service.YoutubeTrailerService - --- FIN BÚSQUEDA: ÉXITO en el primer intento. ---
2025-11-17 20:24:29.670 [http-nio-8080-exec-1] DEBUG org.hibernate.SQL - 
    insert 
    into
        game
        (background_url, created_at, description, metacritic, name, rating, rawg_id, release_date, slug, updated_at, website, youtube_url) 
    values
        (?, ?, ?, ?, ?, ?, ?, ?, ?, ?, ?, ?)
2025-11-17 20:24:29.859 [http-nio-8080-exec-1] DEBUG org.hibernate.SQL - 
    select
        g1_0.id 
    from
        game g1_0 
    where
        g1_0.rawg_id=? 
    limit
        ?
2025-11-17 20:24:30.122 [http-nio-8080-exec-1] DEBUG org.hibernate.SQL - 
    select
        g1_0.id,
        g1_0.image_url,
        g1_0.name,
        g1_0.rawg_id,
        g1_0.slug 
    from
        genre g1_0 
    where
        g1_0.name=?
2025-11-17 20:24:30.308 [http-nio-8080-exec-1] DEBUG org.hibernate.SQL - 
    select
        g1_0.id,
        g1_0.image_url,
        g1_0.name,
        g1_0.rawg_id,
        g1_0.slug 
    from
        genre g1_0 
    where
        g1_0.name=?
2025-11-17 20:24:30.496 [http-nio-8080-exec-1] DEBUG org.hibernate.SQL - 
    select
        p1_0.id,
        p1_0.image_url,
        p1_0.name,
        p1_0.rawg_id,
        p1_0.slug 
    from
        platform p1_0 
    where
        p1_0.name=?
2025-11-17 20:24:30.687 [http-nio-8080-exec-1] DEBUG org.hibernate.SQL - 
    select
        p1_0.id,
        p1_0.image_url,
        p1_0.name,
        p1_0.rawg_id,
        p1_0.slug 
    from
        platform p1_0 
    where
        p1_0.name=?
2025-11-17 20:24:30.876 [http-nio-8080-exec-1] DEBUG org.hibernate.SQL - 
    select
        p1_0.id,
        p1_0.image_url,
        p1_0.name,
        p1_0.rawg_id,
        p1_0.slug 
    from
        platform p1_0 
    where
        p1_0.name=?
2025-11-17 20:24:31.062 [http-nio-8080-exec-1] INFO  c.g.b.service.YoutubeTrailerService - =========================================================================
2025-11-17 20:24:31.062 [http-nio-8080-exec-1] INFO  c.g.b.service.YoutubeTrailerService - --- INICIO BÚSQUEDA DE TRÁILER PARA: 'PAYDAY 2' ---
2025-11-17 20:24:31.062 [http-nio-8080-exec-1] INFO  c.g.b.service.YoutubeTrailerService - >>> INTENTO 1: Búsqueda genérica ('official trailer').
2025-11-17 20:24:31.062 [http-nio-8080-exec-1] INFO  c.g.b.service.YoutubeTrailerService - 1. TÉRMINOS DE BÚSQUEDA (JSoup): 'PAYDAY 2 official trailer'
2025-11-17 20:24:31.063 [http-nio-8080-exec-1] INFO  c.g.b.service.YoutubeTrailerService - 2. URL DE PETICIÓN (JSoup): https://www.googleapis.com/youtube/v3/search?key=AIzaSyAMb9YSMsqB-rzRMC2vF1AmsVou15Eg_lU&part=id&q=PAYDAY%202%20official%20trailer&type=video&maxResults=1&order=relevance
2025-11-17 20:24:31.490 [http-nio-8080-exec-1] INFO  c.g.b.service.YoutubeTrailerService - 3. RESPUESTA JSON (JSoup): {
  "kind": "youtube#searchListResponse",
  "etag": "ZSWv57aa5TTHkcuWU1D2EZ-jWcw",
  "nextPageToken": "CAEQAA",
  "regionCode": "ES",
  "pageInfo": {
    "totalResults": 1000000,
    "resultsPerPage": 1
  },
  "items": [
    {
      "kind": "youtube#searchResult",
      "etag": "ykXWPbFECUxL7FD8TfRxCR9gkZ0",
      "id": {
        "kind": "youtube#video",
        "videoId": "Z2tmHMIA1sU"
      }
    }
  ]
}

2025-11-17 20:24:31.492 [http-nio-8080-exec-1] INFO  c.g.b.service.YoutubeTrailerService - 4. EXTRACCIÓN EXITOSA (JSoup): 'videoId' encontrado: 'Z2tmHMIA1sU'
2025-11-17 20:24:31.492 [http-nio-8080-exec-1] INFO  c.g.b.service.YoutubeTrailerService - --- FIN BÚSQUEDA: ÉXITO en el primer intento. ---
2025-11-17 20:24:31.494 [http-nio-8080-exec-1] DEBUG org.hibernate.SQL - 
    insert 
    into
        game
        (background_url, created_at, description, metacritic, name, rating, rawg_id, release_date, slug, updated_at, website, youtube_url) 
    values
        (?, ?, ?, ?, ?, ?, ?, ?, ?, ?, ?, ?)
2025-11-17 20:24:31.690 [http-nio-8080-exec-1] DEBUG org.hibernate.SQL - 
    select
        g1_0.id 
    from
        game g1_0 
    where
        g1_0.rawg_id=? 
    limit
        ?
2025-11-17 20:24:31.944 [http-nio-8080-exec-1] DEBUG org.hibernate.SQL - 
    select
        g1_0.id,
        g1_0.image_url,
        g1_0.name,
        g1_0.rawg_id,
        g1_0.slug 
    from
        genre g1_0 
    where
        g1_0.name=?
2025-11-17 20:24:32.132 [http-nio-8080-exec-1] DEBUG org.hibernate.SQL - 
    select
        g1_0.id,
        g1_0.image_url,
        g1_0.name,
        g1_0.rawg_id,
        g1_0.slug 
    from
        genre g1_0 
    where
        g1_0.name=?
2025-11-17 20:24:32.318 [http-nio-8080-exec-1] DEBUG org.hibernate.SQL - 
    select
        g1_0.id,
        g1_0.image_url,
        g1_0.name,
        g1_0.rawg_id,
        g1_0.slug 
    from
        genre g1_0 
    where
        g1_0.name=?
2025-11-17 20:24:32.503 [http-nio-8080-exec-1] DEBUG org.hibernate.SQL - 
    insert 
    into
        genre
        (image_url, name, rawg_id, slug) 
    values
        (?, ?, ?, ?)
2025-11-17 20:24:32.688 [http-nio-8080-exec-1] DEBUG org.hibernate.SQL - 
    select
        g1_0.id,
        g1_0.image_url,
        g1_0.name,
        g1_0.rawg_id,
        g1_0.slug 
    from
        genre g1_0 
    where
        g1_0.name=?
2025-11-17 20:24:32.875 [http-nio-8080-exec-1] DEBUG org.hibernate.SQL - 
    select
        g1_0.id,
        g1_0.image_url,
        g1_0.name,
        g1_0.rawg_id,
        g1_0.slug 
    from
        genre g1_0 
    where
        g1_0.name=?
2025-11-17 20:24:33.059 [http-nio-8080-exec-1] DEBUG org.hibernate.SQL - 
    insert 
    into
        genre
        (image_url, name, rawg_id, slug) 
    values
        (?, ?, ?, ?)
2025-11-17 20:24:33.245 [http-nio-8080-exec-1] DEBUG org.hibernate.SQL - 
    select
        p1_0.id,
        p1_0.image_url,
        p1_0.name,
        p1_0.rawg_id,
        p1_0.slug 
    from
        platform p1_0 
    where
        p1_0.name=?
2025-11-17 20:24:33.431 [http-nio-8080-exec-1] DEBUG org.hibernate.SQL - 
    select
        p1_0.id,
        p1_0.image_url,
        p1_0.name,
        p1_0.rawg_id,
        p1_0.slug 
    from
        platform p1_0 
    where
        p1_0.name=?
2025-11-17 20:24:33.616 [http-nio-8080-exec-1] DEBUG org.hibernate.SQL - 
    select
        p1_0.id,
        p1_0.image_url,
        p1_0.name,
        p1_0.rawg_id,
        p1_0.slug 
    from
        platform p1_0 
    where
        p1_0.name=?
2025-11-17 20:24:33.811 [http-nio-8080-exec-1] DEBUG org.hibernate.SQL - 
    select
        p1_0.id,
        p1_0.image_url,
        p1_0.name,
        p1_0.rawg_id,
        p1_0.slug 
    from
        platform p1_0 
    where
        p1_0.name=?
2025-11-17 20:24:33.999 [http-nio-8080-exec-1] DEBUG org.hibernate.SQL - 
    select
        p1_0.id,
        p1_0.image_url,
        p1_0.name,
        p1_0.rawg_id,
        p1_0.slug 
    from
        platform p1_0 
    where
        p1_0.name=?
2025-11-17 20:24:34.188 [http-nio-8080-exec-1] DEBUG org.hibernate.SQL - 
    select
        p1_0.id,
        p1_0.image_url,
        p1_0.name,
        p1_0.rawg_id,
        p1_0.slug 
    from
        platform p1_0 
    where
        p1_0.name=?
2025-11-17 20:24:34.377 [http-nio-8080-exec-1] DEBUG org.hibernate.SQL - 
    select
        p1_0.id,
        p1_0.image_url,
        p1_0.name,
        p1_0.rawg_id,
        p1_0.slug 
    from
        platform p1_0 
    where
        p1_0.name=?
2025-11-17 20:24:34.561 [http-nio-8080-exec-1] DEBUG org.hibernate.SQL - 
    select
        p1_0.id,
        p1_0.image_url,
        p1_0.name,
        p1_0.rawg_id,
        p1_0.slug 
    from
        platform p1_0 
    where
        p1_0.name=?
2025-11-17 20:24:34.747 [http-nio-8080-exec-1] DEBUG org.hibernate.SQL - 
    select
        p1_0.id,
        p1_0.image_url,
        p1_0.name,
        p1_0.rawg_id,
        p1_0.slug 
    from
        platform p1_0 
    where
        p1_0.name=?
2025-11-17 20:24:34.934 [http-nio-8080-exec-1] DEBUG org.hibernate.SQL - 
    select
        p1_0.id,
        p1_0.image_url,
        p1_0.name,
        p1_0.rawg_id,
        p1_0.slug 
    from
        platform p1_0 
    where
        p1_0.name=?
2025-11-17 20:24:35.129 [http-nio-8080-exec-1] DEBUG org.hibernate.SQL - 
    select
        p1_0.id,
        p1_0.image_url,
        p1_0.name,
        p1_0.rawg_id,
        p1_0.slug 
    from
        platform p1_0 
    where
        p1_0.name=?
2025-11-17 20:24:35.312 [http-nio-8080-exec-1] INFO  c.g.b.service.YoutubeTrailerService - =========================================================================
2025-11-17 20:24:35.313 [http-nio-8080-exec-1] INFO  c.g.b.service.YoutubeTrailerService - --- INICIO BÚSQUEDA DE TRÁILER PARA: 'Limbo' ---
2025-11-17 20:24:35.313 [http-nio-8080-exec-1] INFO  c.g.b.service.YoutubeTrailerService - >>> INTENTO 1: Búsqueda genérica ('official trailer').
2025-11-17 20:24:35.313 [http-nio-8080-exec-1] INFO  c.g.b.service.YoutubeTrailerService - 1. TÉRMINOS DE BÚSQUEDA (JSoup): 'Limbo official trailer'
2025-11-17 20:24:35.314 [http-nio-8080-exec-1] INFO  c.g.b.service.YoutubeTrailerService - 2. URL DE PETICIÓN (JSoup): https://www.googleapis.com/youtube/v3/search?key=AIzaSyAMb9YSMsqB-rzRMC2vF1AmsVou15Eg_lU&part=id&q=Limbo%20official%20trailer&type=video&maxResults=1&order=relevance
2025-11-17 20:24:35.723 [http-nio-8080-exec-1] INFO  c.g.b.service.YoutubeTrailerService - 3. RESPUESTA JSON (JSoup): {
  "kind": "youtube#searchListResponse",
  "etag": "26LZlLyugDMmNJX7pYhOd8Fqc6A",
  "nextPageToken": "CAEQAA",
  "regionCode": "ES",
  "pageInfo": {
    "totalResults": 1000000,
    "resultsPerPage": 1
  },
  "items": [
    {
      "kind": "youtube#searchResult",
      "etag": "3hTd4BGnqxEQ1CPkfGXPtZXHXQg",
      "id": {
        "kind": "youtube#video",
        "videoId": "-UgQxOmBNSM"
      }
    }
  ]
}

2025-11-17 20:24:35.724 [http-nio-8080-exec-1] INFO  c.g.b.service.YoutubeTrailerService - 4. EXTRACCIÓN EXITOSA (JSoup): 'videoId' encontrado: '-UgQxOmBNSM'
2025-11-17 20:24:35.724 [http-nio-8080-exec-1] INFO  c.g.b.service.YoutubeTrailerService - --- FIN BÚSQUEDA: ÉXITO en el primer intento. ---
2025-11-17 20:24:35.726 [http-nio-8080-exec-1] DEBUG org.hibernate.SQL - 
    insert 
    into
        game
        (background_url, created_at, description, metacritic, name, rating, rawg_id, release_date, slug, updated_at, website, youtube_url) 
    values
        (?, ?, ?, ?, ?, ?, ?, ?, ?, ?, ?, ?)
2025-11-17 20:24:35.916 [http-nio-8080-exec-1] DEBUG org.hibernate.SQL - 
    select
        g1_0.id 
    from
        game g1_0 
    where
        g1_0.rawg_id=? 
    limit
        ?
2025-11-17 20:24:37.444 [http-nio-8080-exec-1] DEBUG org.hibernate.SQL - 
    select
        g1_0.id,
        g1_0.image_url,
        g1_0.name,
        g1_0.rawg_id,
        g1_0.slug 
    from
        genre g1_0 
    where
        g1_0.name=?
2025-11-17 20:24:37.631 [http-nio-8080-exec-1] DEBUG org.hibernate.SQL - 
    select
        g1_0.id,
        g1_0.image_url,
        g1_0.name,
        g1_0.rawg_id,
        g1_0.slug 
    from
        genre g1_0 
    where
        g1_0.name=?
2025-11-17 20:24:37.820 [http-nio-8080-exec-1] DEBUG org.hibernate.SQL - 
    select
        p1_0.id,
        p1_0.image_url,
        p1_0.name,
        p1_0.rawg_id,
        p1_0.slug 
    from
        platform p1_0 
    where
        p1_0.name=?
2025-11-17 20:24:38.008 [http-nio-8080-exec-1] DEBUG org.hibernate.SQL - 
    select
        p1_0.id,
        p1_0.image_url,
        p1_0.name,
        p1_0.rawg_id,
        p1_0.slug 
    from
        platform p1_0 
    where
        p1_0.name=?
2025-11-17 20:24:38.215 [http-nio-8080-exec-1] DEBUG org.hibernate.SQL - 
    select
        p1_0.id,
        p1_0.image_url,
        p1_0.name,
        p1_0.rawg_id,
        p1_0.slug 
    from
        platform p1_0 
    where
        p1_0.name=?
2025-11-17 20:24:38.400 [http-nio-8080-exec-1] INFO  c.g.b.service.YoutubeTrailerService - =========================================================================
2025-11-17 20:24:38.400 [http-nio-8080-exec-1] INFO  c.g.b.service.YoutubeTrailerService - --- INICIO BÚSQUEDA DE TRÁILER PARA: 'Team Fortress 2' ---
2025-11-17 20:24:38.400 [http-nio-8080-exec-1] INFO  c.g.b.service.YoutubeTrailerService - >>> INTENTO 1: Búsqueda genérica ('official trailer').
2025-11-17 20:24:38.400 [http-nio-8080-exec-1] INFO  c.g.b.service.YoutubeTrailerService - 1. TÉRMINOS DE BÚSQUEDA (JSoup): 'Team Fortress 2 official trailer'
2025-11-17 20:24:38.400 [http-nio-8080-exec-1] INFO  c.g.b.service.YoutubeTrailerService - 2. URL DE PETICIÓN (JSoup): https://www.googleapis.com/youtube/v3/search?key=AIzaSyAMb9YSMsqB-rzRMC2vF1AmsVou15Eg_lU&part=id&q=Team%20Fortress%202%20official%20trailer&type=video&maxResults=1&order=relevance
2025-11-17 20:24:38.818 [http-nio-8080-exec-1] INFO  c.g.b.service.YoutubeTrailerService - 3. RESPUESTA JSON (JSoup): {
  "kind": "youtube#searchListResponse",
  "etag": "s20oNVlxifmkxY8lS8BeBpcvajw",
  "nextPageToken": "CAEQAA",
  "regionCode": "ES",
  "pageInfo": {
    "totalResults": 1000000,
    "resultsPerPage": 1
  },
  "items": [
    {
      "kind": "youtube#searchResult",
      "etag": "CbY8kJK27sFQTWEjBqL_qXtMAMo",
      "id": {
        "kind": "youtube#video",
        "videoId": "N7ZafWA2jd8"
      }
    }
  ]
}

2025-11-17 20:24:38.818 [http-nio-8080-exec-1] INFO  c.g.b.service.YoutubeTrailerService - 4. EXTRACCIÓN EXITOSA (JSoup): 'videoId' encontrado: 'N7ZafWA2jd8'
2025-11-17 20:24:38.818 [http-nio-8080-exec-1] INFO  c.g.b.service.YoutubeTrailerService - --- FIN BÚSQUEDA: ÉXITO en el primer intento. ---
2025-11-17 20:24:38.819 [http-nio-8080-exec-1] DEBUG org.hibernate.SQL - 
    insert 
    into
        game
        (background_url, created_at, description, metacritic, name, rating, rawg_id, release_date, slug, updated_at, website, youtube_url) 
    values
        (?, ?, ?, ?, ?, ?, ?, ?, ?, ?, ?, ?)
2025-11-17 20:24:39.008 [http-nio-8080-exec-1] DEBUG org.hibernate.SQL - 
    select
        g1_0.id 
    from
        game g1_0 
    where
        g1_0.rawg_id=? 
    limit
        ?
2025-11-17 20:24:39.266 [http-nio-8080-exec-1] DEBUG org.hibernate.SQL - 
    select
        g1_0.id,
        g1_0.image_url,
        g1_0.name,
        g1_0.rawg_id,
        g1_0.slug 
    from
        genre g1_0 
    where
        g1_0.name=?
2025-11-17 20:24:39.454 [http-nio-8080-exec-1] DEBUG org.hibernate.SQL - 
    select
        g1_0.id,
        g1_0.image_url,
        g1_0.name,
        g1_0.rawg_id,
        g1_0.slug 
    from
        genre g1_0 
    where
        g1_0.name=?
2025-11-17 20:24:39.642 [http-nio-8080-exec-1] DEBUG org.hibernate.SQL - 
    select
        p1_0.id,
        p1_0.image_url,
        p1_0.name,
        p1_0.rawg_id,
        p1_0.slug 
    from
        platform p1_0 
    where
        p1_0.name=?
2025-11-17 20:24:39.831 [http-nio-8080-exec-1] DEBUG org.hibernate.SQL - 
    select
        p1_0.id,
        p1_0.image_url,
        p1_0.name,
        p1_0.rawg_id,
        p1_0.slug 
    from
        platform p1_0 
    where
        p1_0.name=?
2025-11-17 20:24:40.019 [http-nio-8080-exec-1] DEBUG org.hibernate.SQL - 
    select
        p1_0.id,
        p1_0.image_url,
        p1_0.name,
        p1_0.rawg_id,
        p1_0.slug 
    from
        platform p1_0 
    where
        p1_0.name=?
2025-11-17 20:24:40.212 [http-nio-8080-exec-1] DEBUG org.hibernate.SQL - 
    select
        p1_0.id,
        p1_0.image_url,
        p1_0.name,
        p1_0.rawg_id,
        p1_0.slug 
    from
        platform p1_0 
    where
        p1_0.name=?
2025-11-17 20:24:40.396 [http-nio-8080-exec-1] INFO  c.g.b.service.YoutubeTrailerService - =========================================================================
2025-11-17 20:24:40.396 [http-nio-8080-exec-1] INFO  c.g.b.service.YoutubeTrailerService - --- INICIO BÚSQUEDA DE TRÁILER PARA: 'DOOM (2016)' ---
2025-11-17 20:24:40.396 [http-nio-8080-exec-1] INFO  c.g.b.service.YoutubeTrailerService - >>> INTENTO 1: Búsqueda genérica ('official trailer').
2025-11-17 20:24:40.396 [http-nio-8080-exec-1] INFO  c.g.b.service.YoutubeTrailerService - 1. TÉRMINOS DE BÚSQUEDA (JSoup): 'DOOM (2016) official trailer'
2025-11-17 20:24:40.397 [http-nio-8080-exec-1] INFO  c.g.b.service.YoutubeTrailerService - 2. URL DE PETICIÓN (JSoup): https://www.googleapis.com/youtube/v3/search?key=AIzaSyAMb9YSMsqB-rzRMC2vF1AmsVou15Eg_lU&part=id&q=DOOM%20(2016)%20official%20trailer&type=video&maxResults=1&order=relevance
2025-11-17 20:24:40.836 [http-nio-8080-exec-1] INFO  c.g.b.service.YoutubeTrailerService - 3. RESPUESTA JSON (JSoup): {
  "kind": "youtube#searchListResponse",
  "etag": "OwT1NiytW-Zhhx88y1FDtPL4eGY",
  "nextPageToken": "CAEQAA",
  "regionCode": "ES",
  "pageInfo": {
    "totalResults": 1000000,
    "resultsPerPage": 1
  },
  "items": [
    {
      "kind": "youtube#searchResult",
      "etag": "IxpNy11ZLwjMy7AJLLkJij7mNo8",
      "id": {
        "kind": "youtube#video",
        "videoId": "SgSrpnW0EmU"
      }
    }
  ]
}

2025-11-17 20:24:40.836 [http-nio-8080-exec-1] INFO  c.g.b.service.YoutubeTrailerService - 4. EXTRACCIÓN EXITOSA (JSoup): 'videoId' encontrado: 'SgSrpnW0EmU'
2025-11-17 20:24:40.837 [http-nio-8080-exec-1] INFO  c.g.b.service.YoutubeTrailerService - --- FIN BÚSQUEDA: ÉXITO en el primer intento. ---
2025-11-17 20:24:40.838 [http-nio-8080-exec-1] DEBUG org.hibernate.SQL - 
    insert 
    into
        game
        (background_url, created_at, description, metacritic, name, rating, rawg_id, release_date, slug, updated_at, website, youtube_url) 
    values
        (?, ?, ?, ?, ?, ?, ?, ?, ?, ?, ?, ?)
2025-11-17 20:24:41.041 [http-nio-8080-exec-1] DEBUG org.hibernate.SQL - 
    select
        g1_0.id 
    from
        game g1_0 
    where
        g1_0.rawg_id=? 
    limit
        ?
2025-11-17 20:24:41.345 [http-nio-8080-exec-1] DEBUG org.hibernate.SQL - 
    select
        g1_0.id,
        g1_0.image_url,
        g1_0.name,
        g1_0.rawg_id,
        g1_0.slug 
    from
        genre g1_0 
    where
        g1_0.name=?
2025-11-17 20:24:41.532 [http-nio-8080-exec-1] DEBUG org.hibernate.SQL - 
    select
        g1_0.id,
        g1_0.image_url,
        g1_0.name,
        g1_0.rawg_id,
        g1_0.slug 
    from
        genre g1_0 
    where
        g1_0.name=?
2025-11-17 20:24:41.719 [http-nio-8080-exec-1] DEBUG org.hibernate.SQL - 
    select
        g1_0.id,
        g1_0.image_url,
        g1_0.name,
        g1_0.rawg_id,
        g1_0.slug 
    from
        genre g1_0 
    where
        g1_0.name=?
2025-11-17 20:24:41.908 [http-nio-8080-exec-1] DEBUG org.hibernate.SQL - 
    select
        p1_0.id,
        p1_0.image_url,
        p1_0.name,
        p1_0.rawg_id,
        p1_0.slug 
    from
        platform p1_0 
    where
        p1_0.name=?
2025-11-17 20:24:42.099 [http-nio-8080-exec-1] DEBUG org.hibernate.SQL - 
    select
        p1_0.id,
        p1_0.image_url,
        p1_0.name,
        p1_0.rawg_id,
        p1_0.slug 
    from
        platform p1_0 
    where
        p1_0.name=?
2025-11-17 20:24:42.306 [http-nio-8080-exec-1] DEBUG org.hibernate.SQL - 
    select
        p1_0.id,
        p1_0.image_url,
        p1_0.name,
        p1_0.rawg_id,
        p1_0.slug 
    from
        platform p1_0 
    where
        p1_0.name=?
2025-11-17 20:24:42.490 [http-nio-8080-exec-1] DEBUG org.hibernate.SQL - 
    select
        p1_0.id,
        p1_0.image_url,
        p1_0.name,
        p1_0.rawg_id,
        p1_0.slug 
    from
        platform p1_0 
    where
        p1_0.name=?
2025-11-17 20:24:42.679 [http-nio-8080-exec-1] DEBUG org.hibernate.SQL - 
    select
        p1_0.id,
        p1_0.image_url,
        p1_0.name,
        p1_0.rawg_id,
        p1_0.slug 
    from
        platform p1_0 
    where
        p1_0.name=?
2025-11-17 20:24:42.863 [http-nio-8080-exec-1] DEBUG org.hibernate.SQL - 
    select
        p1_0.id,
        p1_0.image_url,
        p1_0.name,
        p1_0.rawg_id,
        p1_0.slug 
    from
        platform p1_0 
    where
        p1_0.name=?
2025-11-17 20:24:43.047 [http-nio-8080-exec-1] INFO  c.g.b.service.YoutubeTrailerService - =========================================================================
2025-11-17 20:24:43.047 [http-nio-8080-exec-1] INFO  c.g.b.service.YoutubeTrailerService - --- INICIO BÚSQUEDA DE TRÁILER PARA: 'Cyberpunk 2077' ---
2025-11-17 20:24:43.047 [http-nio-8080-exec-1] INFO  c.g.b.service.YoutubeTrailerService - >>> INTENTO 1: Búsqueda genérica ('official trailer').
2025-11-17 20:24:43.047 [http-nio-8080-exec-1] INFO  c.g.b.service.YoutubeTrailerService - 1. TÉRMINOS DE BÚSQUEDA (JSoup): 'Cyberpunk 2077 official trailer'
2025-11-17 20:24:43.047 [http-nio-8080-exec-1] INFO  c.g.b.service.YoutubeTrailerService - 2. URL DE PETICIÓN (JSoup): https://www.googleapis.com/youtube/v3/search?key=AIzaSyAMb9YSMsqB-rzRMC2vF1AmsVou15Eg_lU&part=id&q=Cyberpunk%202077%20official%20trailer&type=video&maxResults=1&order=relevance
2025-11-17 20:24:43.492 [http-nio-8080-exec-1] INFO  c.g.b.service.YoutubeTrailerService - 3. RESPUESTA JSON (JSoup): {
  "kind": "youtube#searchListResponse",
  "etag": "XTwQ5bs2IzRuV_u-79XkX_IsVxk",
  "nextPageToken": "CAEQAA",
  "regionCode": "ES",
  "pageInfo": {
    "totalResults": 1000000,
    "resultsPerPage": 1
  },
  "items": [
    {
      "kind": "youtube#searchResult",
      "etag": "sWbtiJLSfg5FUmkunfEEIU4hkSM",
      "id": {
        "kind": "youtube#video",
        "videoId": "LembwKDo1Dk"
      }
    }
  ]
}

2025-11-17 20:24:43.493 [http-nio-8080-exec-1] INFO  c.g.b.service.YoutubeTrailerService - 4. EXTRACCIÓN EXITOSA (JSoup): 'videoId' encontrado: 'LembwKDo1Dk'
2025-11-17 20:24:43.494 [http-nio-8080-exec-1] INFO  c.g.b.service.YoutubeTrailerService - --- FIN BÚSQUEDA: ÉXITO en el primer intento. ---
2025-11-17 20:24:43.495 [http-nio-8080-exec-1] DEBUG org.hibernate.SQL - 
    insert 
    into
        game
        (background_url, created_at, description, metacritic, name, rating, rawg_id, release_date, slug, updated_at, website, youtube_url) 
    values
        (?, ?, ?, ?, ?, ?, ?, ?, ?, ?, ?, ?)
2025-11-17 20:24:43.683 [http-nio-8080-exec-1] DEBUG org.hibernate.SQL - 
    select
        g1_0.id 
    from
        game g1_0 
    where
        g1_0.rawg_id=? 
    limit
        ?
2025-11-17 20:24:44.011 [http-nio-8080-exec-1] DEBUG org.hibernate.SQL - 
    select
        g1_0.id,
        g1_0.image_url,
        g1_0.name,
        g1_0.rawg_id,
        g1_0.slug 
    from
        genre g1_0 
    where
        g1_0.name=?
2025-11-17 20:24:44.197 [http-nio-8080-exec-1] DEBUG org.hibernate.SQL - 
    select
        g1_0.id,
        g1_0.image_url,
        g1_0.name,
        g1_0.rawg_id,
        g1_0.slug 
    from
        genre g1_0 
    where
        g1_0.name=?
2025-11-17 20:24:44.391 [http-nio-8080-exec-1] DEBUG org.hibernate.SQL - 
    select
        g1_0.id,
        g1_0.image_url,
        g1_0.name,
        g1_0.rawg_id,
        g1_0.slug 
    from
        genre g1_0 
    where
        g1_0.name=?
2025-11-17 20:24:44.576 [http-nio-8080-exec-1] DEBUG org.hibernate.SQL - 
    select
        p1_0.id,
        p1_0.image_url,
        p1_0.name,
        p1_0.rawg_id,
        p1_0.slug 
    from
        platform p1_0 
    where
        p1_0.name=?
2025-11-17 20:24:44.763 [http-nio-8080-exec-1] DEBUG org.hibernate.SQL - 
    select
        p1_0.id,
        p1_0.image_url,
        p1_0.name,
        p1_0.rawg_id,
        p1_0.slug 
    from
        platform p1_0 
    where
        p1_0.name=?
2025-11-17 20:24:44.948 [http-nio-8080-exec-1] DEBUG org.hibernate.SQL - 
    insert 
    into
        platform
        (image_url, name, rawg_id, slug) 
    values
        (?, ?, ?, ?)
2025-11-17 20:24:45.134 [http-nio-8080-exec-1] DEBUG org.hibernate.SQL - 
    select
        p1_0.id,
        p1_0.image_url,
        p1_0.name,
        p1_0.rawg_id,
        p1_0.slug 
    from
        platform p1_0 
    where
        p1_0.name=?
2025-11-17 20:24:45.318 [http-nio-8080-exec-1] DEBUG org.hibernate.SQL - 
    insert 
    into
        platform
        (image_url, name, rawg_id, slug) 
    values
        (?, ?, ?, ?)
2025-11-17 20:24:45.506 [http-nio-8080-exec-1] DEBUG org.hibernate.SQL - 
    select
        p1_0.id,
        p1_0.image_url,
        p1_0.name,
        p1_0.rawg_id,
        p1_0.slug 
    from
        platform p1_0 
    where
        p1_0.name=?
2025-11-17 20:24:45.695 [http-nio-8080-exec-1] DEBUG org.hibernate.SQL - 
    select
        p1_0.id,
        p1_0.image_url,
        p1_0.name,
        p1_0.rawg_id,
        p1_0.slug 
    from
        platform p1_0 
    where
        p1_0.name=?
2025-11-17 20:24:45.880 [http-nio-8080-exec-1] DEBUG org.hibernate.SQL - 
    select
        p1_0.id,
        p1_0.image_url,
        p1_0.name,
        p1_0.rawg_id,
        p1_0.slug 
    from
        platform p1_0 
    where
        p1_0.name=?
2025-11-17 20:24:46.074 [http-nio-8080-exec-1] DEBUG org.hibernate.SQL - 
    select
        p1_0.id,
        p1_0.image_url,
        p1_0.name,
        p1_0.rawg_id,
        p1_0.slug 
    from
        platform p1_0 
    where
        p1_0.name=?
2025-11-17 20:24:46.264 [http-nio-8080-exec-1] DEBUG org.hibernate.SQL - 
    select
        p1_0.id,
        p1_0.image_url,
        p1_0.name,
        p1_0.rawg_id,
        p1_0.slug 
    from
        platform p1_0 
    where
        p1_0.name=?
2025-11-17 20:24:46.451 [http-nio-8080-exec-1] DEBUG org.hibernate.SQL - 
    select
        p1_0.id,
        p1_0.image_url,
        p1_0.name,
        p1_0.rawg_id,
        p1_0.slug 
    from
        platform p1_0 
    where
        p1_0.name=?
2025-11-17 20:24:46.639 [http-nio-8080-exec-1] DEBUG org.hibernate.SQL - 
    select
        p1_0.id,
        p1_0.image_url,
        p1_0.name,
        p1_0.rawg_id,
        p1_0.slug 
    from
        platform p1_0 
    where
        p1_0.name=?
2025-11-17 20:24:46.829 [http-nio-8080-exec-1] DEBUG org.hibernate.SQL - 
    select
        p1_0.id,
        p1_0.image_url,
        p1_0.name,
        p1_0.rawg_id,
        p1_0.slug 
    from
        platform p1_0 
    where
        p1_0.name=?
2025-11-17 20:24:47.019 [http-nio-8080-exec-1] DEBUG org.hibernate.SQL - 
    select
        p1_0.id,
        p1_0.image_url,
        p1_0.name,
        p1_0.rawg_id,
        p1_0.slug 
    from
        platform p1_0 
    where
        p1_0.name=?
2025-11-17 20:24:47.207 [http-nio-8080-exec-1] DEBUG org.hibernate.SQL - 
    select
        p1_0.id,
        p1_0.image_url,
        p1_0.name,
        p1_0.rawg_id,
        p1_0.slug 
    from
        platform p1_0 
    where
        p1_0.name=?
2025-11-17 20:24:47.392 [http-nio-8080-exec-1] INFO  c.g.b.service.YoutubeTrailerService - =========================================================================
2025-11-17 20:24:47.392 [http-nio-8080-exec-1] INFO  c.g.b.service.YoutubeTrailerService - --- INICIO BÚSQUEDA DE TRÁILER PARA: 'Terraria' ---
2025-11-17 20:24:47.393 [http-nio-8080-exec-1] INFO  c.g.b.service.YoutubeTrailerService - >>> INTENTO 1: Búsqueda genérica ('official trailer').
2025-11-17 20:24:47.393 [http-nio-8080-exec-1] INFO  c.g.b.service.YoutubeTrailerService - 1. TÉRMINOS DE BÚSQUEDA (JSoup): 'Terraria official trailer'
2025-11-17 20:24:47.393 [http-nio-8080-exec-1] INFO  c.g.b.service.YoutubeTrailerService - 2. URL DE PETICIÓN (JSoup): https://www.googleapis.com/youtube/v3/search?key=AIzaSyAMb9YSMsqB-rzRMC2vF1AmsVou15Eg_lU&part=id&q=Terraria%20official%20trailer&type=video&maxResults=1&order=relevance
2025-11-17 20:24:47.863 [http-nio-8080-exec-1] INFO  c.g.b.service.YoutubeTrailerService - 3. RESPUESTA JSON (JSoup): {
  "kind": "youtube#searchListResponse",
  "etag": "6S3nqFmfl9wr9x7YvpVN6jLwpPY",
  "nextPageToken": "CAEQAA",
  "regionCode": "ES",
  "pageInfo": {
    "totalResults": 1000000,
    "resultsPerPage": 25
  },
  "items": [
    {
      "kind": "youtube#searchResult",
      "etag": "VAaXwbuEm0mG53GM_87j25iESDM",
      "id": {
        "kind": "youtube#video",
        "videoId": "w7uOhFTrrq0"
      }
    },
    {
      "kind": "youtube#searchResult",
      "etag": "vrdTgH6u_rj7fTn1Orio5etQmSg",
      "id": {
        "kind": "youtube#video",
        "videoId": "6nUvWkD8rAE"
      }
    },
    {
      "kind": "youtube#searchResult",
      "etag": "EJw93FY-F-kE2lC7dKKjD8JbMCc",
      "id": {
        "kind": "youtube#video",
        "videoId": "fMNXpOHPiKY"
      }
    },
    {
      "kind": "youtube#searchResult",
      "etag": "CAXQn_Crf5ZhOETV1mbIa5ZSso0",
      "id": {
        "kind": "youtube#video",
        "videoId": "UGo7iMUcxLc"
      }
    },
    {
      "kind": "youtube#searchResult",
      "etag": "wo88MEYfWNgzKspMPCqliJko6Lc",
      "id": {
        "kind": "youtube#video",
        "videoId": "ErbfjAoGvMI"
      }
    },
    {
      "kind": "youtube#searchResult",
      "etag": "bQjfvs-nM8zxvOz7v1O1uZSi3HU",
      "id": {
        "kind": "youtube#video",
        "videoId": "H77Zfzy4LWw"
      }
    },
    {
      "kind": "youtube#searchResult",
      "etag": "8eG2wClFzaKJknDV8EuAxj6w2t4",
      "id": {
        "kind": "youtube#video",
        "videoId": "UyNtBtympaw"
      }
    },
    {
      "kind": "youtube#searchResult",
      "etag": "5yxWtscM1JyESFZtIDtqKoLWqLc",
      "id": {
        "kind": "youtube#video",
        "videoId": "R-kv7C8Zwjk"
      }
    },
    {
      "kind": "youtube#searchResult",
      "etag": "ogcDAUcvk7qlnDyYcnV_pUR8lsQ",
      "id": {
        "kind": "youtube#video",
        "videoId": "PvQsnU5sACY"
      }
    },
    {
      "kind": "youtube#searchResult",
      "etag": "B98dfyHxXxd2qGU_ZoZYsjEbRCw",
      "id": {
        "kind": "youtube#video",
        "videoId": "-nXdtDgpPeE"
      }
    },
    {
      "kind": "youtube#searchResult",
      "etag": "PRgQGW_JjN3XJ99WU0Ds6jd6Fgw",
      "id": {
        "kind": "youtube#video",
        "videoId": "NHDVEJ2T5Is"
      }
    },
    {
      "kind": "youtube#searchResult",
      "etag": "R4PffVnjP57Gey0yUY3wWlDdzzY",
      "id": {
        "kind": "youtube#video",
        "videoId": "MKyPXVf-Q4M"
      }
    },
    {
      "kind": "youtube#searchResult",
      "etag": "A6dxD2Mo9VCq6LkKG0h3qlwhceY",
      "id": {
        "kind": "youtube#video",
        "videoId": "mav-h-BWQfY"
      }
    },
    {
      "kind": "youtube#searchResult",
      "etag": "jWgsIVC6cJMD-Ql12NvcwCV-zFk",
      "id": {
        "kind": "youtube#video",
        "videoId": "TCTxVvKsc4A"
      }
    },
    {
      "kind": "youtube#searchResult",
      "etag": "kfTbQBndWGLinmEsjXLOGZnwBuE",
      "id": {
        "kind": "youtube#video",
        "videoId": "hg2A2dTQjAw"
      }
    },
    {
      "kind": "youtube#searchResult",
      "etag": "T475qm44ckq0HjsXJOTboNgAN48",
      "id": {
        "kind": "youtube#video",
        "videoId": "_PoRKzlav1o"
      }
    },
    {
      "kind": "youtube#searchResult",
      "etag": "_wd-0VJZLuQGe9an79sNnzKb0LE",
      "id": {
        "kind": "youtube#video",
        "videoId": "9DwRYw2g9Sc"
      }
    },
    {
      "kind": "youtube#searchResult",
      "etag": "KnHV-zOUpykmGNX3SS60IswdQSE",
      "id": {
        "kind": "youtube#video",
        "videoId": "nFtkTCeY6PI"
      }
    },
    {
      "kind": "youtube#searchResult",
      "etag": "1DWRQIxJgXDRjdqf2aulLRYXJN8",
      "id": {
        "kind": "youtube#video",
        "videoId": "w88UevER3I0"
      }
    },
    {
      "kind": "youtube#searchResult",
      "etag": "c74rB4VDxgnqe_fbrz9FcS-CLqU",
      "id": {
        "kind": "youtube#video",
        "videoId": "Cs35IhkE-do"
      }
    },
    {
      "kind": "youtube#searchResult",
      "etag": "HcVcjQsBaH-1OheGGbJWDm0HvXw",
      "id": {
        "kind": "youtube#video",
        "videoId": "EwMZWOcgpg4"
      }
    },
    {
      "kind": "youtube#searchResult",
      "etag": "lKjSoABvNPrKew3H8gGXF9OmiT8",
      "id": {
        "kind": "youtube#video",
        "videoId": "ySO6-iBEAkg"
      }
    },
    {
      "kind": "youtube#searchResult",
      "etag": "VlC1m8iDDPh0paMM5lFeobpVCQU",
      "id": {
        "kind": "youtube#video",
        "videoId": "w5kcxZ-D1QQ"
      }
    },
    {
      "kind": "youtube#searchResult",
      "etag": "fMryXr9LiRc-LaXtC2CH_KJ_QBM",
      "id": {
        "kind": "youtube#video",
        "videoId": "QKR3Lm70tyw"
      }
    },
    {
      "kind": "youtube#searchResult",
      "etag": "mArYc_1IUe79_kIDxJEOOJQ6MhA",
      "id": {
        "kind": "youtube#video",
        "videoId": "U1HpkvoMXnw"
      }
    }
  ]
}

2025-11-17 20:24:47.865 [http-nio-8080-exec-1] INFO  c.g.b.service.YoutubeTrailerService - 4. EXTRACCIÓN EXITOSA (JSoup): 'videoId' encontrado: 'w7uOhFTrrq0'
2025-11-17 20:24:47.866 [http-nio-8080-exec-1] INFO  c.g.b.service.YoutubeTrailerService - --- FIN BÚSQUEDA: ÉXITO en el primer intento. ---
2025-11-17 20:24:47.867 [http-nio-8080-exec-1] DEBUG org.hibernate.SQL - 
    insert 
    into
        game
        (background_url, created_at, description, metacritic, name, rating, rawg_id, release_date, slug, updated_at, website, youtube_url) 
    values
        (?, ?, ?, ?, ?, ?, ?, ?, ?, ?, ?, ?)
2025-11-17 20:24:48.057 [http-nio-8080-exec-1] DEBUG org.hibernate.SQL - 
    select
        g1_0.id 
    from
        game g1_0 
    where
        g1_0.rawg_id=? 
    limit
        ?
2025-11-17 20:24:48.313 [http-nio-8080-exec-1] DEBUG org.hibernate.SQL - 
    select
        g1_0.id,
        g1_0.image_url,
        g1_0.name,
        g1_0.rawg_id,
        g1_0.slug 
    from
        genre g1_0 
    where
        g1_0.name=?
2025-11-17 20:24:48.499 [http-nio-8080-exec-1] DEBUG org.hibernate.SQL - 
    select
        g1_0.id,
        g1_0.image_url,
        g1_0.name,
        g1_0.rawg_id,
        g1_0.slug 
    from
        genre g1_0 
    where
        g1_0.name=?
2025-11-17 20:24:48.689 [http-nio-8080-exec-1] DEBUG org.hibernate.SQL - 
    insert 
    into
        genre
        (image_url, name, rawg_id, slug) 
    values
        (?, ?, ?, ?)
2025-11-17 20:24:48.874 [http-nio-8080-exec-1] DEBUG org.hibernate.SQL - 
    select
        p1_0.id,
        p1_0.image_url,
        p1_0.name,
        p1_0.rawg_id,
        p1_0.slug 
    from
        platform p1_0 
    where
        p1_0.name=?
2025-11-17 20:24:49.069 [http-nio-8080-exec-1] DEBUG org.hibernate.SQL - 
    select
        p1_0.id,
        p1_0.image_url,
        p1_0.name,
        p1_0.rawg_id,
        p1_0.slug 
    from
        platform p1_0 
    where
        p1_0.name=?
2025-11-17 20:24:49.255 [http-nio-8080-exec-1] DEBUG org.hibernate.SQL - 
    select
        p1_0.id,
        p1_0.image_url,
        p1_0.name,
        p1_0.rawg_id,
        p1_0.slug 
    from
        platform p1_0 
    where
        p1_0.name=?
2025-11-17 20:24:49.439 [http-nio-8080-exec-1] INFO  c.g.b.service.YoutubeTrailerService - =========================================================================
2025-11-17 20:24:49.439 [http-nio-8080-exec-1] INFO  c.g.b.service.YoutubeTrailerService - --- INICIO BÚSQUEDA DE TRÁILER PARA: 'Dota 2' ---
2025-11-17 20:24:49.440 [http-nio-8080-exec-1] INFO  c.g.b.service.YoutubeTrailerService - >>> INTENTO 1: Búsqueda genérica ('official trailer').
2025-11-17 20:24:49.440 [http-nio-8080-exec-1] INFO  c.g.b.service.YoutubeTrailerService - 1. TÉRMINOS DE BÚSQUEDA (JSoup): 'Dota 2 official trailer'
2025-11-17 20:24:49.440 [http-nio-8080-exec-1] INFO  c.g.b.service.YoutubeTrailerService - 2. URL DE PETICIÓN (JSoup): https://www.googleapis.com/youtube/v3/search?key=AIzaSyAMb9YSMsqB-rzRMC2vF1AmsVou15Eg_lU&part=id&q=Dota%202%20official%20trailer&type=video&maxResults=1&order=relevance
2025-11-17 20:24:49.831 [http-nio-8080-exec-1] INFO  c.g.b.service.YoutubeTrailerService - 3. RESPUESTA JSON (JSoup): {
  "kind": "youtube#searchListResponse",
  "etag": "RugdJbuSLoAFX3yONK-tLsMiPD0",
  "nextPageToken": "CAEQAA",
  "regionCode": "ES",
  "pageInfo": {
    "totalResults": 1000000,
    "resultsPerPage": 1
  },
  "items": [
    {
      "kind": "youtube#searchResult",
      "etag": "dSyqFE7CvykjeH35modauMSYruI",
      "id": {
        "kind": "youtube#video",
        "videoId": "-cSFPIwMEq4"
      }
    }
  ]
}

2025-11-17 20:24:49.832 [http-nio-8080-exec-1] INFO  c.g.b.service.YoutubeTrailerService - 4. EXTRACCIÓN EXITOSA (JSoup): 'videoId' encontrado: '-cSFPIwMEq4'
2025-11-17 20:24:49.833 [http-nio-8080-exec-1] INFO  c.g.b.service.YoutubeTrailerService - --- FIN BÚSQUEDA: ÉXITO en el primer intento. ---
2025-11-17 20:24:49.834 [http-nio-8080-exec-1] DEBUG org.hibernate.SQL - 
    insert 
    into
        game
        (background_url, created_at, description, metacritic, name, rating, rawg_id, release_date, slug, updated_at, website, youtube_url) 
    values
        (?, ?, ?, ?, ?, ?, ?, ?, ?, ?, ?, ?)
2025-11-17 20:24:50.029 [http-nio-8080-exec-1] DEBUG org.hibernate.SQL - 
    select
        g1_0.id 
    from
        game g1_0 
    where
        g1_0.rawg_id=? 
    limit
        ?
2025-11-17 20:24:50.329 [http-nio-8080-exec-1] DEBUG org.hibernate.SQL - 
    select
        g1_0.id,
        g1_0.image_url,
        g1_0.name,
        g1_0.rawg_id,
        g1_0.slug 
    from
        genre g1_0 
    where
        g1_0.name=?
2025-11-17 20:24:50.514 [http-nio-8080-exec-1] DEBUG org.hibernate.SQL - 
    select
        g1_0.id,
        g1_0.image_url,
        g1_0.name,
        g1_0.rawg_id,
        g1_0.slug 
    from
        genre g1_0 
    where
        g1_0.name=?
2025-11-17 20:24:50.699 [http-nio-8080-exec-1] DEBUG org.hibernate.SQL - 
    select
        g1_0.id,
        g1_0.image_url,
        g1_0.name,
        g1_0.rawg_id,
        g1_0.slug 
    from
        genre g1_0 
    where
        g1_0.name=?
2025-11-17 20:24:50.890 [http-nio-8080-exec-1] DEBUG org.hibernate.SQL - 
    select
        g1_0.id,
        g1_0.image_url,
        g1_0.name,
        g1_0.rawg_id,
        g1_0.slug 
    from
        genre g1_0 
    where
        g1_0.name=?
2025-11-17 20:24:51.081 [http-nio-8080-exec-1] DEBUG org.hibernate.SQL - 
    select
        p1_0.id,
        p1_0.image_url,
        p1_0.name,
        p1_0.rawg_id,
        p1_0.slug 
    from
        platform p1_0 
    where
        p1_0.name=?
2025-11-17 20:24:51.269 [http-nio-8080-exec-1] DEBUG org.hibernate.SQL - 
    select
        p1_0.id,
        p1_0.image_url,
        p1_0.name,
        p1_0.rawg_id,
        p1_0.slug 
    from
        platform p1_0 
    where
        p1_0.name=?
2025-11-17 20:24:51.457 [http-nio-8080-exec-1] DEBUG org.hibernate.SQL - 
    select
        p1_0.id,
        p1_0.image_url,
        p1_0.name,
        p1_0.rawg_id,
        p1_0.slug 
    from
        platform p1_0 
    where
        p1_0.name=?
2025-11-17 20:24:51.645 [http-nio-8080-exec-1] DEBUG org.hibernate.SQL - 
    select
        p1_0.id,
        p1_0.image_url,
        p1_0.name,
        p1_0.rawg_id,
        p1_0.slug 
    from
        platform p1_0 
    where
        p1_0.name=?
2025-11-17 20:24:51.831 [http-nio-8080-exec-1] DEBUG org.hibernate.SQL - 
    select
        p1_0.id,
        p1_0.image_url,
        p1_0.name,
        p1_0.rawg_id,
        p1_0.slug 
    from
        platform p1_0 
    where
        p1_0.name=?
2025-11-17 20:24:52.019 [http-nio-8080-exec-1] DEBUG org.hibernate.SQL - 
    select
        p1_0.id,
        p1_0.image_url,
        p1_0.name,
        p1_0.rawg_id,
        p1_0.slug 
    from
        platform p1_0 
    where
        p1_0.name=?
2025-11-17 20:24:52.204 [http-nio-8080-exec-1] DEBUG org.hibernate.SQL - 
    select
        p1_0.id,
        p1_0.image_url,
        p1_0.name,
        p1_0.rawg_id,
        p1_0.slug 
    from
        platform p1_0 
    where
        p1_0.name=?
2025-11-17 20:24:52.388 [http-nio-8080-exec-1] INFO  c.g.b.service.YoutubeTrailerService - =========================================================================
2025-11-17 20:24:52.388 [http-nio-8080-exec-1] INFO  c.g.b.service.YoutubeTrailerService - --- INICIO BÚSQUEDA DE TRÁILER PARA: 'Warframe' ---
2025-11-17 20:24:52.388 [http-nio-8080-exec-1] INFO  c.g.b.service.YoutubeTrailerService - >>> INTENTO 1: Búsqueda genérica ('official trailer').
2025-11-17 20:24:52.388 [http-nio-8080-exec-1] INFO  c.g.b.service.YoutubeTrailerService - 1. TÉRMINOS DE BÚSQUEDA (JSoup): 'Warframe official trailer'
2025-11-17 20:24:52.388 [http-nio-8080-exec-1] INFO  c.g.b.service.YoutubeTrailerService - 2. URL DE PETICIÓN (JSoup): https://www.googleapis.com/youtube/v3/search?key=AIzaSyAMb9YSMsqB-rzRMC2vF1AmsVou15Eg_lU&part=id&q=Warframe%20official%20trailer&type=video&maxResults=1&order=relevance
2025-11-17 20:24:52.812 [http-nio-8080-exec-1] INFO  c.g.b.service.YoutubeTrailerService - 3. RESPUESTA JSON (JSoup): {
  "kind": "youtube#searchListResponse",
  "etag": "90-SeLB0c94i8N82TadpErZnZ6M",
  "nextPageToken": "CAEQAA",
  "regionCode": "ES",
  "pageInfo": {
    "totalResults": 1000000,
    "resultsPerPage": 25
  },
  "items": [
    {
      "kind": "youtube#searchResult",
      "etag": "YMp8frLLx3TdUbbjfxjqn2wXtrE",
      "id": {
        "kind": "youtube#video",
        "videoId": "MsbL8lFHrZI"
      }
    },
    {
      "kind": "youtube#searchResult",
      "etag": "L26xTQ6-T0FAivjI8c-tttiWnx0",
      "id": {
        "kind": "youtube#video",
        "videoId": "bfoypaVNGuU"
      }
    },
    {
      "kind": "youtube#searchResult",
      "etag": "kDCvaaeId8ZjTUA7opaKtjX1Wj4",
      "id": {
        "kind": "youtube#video",
        "videoId": "3L56G_0BJuo"
      }
    },
    {
      "kind": "youtube#searchResult",
      "etag": "94rlqV0NhYISdsUa7qTSA6wfYgE",
      "id": {
        "kind": "youtube#video",
        "videoId": "PN6YzFuI4Qs"
      }
    },
    {
      "kind": "youtube#searchResult",
      "etag": "Xuuez6GRQALbbwXnn3jQmgQ23IU",
      "id": {
        "kind": "youtube#video",
        "videoId": "cpL6MUv3ANQ"
      }
    },
    {
      "kind": "youtube#searchResult",
      "etag": "b61_FxaJVVZuJPqG7JeVGqKYrzA",
      "id": {
        "kind": "youtube#video",
        "videoId": "Tua7aK6Y7NY"
      }
    },
    {
      "kind": "youtube#searchResult",
      "etag": "Zq8_DYqfxcppFOrshXyXxmxA3BM",
      "id": {
        "kind": "youtube#video",
        "videoId": "t0ONmP3TGZ4"
      }
    },
    {
      "kind": "youtube#searchResult",
      "etag": "KTMGTlpG3aFaTfIEi6vGMERpCjQ",
      "id": {
        "kind": "youtube#video",
        "videoId": "DRrLLI_bzFo"
      }
    },
    {
      "kind": "youtube#searchResult",
      "etag": "jtK-J4Kf9H0ic0Ay16W3R9zrMgs",
      "id": {
        "kind": "youtube#video",
        "videoId": "JEYkiJsSQ0M"
      }
    },
    {
      "kind": "youtube#searchResult",
      "etag": "PXIhrkoVA436XmmrQ95c8XxDAvM",
      "id": {
        "kind": "youtube#video",
        "videoId": "Zp4wYi59Tik"
      }
    },
    {
      "kind": "youtube#searchResult",
      "etag": "Q7jxJiZ3ef4rSzJxMxxfHZbFN74",
      "id": {
        "kind": "youtube#video",
        "videoId": "0n6f--mi02A"
      }
    },
    {
      "kind": "youtube#searchResult",
      "etag": "A75fZqYLteMGGjIykcLVPU-7eOc",
      "id": {
        "kind": "youtube#video",
        "videoId": "ZTdKm3tZ1RY"
      }
    },
    {
      "kind": "youtube#searchResult",
      "etag": "qu_4Kcub-7hiFXDKlfBP6KnYVBg",
      "id": {
        "kind": "youtube#video",
        "videoId": "Llbc3f6n9dQ"
      }
    },
    {
      "kind": "youtube#searchResult",
      "etag": "ngg5azjXv2ns8XB5W5imZkDk-Xg",
      "id": {
        "kind": "youtube#video",
        "videoId": "9YZJsK0FV9A"
      }
    },
    {
      "kind": "youtube#searchResult",
      "etag": "WKOKWJSVGZe7OyfPh-VRUX2jKE0",
      "id": {
        "kind": "youtube#video",
        "videoId": "XYy2XPR-cIo"
      }
    },
    {
      "kind": "youtube#searchResult",
      "etag": "wo3x2jpuP3pBH0i3_KjphaNx8pk",
      "id": {
        "kind": "youtube#video",
        "videoId": "elBe5f5Bx3U"
      }
    },
    {
      "kind": "youtube#searchResult",
      "etag": "zetSZF_f-cye37H9GI1C6N4OeFQ",
      "id": {
        "kind": "youtube#video",
        "videoId": "yPKo04oNQ9k"
      }
    },
    {
      "kind": "youtube#searchResult",
      "etag": "YvgSjIX_9fMs2pR4WEZAAz0ihnE",
      "id": {
        "kind": "youtube#video",
        "videoId": "DLx3xbQ44Aw"
      }
    },
    {
      "kind": "youtube#searchResult",
      "etag": "_pQqxUa9HOI64V_fJPck_JqE1qw",
      "id": {
        "kind": "youtube#video",
        "videoId": "N3Yaj86m9vM"
      }
    },
    {
      "kind": "youtube#searchResult",
      "etag": "V7sqCp1dHGtmj5eeMgzcXwjErUk",
      "id": {
        "kind": "youtube#video",
        "videoId": "ZG9GAijKRlo"
      }
    },
    {
      "kind": "youtube#searchResult",
      "etag": "3d_yE9WhmsLdTzPUzFLYVNU1jWM",
      "id": {
        "kind": "youtube#video",
        "videoId": "InN07z-8LwE"
      }
    },
    {
      "kind": "youtube#searchResult",
      "etag": "rhmE5MJJIjQDEUBCKjF_GPcyT6c",
      "id": {
        "kind": "youtube#video",
        "videoId": "eMlX3isbMBE"
      }
    },
    {
      "kind": "youtube#searchResult",
      "etag": "aGycE1M5JMK02jF1XC_7MWJwcW8",
      "id": {
        "kind": "youtube#video",
        "videoId": "nJkXMKMkfec"
      }
    },
    {
      "kind": "youtube#searchResult",
      "etag": "Ts0t9e3g3M-YqEWS_eLirBpUEQE",
      "id": {
        "kind": "youtube#video",
        "videoId": "Y1WAW89SpG8"
      }
    },
    {
      "kind": "youtube#searchResult",
      "etag": "-9wKxhKivzOiufBrBRpTN7zk_FQ",
      "id": {
        "kind": "youtube#video",
        "videoId": "8rDoUQGmIg0"
      }
    }
  ]
}

2025-11-17 20:24:52.813 [http-nio-8080-exec-1] INFO  c.g.b.service.YoutubeTrailerService - 4. EXTRACCIÓN EXITOSA (JSoup): 'videoId' encontrado: 'MsbL8lFHrZI'
2025-11-17 20:24:52.813 [http-nio-8080-exec-1] INFO  c.g.b.service.YoutubeTrailerService - --- FIN BÚSQUEDA: ÉXITO en el primer intento. ---
2025-11-17 20:24:52.815 [http-nio-8080-exec-1] DEBUG org.hibernate.SQL - 
    insert 
    into
        game
        (background_url, created_at, description, metacritic, name, rating, rawg_id, release_date, slug, updated_at, website, youtube_url) 
    values
        (?, ?, ?, ?, ?, ?, ?, ?, ?, ?, ?, ?)
2025-11-17 20:24:53.013 [http-nio-8080-exec-1] DEBUG org.hibernate.SQL - 
    insert 
    into
        game_genres
        (game_id, genre_id) 
    values
        (?, ?)
2025-11-17 20:24:53.198 [http-nio-8080-exec-1] DEBUG org.hibernate.SQL - 
    insert 
    into
        game_platforms
        (game_id, platform_id) 
    values
        (?, ?)
2025-11-17 20:24:53.389 [http-nio-8080-exec-1] DEBUG org.hibernate.SQL - 
    insert 
    into
        game_platforms
        (game_id, platform_id) 
    values
        (?, ?)
2025-11-17 20:24:53.573 [http-nio-8080-exec-1] DEBUG org.hibernate.SQL - 
    insert 
    into
        game_platforms
        (game_id, platform_id) 
    values
        (?, ?)
2025-11-17 20:24:53.758 [http-nio-8080-exec-1] DEBUG org.hibernate.SQL - 
    insert 
    into
        game_platforms
        (game_id, platform_id) 
    values
        (?, ?)
2025-11-17 20:24:53.940 [http-nio-8080-exec-1] DEBUG org.hibernate.SQL - 
    insert 
    into
        game_platforms
        (game_id, platform_id) 
    values
        (?, ?)
2025-11-17 20:24:54.123 [http-nio-8080-exec-1] DEBUG org.hibernate.SQL - 
    insert 
    into
        game_platforms
        (game_id, platform_id) 
    values
        (?, ?)
2025-11-17 20:24:54.306 [http-nio-8080-exec-1] DEBUG org.hibernate.SQL - 
    insert 
    into
        game_platforms
        (game_id, platform_id) 
    values
        (?, ?)
2025-11-17 20:24:54.488 [http-nio-8080-exec-1] DEBUG org.hibernate.SQL - 
    insert 
    into
        game_genres
        (game_id, genre_id) 
    values
        (?, ?)
2025-11-17 20:24:54.676 [http-nio-8080-exec-1] DEBUG org.hibernate.SQL - 
    insert 
    into
        game_genres
        (game_id, genre_id) 
    values
        (?, ?)
2025-11-17 20:24:54.859 [http-nio-8080-exec-1] DEBUG org.hibernate.SQL - 
    insert 
    into
        game_platforms
        (game_id, platform_id) 
    values
        (?, ?)
2025-11-17 20:24:55.045 [http-nio-8080-exec-1] DEBUG org.hibernate.SQL - 
    insert 
    into
        game_platforms
        (game_id, platform_id) 
    values
        (?, ?)
2025-11-17 20:24:55.228 [http-nio-8080-exec-1] DEBUG org.hibernate.SQL - 
    insert 
    into
        game_platforms
        (game_id, platform_id) 
    values
        (?, ?)
2025-11-17 20:24:55.418 [http-nio-8080-exec-1] DEBUG org.hibernate.SQL - 
    insert 
    into
        game_platforms
        (game_id, platform_id) 
    values
        (?, ?)
2025-11-17 20:24:55.603 [http-nio-8080-exec-1] DEBUG org.hibernate.SQL - 
    insert 
    into
        game_platforms
        (game_id, platform_id) 
    values
        (?, ?)
2025-11-17 20:24:55.786 [http-nio-8080-exec-1] DEBUG org.hibernate.SQL - 
    insert 
    into
        game_platforms
        (game_id, platform_id) 
    values
        (?, ?)
2025-11-17 20:24:55.969 [http-nio-8080-exec-1] DEBUG org.hibernate.SQL - 
    insert 
    into
        game_platforms
        (game_id, platform_id) 
    values
        (?, ?)
2025-11-17 20:24:56.154 [http-nio-8080-exec-1] DEBUG org.hibernate.SQL - 
    insert 
    into
        game_genres
        (game_id, genre_id) 
    values
        (?, ?)
2025-11-17 20:24:56.337 [http-nio-8080-exec-1] DEBUG org.hibernate.SQL - 
    insert 
    into
        game_genres
        (game_id, genre_id) 
    values
        (?, ?)
2025-11-17 20:24:56.520 [http-nio-8080-exec-1] DEBUG org.hibernate.SQL - 
    insert 
    into
        game_platforms
        (game_id, platform_id) 
    values
        (?, ?)
2025-11-17 20:24:56.704 [http-nio-8080-exec-1] DEBUG org.hibernate.SQL - 
    insert 
    into
        game_platforms
        (game_id, platform_id) 
    values
        (?, ?)
2025-11-17 20:24:56.887 [http-nio-8080-exec-1] DEBUG org.hibernate.SQL - 
    insert 
    into
        game_platforms
        (game_id, platform_id) 
    values
        (?, ?)
2025-11-17 20:24:57.072 [http-nio-8080-exec-1] DEBUG org.hibernate.SQL - 
    insert 
    into
        game_platforms
        (game_id, platform_id) 
    values
        (?, ?)
2025-11-17 20:24:57.255 [http-nio-8080-exec-1] DEBUG org.hibernate.SQL - 
    insert 
    into
        game_platforms
        (game_id, platform_id) 
    values
        (?, ?)
2025-11-17 20:24:57.438 [http-nio-8080-exec-1] DEBUG org.hibernate.SQL - 
    insert 
    into
        game_platforms
        (game_id, platform_id) 
    values
        (?, ?)
2025-11-17 20:24:57.621 [http-nio-8080-exec-1] DEBUG org.hibernate.SQL - 
    insert 
    into
        game_genres
        (game_id, genre_id) 
    values
        (?, ?)
2025-11-17 20:24:57.805 [http-nio-8080-exec-1] DEBUG org.hibernate.SQL - 
    insert 
    into
        game_platforms
        (game_id, platform_id) 
    values
        (?, ?)
2025-11-17 20:24:57.988 [http-nio-8080-exec-1] DEBUG org.hibernate.SQL - 
    insert 
    into
        game_platforms
        (game_id, platform_id) 
    values
        (?, ?)
2025-11-17 20:24:58.170 [http-nio-8080-exec-1] DEBUG org.hibernate.SQL - 
    insert 
    into
        game_platforms
        (game_id, platform_id) 
    values
        (?, ?)
2025-11-17 20:24:58.353 [http-nio-8080-exec-1] DEBUG org.hibernate.SQL - 
    insert 
    into
        game_platforms
        (game_id, platform_id) 
    values
        (?, ?)
2025-11-17 20:24:58.538 [http-nio-8080-exec-1] DEBUG org.hibernate.SQL - 
    insert 
    into
        game_genres
        (game_id, genre_id) 
    values
        (?, ?)
2025-11-17 20:24:58.723 [http-nio-8080-exec-1] DEBUG org.hibernate.SQL - 
    insert 
    into
        game_platforms
        (game_id, platform_id) 
    values
        (?, ?)
2025-11-17 20:24:58.905 [http-nio-8080-exec-1] DEBUG org.hibernate.SQL - 
    insert 
    into
        game_platforms
        (game_id, platform_id) 
    values
        (?, ?)
2025-11-17 20:24:59.089 [http-nio-8080-exec-1] DEBUG org.hibernate.SQL - 
    insert 
    into
        game_platforms
        (game_id, platform_id) 
    values
        (?, ?)
2025-11-17 20:24:59.272 [http-nio-8080-exec-1] DEBUG org.hibernate.SQL - 
    insert 
    into
        game_platforms
        (game_id, platform_id) 
    values
        (?, ?)
2025-11-17 20:24:59.461 [http-nio-8080-exec-1] DEBUG org.hibernate.SQL - 
    insert 
    into
        game_platforms
        (game_id, platform_id) 
    values
        (?, ?)
2025-11-17 20:24:59.645 [http-nio-8080-exec-1] DEBUG org.hibernate.SQL - 
    insert 
    into
        game_platforms
        (game_id, platform_id) 
    values
        (?, ?)
2025-11-17 20:24:59.828 [http-nio-8080-exec-1] DEBUG org.hibernate.SQL - 
    insert 
    into
        game_genres
        (game_id, genre_id) 
    values
        (?, ?)
2025-11-17 20:25:00.011 [http-nio-8080-exec-1] DEBUG org.hibernate.SQL - 
    insert 
    into
        game_genres
        (game_id, genre_id) 
    values
        (?, ?)
2025-11-17 20:25:00.194 [http-nio-8080-exec-1] DEBUG org.hibernate.SQL - 
    insert 
    into
        game_platforms
        (game_id, platform_id) 
    values
        (?, ?)
2025-11-17 20:25:00.378 [http-nio-8080-exec-1] DEBUG org.hibernate.SQL - 
    insert 
    into
        game_platforms
        (game_id, platform_id) 
    values
        (?, ?)
2025-11-17 20:25:00.561 [http-nio-8080-exec-1] DEBUG org.hibernate.SQL - 
    insert 
    into
        game_platforms
        (game_id, platform_id) 
    values
        (?, ?)
2025-11-17 20:25:00.743 [http-nio-8080-exec-1] DEBUG org.hibernate.SQL - 
    insert 
    into
        game_platforms
        (game_id, platform_id) 
    values
        (?, ?)
2025-11-17 20:25:00.929 [http-nio-8080-exec-1] DEBUG org.hibernate.SQL - 
    insert 
    into
        game_platforms
        (game_id, platform_id) 
    values
        (?, ?)
2025-11-17 20:25:01.112 [http-nio-8080-exec-1] DEBUG org.hibernate.SQL - 
    insert 
    into
        game_platforms
        (game_id, platform_id) 
    values
        (?, ?)
2025-11-17 20:25:01.295 [http-nio-8080-exec-1] DEBUG org.hibernate.SQL - 
    insert 
    into
        game_platforms
        (game_id, platform_id) 
    values
        (?, ?)
2025-11-17 20:25:01.479 [http-nio-8080-exec-1] DEBUG org.hibernate.SQL - 
    insert 
    into
        game_genres
        (game_id, genre_id) 
    values
        (?, ?)
2025-11-17 20:25:01.661 [http-nio-8080-exec-1] DEBUG org.hibernate.SQL - 
    insert 
    into
        game_genres
        (game_id, genre_id) 
    values
        (?, ?)
2025-11-17 20:25:01.844 [http-nio-8080-exec-1] DEBUG org.hibernate.SQL - 
    insert 
    into
        game_platforms
        (game_id, platform_id) 
    values
        (?, ?)
2025-11-17 20:25:02.025 [http-nio-8080-exec-1] DEBUG org.hibernate.SQL - 
    insert 
    into
        game_platforms
        (game_id, platform_id) 
    values
        (?, ?)
2025-11-17 20:25:02.209 [http-nio-8080-exec-1] DEBUG org.hibernate.SQL - 
    insert 
    into
        game_platforms
        (game_id, platform_id) 
    values
        (?, ?)
2025-11-17 20:25:02.392 [http-nio-8080-exec-1] DEBUG org.hibernate.SQL - 
    insert 
    into
        game_platforms
        (game_id, platform_id) 
    values
        (?, ?)
2025-11-17 20:25:02.573 [http-nio-8080-exec-1] DEBUG org.hibernate.SQL - 
    insert 
    into
        game_genres
        (game_id, genre_id) 
    values
        (?, ?)
2025-11-17 20:25:02.755 [http-nio-8080-exec-1] DEBUG org.hibernate.SQL - 
    insert 
    into
        game_genres
        (game_id, genre_id) 
    values
        (?, ?)
2025-11-17 20:25:02.938 [http-nio-8080-exec-1] DEBUG org.hibernate.SQL - 
    insert 
    into
        game_platforms
        (game_id, platform_id) 
    values
        (?, ?)
2025-11-17 20:25:03.125 [http-nio-8080-exec-1] DEBUG org.hibernate.SQL - 
    insert 
    into
        game_platforms
        (game_id, platform_id) 
    values
        (?, ?)
2025-11-17 20:25:03.310 [http-nio-8080-exec-1] DEBUG org.hibernate.SQL - 
    insert 
    into
        game_platforms
        (game_id, platform_id) 
    values
        (?, ?)
2025-11-17 20:25:03.493 [http-nio-8080-exec-1] DEBUG org.hibernate.SQL - 
    insert 
    into
        game_platforms
        (game_id, platform_id) 
    values
        (?, ?)
2025-11-17 20:25:03.676 [http-nio-8080-exec-1] DEBUG org.hibernate.SQL - 
    insert 
    into
        game_platforms
        (game_id, platform_id) 
    values
        (?, ?)
2025-11-17 20:25:03.859 [http-nio-8080-exec-1] DEBUG org.hibernate.SQL - 
    insert 
    into
        game_platforms
        (game_id, platform_id) 
    values
        (?, ?)
2025-11-17 20:25:04.040 [http-nio-8080-exec-1] DEBUG org.hibernate.SQL - 
    insert 
    into
        game_platforms
        (game_id, platform_id) 
    values
        (?, ?)
2025-11-17 20:25:04.223 [http-nio-8080-exec-1] DEBUG org.hibernate.SQL - 
    insert 
    into
        game_platforms
        (game_id, platform_id) 
    values
        (?, ?)
2025-11-17 20:25:04.405 [http-nio-8080-exec-1] DEBUG org.hibernate.SQL - 
    insert 
    into
        game_genres
        (game_id, genre_id) 
    values
        (?, ?)
2025-11-17 20:25:04.588 [http-nio-8080-exec-1] DEBUG org.hibernate.SQL - 
    insert 
    into
        game_platforms
        (game_id, platform_id) 
    values
        (?, ?)
2025-11-17 20:25:04.771 [http-nio-8080-exec-1] DEBUG org.hibernate.SQL - 
    insert 
    into
        game_platforms
        (game_id, platform_id) 
    values
        (?, ?)
2025-11-17 20:25:04.953 [http-nio-8080-exec-1] DEBUG org.hibernate.SQL - 
    insert 
    into
        game_platforms
        (game_id, platform_id) 
    values
        (?, ?)
2025-11-17 20:25:05.136 [http-nio-8080-exec-1] DEBUG org.hibernate.SQL - 
    insert 
    into
        game_genres
        (game_id, genre_id) 
    values
        (?, ?)
2025-11-17 20:25:05.318 [http-nio-8080-exec-1] DEBUG org.hibernate.SQL - 
    insert 
    into
        game_genres
        (game_id, genre_id) 
    values
        (?, ?)
2025-11-17 20:25:05.501 [http-nio-8080-exec-1] DEBUG org.hibernate.SQL - 
    insert 
    into
        game_platforms
        (game_id, platform_id) 
    values
        (?, ?)
2025-11-17 20:25:05.686 [http-nio-8080-exec-1] DEBUG org.hibernate.SQL - 
    insert 
    into
        game_platforms
        (game_id, platform_id) 
    values
        (?, ?)
2025-11-17 20:25:05.869 [http-nio-8080-exec-1] DEBUG org.hibernate.SQL - 
    insert 
    into
        game_platforms
        (game_id, platform_id) 
    values
        (?, ?)
2025-11-17 20:25:06.051 [http-nio-8080-exec-1] DEBUG org.hibernate.SQL - 
    insert 
    into
        game_platforms
        (game_id, platform_id) 
    values
        (?, ?)
2025-11-17 20:25:06.237 [http-nio-8080-exec-1] DEBUG org.hibernate.SQL - 
    insert 
    into
        game_platforms
        (game_id, platform_id) 
    values
        (?, ?)
2025-11-17 20:25:06.422 [http-nio-8080-exec-1] DEBUG org.hibernate.SQL - 
    insert 
    into
        game_platforms
        (game_id, platform_id) 
    values
        (?, ?)
2025-11-17 20:25:06.603 [http-nio-8080-exec-1] DEBUG org.hibernate.SQL - 
    insert 
    into
        game_platforms
        (game_id, platform_id) 
    values
        (?, ?)
2025-11-17 20:25:06.786 [http-nio-8080-exec-1] DEBUG org.hibernate.SQL - 
    insert 
    into
        game_genres
        (game_id, genre_id) 
    values
        (?, ?)
2025-11-17 20:25:06.970 [http-nio-8080-exec-1] DEBUG org.hibernate.SQL - 
    insert 
    into
        game_genres
        (game_id, genre_id) 
    values
        (?, ?)
2025-11-17 20:25:07.152 [http-nio-8080-exec-1] DEBUG org.hibernate.SQL - 
    insert 
    into
        game_platforms
        (game_id, platform_id) 
    values
        (?, ?)
2025-11-17 20:25:07.334 [http-nio-8080-exec-1] DEBUG org.hibernate.SQL - 
    insert 
    into
        game_platforms
        (game_id, platform_id) 
    values
        (?, ?)
2025-11-17 20:25:07.517 [http-nio-8080-exec-1] DEBUG org.hibernate.SQL - 
    insert 
    into
        game_platforms
        (game_id, platform_id) 
    values
        (?, ?)
2025-11-17 20:25:07.700 [http-nio-8080-exec-1] DEBUG org.hibernate.SQL - 
    insert 
    into
        game_platforms
        (game_id, platform_id) 
    values
        (?, ?)
2025-11-17 20:25:07.883 [http-nio-8080-exec-1] DEBUG org.hibernate.SQL - 
    insert 
    into
        game_platforms
        (game_id, platform_id) 
    values
        (?, ?)
2025-11-17 20:25:08.068 [http-nio-8080-exec-1] DEBUG org.hibernate.SQL - 
    insert 
    into
        game_platforms
        (game_id, platform_id) 
    values
        (?, ?)
2025-11-17 20:25:08.252 [http-nio-8080-exec-1] DEBUG org.hibernate.SQL - 
    insert 
    into
        game_genres
        (game_id, genre_id) 
    values
        (?, ?)
2025-11-17 20:25:08.435 [http-nio-8080-exec-1] DEBUG org.hibernate.SQL - 
    insert 
    into
        game_genres
        (game_id, genre_id) 
    values
        (?, ?)
2025-11-17 20:25:08.617 [http-nio-8080-exec-1] DEBUG org.hibernate.SQL - 
    insert 
    into
        game_genres
        (game_id, genre_id) 
    values
        (?, ?)
2025-11-17 20:25:08.801 [http-nio-8080-exec-1] DEBUG org.hibernate.SQL - 
    insert 
    into
        game_platforms
        (game_id, platform_id) 
    values
        (?, ?)
2025-11-17 20:25:08.983 [http-nio-8080-exec-1] DEBUG org.hibernate.SQL - 
    insert 
    into
        game_platforms
        (game_id, platform_id) 
    values
        (?, ?)
2025-11-17 20:25:09.167 [http-nio-8080-exec-1] DEBUG org.hibernate.SQL - 
    insert 
    into
        game_platforms
        (game_id, platform_id) 
    values
        (?, ?)
2025-11-17 20:25:09.348 [http-nio-8080-exec-1] DEBUG org.hibernate.SQL - 
    insert 
    into
        game_platforms
        (game_id, platform_id) 
    values
        (?, ?)
2025-11-17 20:25:09.529 [http-nio-8080-exec-1] DEBUG org.hibernate.SQL - 
    insert 
    into
        game_platforms
        (game_id, platform_id) 
    values
        (?, ?)
2025-11-17 20:25:09.711 [http-nio-8080-exec-1] DEBUG org.hibernate.SQL - 
    insert 
    into
        game_platforms
        (game_id, platform_id) 
    values
        (?, ?)
2025-11-17 20:25:09.892 [http-nio-8080-exec-1] DEBUG org.hibernate.SQL - 
    insert 
    into
        game_platforms
        (game_id, platform_id) 
    values
        (?, ?)
2025-11-17 20:25:10.075 [http-nio-8080-exec-1] DEBUG org.hibernate.SQL - 
    insert 
    into
        game_genres
        (game_id, genre_id) 
    values
        (?, ?)
2025-11-17 20:25:10.258 [http-nio-8080-exec-1] DEBUG org.hibernate.SQL - 
    insert 
    into
        game_platforms
        (game_id, platform_id) 
    values
        (?, ?)
2025-11-17 20:25:10.442 [http-nio-8080-exec-1] DEBUG org.hibernate.SQL - 
    insert 
    into
        game_platforms
        (game_id, platform_id) 
    values
        (?, ?)
2025-11-17 20:25:10.625 [http-nio-8080-exec-1] DEBUG org.hibernate.SQL - 
    insert 
    into
        game_platforms
        (game_id, platform_id) 
    values
        (?, ?)
2025-11-17 20:25:10.808 [http-nio-8080-exec-1] DEBUG org.hibernate.SQL - 
    insert 
    into
        game_platforms
        (game_id, platform_id) 
    values
        (?, ?)
2025-11-17 20:25:10.991 [http-nio-8080-exec-1] DEBUG org.hibernate.SQL - 
    insert 
    into
        game_platforms
        (game_id, platform_id) 
    values
        (?, ?)
2025-11-17 20:25:11.175 [http-nio-8080-exec-1] DEBUG org.hibernate.SQL - 
    insert 
    into
        game_platforms
        (game_id, platform_id) 
    values
        (?, ?)
2025-11-17 20:25:11.366 [http-nio-8080-exec-1] DEBUG org.hibernate.SQL - 
    insert 
    into
        game_platforms
        (game_id, platform_id) 
    values
        (?, ?)
2025-11-17 20:25:11.549 [http-nio-8080-exec-1] DEBUG org.hibernate.SQL - 
    insert 
    into
        game_platforms
        (game_id, platform_id) 
    values
        (?, ?)
2025-11-17 20:25:11.731 [http-nio-8080-exec-1] DEBUG org.hibernate.SQL - 
    insert 
    into
        game_platforms
        (game_id, platform_id) 
    values
        (?, ?)
2025-11-17 20:25:11.915 [http-nio-8080-exec-1] DEBUG org.hibernate.SQL - 
    insert 
    into
        game_genres
        (game_id, genre_id) 
    values
        (?, ?)
2025-11-17 20:25:12.098 [http-nio-8080-exec-1] DEBUG org.hibernate.SQL - 
    insert 
    into
        game_genres
        (game_id, genre_id) 
    values
        (?, ?)
2025-11-17 20:25:12.283 [http-nio-8080-exec-1] DEBUG org.hibernate.SQL - 
    insert 
    into
        game_platforms
        (game_id, platform_id) 
    values
        (?, ?)
2025-11-17 20:25:12.466 [http-nio-8080-exec-1] DEBUG org.hibernate.SQL - 
    insert 
    into
        game_platforms
        (game_id, platform_id) 
    values
        (?, ?)
2025-11-17 20:25:12.649 [http-nio-8080-exec-1] DEBUG org.hibernate.SQL - 
    insert 
    into
        game_platforms
        (game_id, platform_id) 
    values
        (?, ?)
2025-11-17 20:25:12.834 [http-nio-8080-exec-1] DEBUG org.hibernate.SQL - 
    insert 
    into
        game_platforms
        (game_id, platform_id) 
    values
        (?, ?)
2025-11-17 20:25:13.017 [http-nio-8080-exec-1] DEBUG org.hibernate.SQL - 
    insert 
    into
        game_genres
        (game_id, genre_id) 
    values
        (?, ?)
2025-11-17 20:25:13.201 [http-nio-8080-exec-1] DEBUG org.hibernate.SQL - 
    insert 
    into
        game_genres
        (game_id, genre_id) 
    values
        (?, ?)
2025-11-17 20:25:13.383 [http-nio-8080-exec-1] DEBUG org.hibernate.SQL - 
    insert 
    into
        game_platforms
        (game_id, platform_id) 
    values
        (?, ?)
2025-11-17 20:25:13.570 [http-nio-8080-exec-1] DEBUG org.hibernate.SQL - 
    insert 
    into
        game_platforms
        (game_id, platform_id) 
    values
        (?, ?)
2025-11-17 20:25:13.755 [http-nio-8080-exec-1] DEBUG org.hibernate.SQL - 
    insert 
    into
        game_platforms
        (game_id, platform_id) 
    values
        (?, ?)
2025-11-17 20:25:13.938 [http-nio-8080-exec-1] DEBUG org.hibernate.SQL - 
    insert 
    into
        game_platforms
        (game_id, platform_id) 
    values
        (?, ?)
2025-11-17 20:25:14.121 [http-nio-8080-exec-1] DEBUG org.hibernate.SQL - 
    insert 
    into
        game_platforms
        (game_id, platform_id) 
    values
        (?, ?)
2025-11-17 20:25:14.306 [http-nio-8080-exec-1] DEBUG org.hibernate.SQL - 
    insert 
    into
        game_platforms
        (game_id, platform_id) 
    values
        (?, ?)
2025-11-17 20:25:14.492 [http-nio-8080-exec-1] DEBUG org.hibernate.SQL - 
    insert 
    into
        game_genres
        (game_id, genre_id) 
    values
        (?, ?)
2025-11-17 20:25:14.676 [http-nio-8080-exec-1] DEBUG org.hibernate.SQL - 
    insert 
    into
        game_platforms
        (game_id, platform_id) 
    values
        (?, ?)
2025-11-17 20:25:14.863 [http-nio-8080-exec-1] DEBUG org.hibernate.SQL - 
    insert 
    into
        game_platforms
        (game_id, platform_id) 
    values
        (?, ?)
2025-11-17 20:25:15.048 [http-nio-8080-exec-1] DEBUG org.hibernate.SQL - 
    insert 
    into
        game_genres
        (game_id, genre_id) 
    values
        (?, ?)
2025-11-17 20:25:15.232 [http-nio-8080-exec-1] DEBUG org.hibernate.SQL - 
    insert 
    into
        game_genres
        (game_id, genre_id) 
    values
        (?, ?)
2025-11-17 20:25:15.415 [http-nio-8080-exec-1] DEBUG org.hibernate.SQL - 
    insert 
    into
        game_platforms
        (game_id, platform_id) 
    values
        (?, ?)
2025-11-17 20:25:15.598 [http-nio-8080-exec-1] DEBUG org.hibernate.SQL - 
    insert 
    into
        game_platforms
        (game_id, platform_id) 
    values
        (?, ?)
2025-11-17 20:25:15.781 [http-nio-8080-exec-1] DEBUG org.hibernate.SQL - 
    insert 
    into
        game_platforms
        (game_id, platform_id) 
    values
        (?, ?)
2025-11-17 20:25:15.963 [http-nio-8080-exec-1] DEBUG org.hibernate.SQL - 
    insert 
    into
        game_platforms
        (game_id, platform_id) 
    values
        (?, ?)
2025-11-17 20:25:16.147 [http-nio-8080-exec-1] DEBUG org.hibernate.SQL - 
    insert 
    into
        game_genres
        (game_id, genre_id) 
    values
        (?, ?)
2025-11-17 20:25:16.330 [http-nio-8080-exec-1] DEBUG org.hibernate.SQL - 
    insert 
    into
        game_genres
        (game_id, genre_id) 
    values
        (?, ?)
2025-11-17 20:25:16.512 [http-nio-8080-exec-1] DEBUG org.hibernate.SQL - 
    insert 
    into
        game_platforms
        (game_id, platform_id) 
    values
        (?, ?)
2025-11-17 20:25:16.696 [http-nio-8080-exec-1] DEBUG org.hibernate.SQL - 
    insert 
    into
        game_platforms
        (game_id, platform_id) 
    values
        (?, ?)
2025-11-17 20:25:16.879 [http-nio-8080-exec-1] DEBUG org.hibernate.SQL - 
    insert 
    into
        game_platforms
        (game_id, platform_id) 
    values
        (?, ?)
2025-11-17 20:25:17.062 [http-nio-8080-exec-1] DEBUG org.hibernate.SQL - 
    insert 
    into
        game_genres
        (game_id, genre_id) 
    values
        (?, ?)
2025-11-17 20:25:17.245 [http-nio-8080-exec-1] DEBUG org.hibernate.SQL - 
    insert 
    into
        game_genres
        (game_id, genre_id) 
    values
        (?, ?)
2025-11-17 20:25:17.428 [http-nio-8080-exec-1] DEBUG org.hibernate.SQL - 
    insert 
    into
        game_genres
        (game_id, genre_id) 
    values
        (?, ?)
2025-11-17 20:25:17.611 [http-nio-8080-exec-1] DEBUG org.hibernate.SQL - 
    insert 
    into
        game_genres
        (game_id, genre_id) 
    values
        (?, ?)
2025-11-17 20:25:17.793 [http-nio-8080-exec-1] DEBUG org.hibernate.SQL - 
    insert 
    into
        game_genres
        (game_id, genre_id) 
    values
        (?, ?)
2025-11-17 20:25:17.975 [http-nio-8080-exec-1] DEBUG org.hibernate.SQL - 
    insert 
    into
        game_platforms
        (game_id, platform_id) 
    values
        (?, ?)
2025-11-17 20:25:18.162 [http-nio-8080-exec-1] DEBUG org.hibernate.SQL - 
    insert 
    into
        game_platforms
        (game_id, platform_id) 
    values
        (?, ?)
2025-11-17 20:25:18.345 [http-nio-8080-exec-1] DEBUG org.hibernate.SQL - 
    insert 
    into
        game_platforms
        (game_id, platform_id) 
    values
        (?, ?)
2025-11-17 20:25:18.531 [http-nio-8080-exec-1] DEBUG org.hibernate.SQL - 
    insert 
    into
        game_platforms
        (game_id, platform_id) 
    values
        (?, ?)
2025-11-17 20:25:18.714 [http-nio-8080-exec-1] DEBUG org.hibernate.SQL - 
    insert 
    into
        game_platforms
        (game_id, platform_id) 
    values
        (?, ?)
2025-11-17 20:25:18.898 [http-nio-8080-exec-1] DEBUG org.hibernate.SQL - 
    insert 
    into
        game_platforms
        (game_id, platform_id) 
    values
        (?, ?)
2025-11-17 20:25:19.082 [http-nio-8080-exec-1] DEBUG org.hibernate.SQL - 
    insert 
    into
        game_platforms
        (game_id, platform_id) 
    values
        (?, ?)
2025-11-17 20:25:19.264 [http-nio-8080-exec-1] DEBUG org.hibernate.SQL - 
    insert 
    into
        game_platforms
        (game_id, platform_id) 
    values
        (?, ?)
2025-11-17 20:25:19.446 [http-nio-8080-exec-1] DEBUG org.hibernate.SQL - 
    insert 
    into
        game_platforms
        (game_id, platform_id) 
    values
        (?, ?)
2025-11-17 20:25:19.629 [http-nio-8080-exec-1] DEBUG org.hibernate.SQL - 
    insert 
    into
        game_platforms
        (game_id, platform_id) 
    values
        (?, ?)
2025-11-17 20:25:19.811 [http-nio-8080-exec-1] DEBUG org.hibernate.SQL - 
    insert 
    into
        game_platforms
        (game_id, platform_id) 
    values
        (?, ?)
2025-11-17 20:25:19.995 [http-nio-8080-exec-1] DEBUG org.hibernate.SQL - 
    insert 
    into
        game_genres
        (game_id, genre_id) 
    values
        (?, ?)
2025-11-17 20:25:20.181 [http-nio-8080-exec-1] DEBUG org.hibernate.SQL - 
    insert 
    into
        game_genres
        (game_id, genre_id) 
    values
        (?, ?)
2025-11-17 20:25:20.364 [http-nio-8080-exec-1] DEBUG org.hibernate.SQL - 
    insert 
    into
        game_platforms
        (game_id, platform_id) 
    values
        (?, ?)
2025-11-17 20:25:20.546 [http-nio-8080-exec-1] DEBUG org.hibernate.SQL - 
    insert 
    into
        game_platforms
        (game_id, platform_id) 
    values
        (?, ?)
2025-11-17 20:25:20.729 [http-nio-8080-exec-1] DEBUG org.hibernate.SQL - 
    insert 
    into
        game_platforms
        (game_id, platform_id) 
    values
        (?, ?)
2025-11-17 20:25:20.913 [http-nio-8080-exec-1] DEBUG org.hibernate.SQL - 
    insert 
    into
        game_genres
        (game_id, genre_id) 
    values
        (?, ?)
2025-11-17 20:25:21.096 [http-nio-8080-exec-1] DEBUG org.hibernate.SQL - 
    insert 
    into
        game_genres
        (game_id, genre_id) 
    values
        (?, ?)
2025-11-17 20:25:21.278 [http-nio-8080-exec-1] DEBUG org.hibernate.SQL - 
    insert 
    into
        game_platforms
        (game_id, platform_id) 
    values
        (?, ?)
2025-11-17 20:25:21.461 [http-nio-8080-exec-1] DEBUG org.hibernate.SQL - 
    insert 
    into
        game_platforms
        (game_id, platform_id) 
    values
        (?, ?)
2025-11-17 20:25:21.656 [http-nio-8080-exec-1] DEBUG org.hibernate.SQL - 
    insert 
    into
        game_platforms
        (game_id, platform_id) 
    values
        (?, ?)
2025-11-17 20:25:21.839 [http-nio-8080-exec-1] DEBUG org.hibernate.SQL - 
    insert 
    into
        game_platforms
        (game_id, platform_id) 
    values
        (?, ?)
2025-11-17 20:25:22.023 [http-nio-8080-exec-1] DEBUG org.hibernate.SQL - 
    insert 
    into
        game_genres
        (game_id, genre_id) 
    values
        (?, ?)
2025-11-17 20:25:22.206 [http-nio-8080-exec-1] DEBUG org.hibernate.SQL - 
    insert 
    into
        game_genres
        (game_id, genre_id) 
    values
        (?, ?)
2025-11-17 20:25:22.388 [http-nio-8080-exec-1] DEBUG org.hibernate.SQL - 
    insert 
    into
        game_genres
        (game_id, genre_id) 
    values
        (?, ?)
2025-11-17 20:25:22.570 [http-nio-8080-exec-1] DEBUG org.hibernate.SQL - 
    insert 
    into
        game_platforms
        (game_id, platform_id) 
    values
        (?, ?)
2025-11-17 20:25:22.753 [http-nio-8080-exec-1] DEBUG org.hibernate.SQL - 
    insert 
    into
        game_platforms
        (game_id, platform_id) 
    values
        (?, ?)
2025-11-17 20:25:22.938 [http-nio-8080-exec-1] DEBUG org.hibernate.SQL - 
    insert 
    into
        game_platforms
        (game_id, platform_id) 
    values
        (?, ?)
2025-11-17 20:25:23.121 [http-nio-8080-exec-1] DEBUG org.hibernate.SQL - 
    insert 
    into
        game_platforms
        (game_id, platform_id) 
    values
        (?, ?)
2025-11-17 20:25:23.306 [http-nio-8080-exec-1] DEBUG org.hibernate.SQL - 
    insert 
    into
        game_platforms
        (game_id, platform_id) 
    values
        (?, ?)
2025-11-17 20:25:23.490 [http-nio-8080-exec-1] DEBUG org.hibernate.SQL - 
    insert 
    into
        game_platforms
        (game_id, platform_id) 
    values
        (?, ?)
2025-11-17 20:25:23.673 [http-nio-8080-exec-1] DEBUG org.hibernate.SQL - 
    insert 
    into
        game_genres
        (game_id, genre_id) 
    values
        (?, ?)
2025-11-17 20:25:23.855 [http-nio-8080-exec-1] DEBUG org.hibernate.SQL - 
    insert 
    into
        game_genres
        (game_id, genre_id) 
    values
        (?, ?)
2025-11-17 20:25:24.037 [http-nio-8080-exec-1] DEBUG org.hibernate.SQL - 
    insert 
    into
        game_genres
        (game_id, genre_id) 
    values
        (?, ?)
2025-11-17 20:25:24.220 [http-nio-8080-exec-1] DEBUG org.hibernate.SQL - 
    insert 
    into
        game_platforms
        (game_id, platform_id) 
    values
        (?, ?)
2025-11-17 20:25:24.404 [http-nio-8080-exec-1] DEBUG org.hibernate.SQL - 
    insert 
    into
        game_platforms
        (game_id, platform_id) 
    values
        (?, ?)
2025-11-17 20:25:24.586 [http-nio-8080-exec-1] DEBUG org.hibernate.SQL - 
    insert 
    into
        game_platforms
        (game_id, platform_id) 
    values
        (?, ?)
2025-11-17 20:25:24.770 [http-nio-8080-exec-1] DEBUG org.hibernate.SQL - 
    insert 
    into
        game_platforms
        (game_id, platform_id) 
    values
        (?, ?)
2025-11-17 20:25:24.955 [http-nio-8080-exec-1] DEBUG org.hibernate.SQL - 
    insert 
    into
        game_platforms
        (game_id, platform_id) 
    values
        (?, ?)
2025-11-17 20:25:25.139 [http-nio-8080-exec-1] DEBUG org.hibernate.SQL - 
    insert 
    into
        game_platforms
        (game_id, platform_id) 
    values
        (?, ?)
2025-11-17 20:25:25.320 [http-nio-8080-exec-1] DEBUG org.hibernate.SQL - 
    insert 
    into
        game_platforms
        (game_id, platform_id) 
    values
        (?, ?)
2025-11-17 20:25:25.504 [http-nio-8080-exec-1] DEBUG org.hibernate.SQL - 
    insert 
    into
        game_platforms
        (game_id, platform_id) 
    values
        (?, ?)
2025-11-17 20:25:25.687 [http-nio-8080-exec-1] DEBUG org.hibernate.SQL - 
    insert 
    into
        game_platforms
        (game_id, platform_id) 
    values
        (?, ?)
2025-11-17 20:25:25.871 [http-nio-8080-exec-1] DEBUG org.hibernate.SQL - 
    insert 
    into
        game_platforms
        (game_id, platform_id) 
    values
        (?, ?)
2025-11-17 20:25:26.054 [http-nio-8080-exec-1] DEBUG org.hibernate.SQL - 
    insert 
    into
        game_platforms
        (game_id, platform_id) 
    values
        (?, ?)
2025-11-17 20:25:26.238 [http-nio-8080-exec-1] DEBUG org.hibernate.SQL - 
    insert 
    into
        game_platforms
        (game_id, platform_id) 
    values
        (?, ?)
2025-11-17 20:25:26.422 [http-nio-8080-exec-1] DEBUG org.hibernate.SQL - 
    insert 
    into
        game_platforms
        (game_id, platform_id) 
    values
        (?, ?)
2025-11-17 20:25:26.604 [http-nio-8080-exec-1] DEBUG org.hibernate.SQL - 
    insert 
    into
        game_genres
        (game_id, genre_id) 
    values
        (?, ?)
2025-11-17 20:25:26.796 [http-nio-8080-exec-1] DEBUG org.hibernate.SQL - 
    insert 
    into
        game_genres
        (game_id, genre_id) 
    values
        (?, ?)
2025-11-17 20:25:26.978 [http-nio-8080-exec-1] DEBUG org.hibernate.SQL - 
    insert 
    into
        game_platforms
        (game_id, platform_id) 
    values
        (?, ?)
2025-11-17 20:25:27.160 [http-nio-8080-exec-1] DEBUG org.hibernate.SQL - 
    insert 
    into
        game_platforms
        (game_id, platform_id) 
    values
        (?, ?)
2025-11-17 20:25:27.342 [http-nio-8080-exec-1] DEBUG org.hibernate.SQL - 
    insert 
    into
        game_platforms
        (game_id, platform_id) 
    values
        (?, ?)
2025-11-17 20:25:27.527 [http-nio-8080-exec-1] DEBUG org.hibernate.SQL - 
    insert 
    into
        game_genres
        (game_id, genre_id) 
    values
        (?, ?)
2025-11-17 20:25:27.712 [http-nio-8080-exec-1] DEBUG org.hibernate.SQL - 
    insert 
    into
        game_genres
        (game_id, genre_id) 
    values
        (?, ?)
2025-11-17 20:25:27.898 [http-nio-8080-exec-1] DEBUG org.hibernate.SQL - 
    insert 
    into
        game_genres
        (game_id, genre_id) 
    values
        (?, ?)
2025-11-17 20:25:28.081 [http-nio-8080-exec-1] DEBUG org.hibernate.SQL - 
    insert 
    into
        game_genres
        (game_id, genre_id) 
    values
        (?, ?)
2025-11-17 20:25:28.265 [http-nio-8080-exec-1] DEBUG org.hibernate.SQL - 
    insert 
    into
        game_platforms
        (game_id, platform_id) 
    values
        (?, ?)
2025-11-17 20:25:28.448 [http-nio-8080-exec-1] DEBUG org.hibernate.SQL - 
    insert 
    into
        game_platforms
        (game_id, platform_id) 
    values
        (?, ?)
2025-11-17 20:25:28.632 [http-nio-8080-exec-1] DEBUG org.hibernate.SQL - 
    insert 
    into
        game_platforms
        (game_id, platform_id) 
    values
        (?, ?)
2025-11-17 20:25:28.816 [http-nio-8080-exec-1] DEBUG org.hibernate.SQL - 
    insert 
    into
        game_platforms
        (game_id, platform_id) 
    values
        (?, ?)
2025-11-17 20:25:29.000 [http-nio-8080-exec-1] DEBUG org.hibernate.SQL - 
    insert 
    into
        game_platforms
        (game_id, platform_id) 
    values
        (?, ?)
2025-11-17 20:25:29.182 [http-nio-8080-exec-1] DEBUG org.hibernate.SQL - 
    insert 
    into
        game_platforms
        (game_id, platform_id) 
    values
        (?, ?)
2025-11-17 20:25:29.365 [http-nio-8080-exec-1] DEBUG org.hibernate.SQL - 
    insert 
    into
        game_platforms
        (game_id, platform_id) 
    values
        (?, ?)
2025-11-17 20:25:29.978 [http-nio-8080-exec-1] DEBUG o.s.s.w.a.AnonymousAuthenticationFilter - Set SecurityContextHolder to anonymous SecurityContext
2025-11-17 20:32:31.417 [SpringApplicationShutdownHook] INFO  o.s.b.w.e.tomcat.GracefulShutdown - Commencing graceful shutdown. Waiting for active requests to complete
2025-11-17 20:32:31.425 [tomcat-shutdown] INFO  o.s.b.w.e.tomcat.GracefulShutdown - Graceful shutdown complete
2025-11-17 20:32:31.436 [SpringApplicationShutdownHook] INFO  o.s.o.j.LocalContainerEntityManagerFactoryBean - Closing JPA EntityManagerFactory for persistence unit 'default'
2025-11-17 20:32:31.444 [SpringApplicationShutdownHook] INFO  com.zaxxer.hikari.HikariDataSource - HikariPool-1 - Shutdown initiated...
2025-11-17 20:32:31.492 [SpringApplicationShutdownHook] INFO  com.zaxxer.hikari.HikariDataSource - HikariPool-1 - Shutdown completed.
2025-11-17 20:36:07.997 [restartedMain] INFO  com.gamescore.back.BackApplication - Starting BackApplication using Java 21.0.8 with PID 14255 (/Users/hug0gil/Desktop/DAW/DWESE/Proyectos/GameScore/back/target/classes started by hug0gil in /Users/hug0gil/Desktop/DAW/DWESE/Proyectos/GameScore/back)
2025-11-17 20:36:07.998 [restartedMain] DEBUG com.gamescore.back.BackApplication - Running with Spring Boot v3.5.7, Spring v6.2.12
2025-11-17 20:36:07.998 [restartedMain] INFO  com.gamescore.back.BackApplication - No active profile set, falling back to 1 default profile: "default"
2025-11-17 20:36:08.020 [restartedMain] INFO  o.s.b.d.e.DevToolsPropertyDefaultsPostProcessor - Devtools property defaults active! Set 'spring.devtools.add-properties' to 'false' to disable
2025-11-17 20:36:08.020 [restartedMain] INFO  o.s.b.d.e.DevToolsPropertyDefaultsPostProcessor - For additional web related logging consider setting the 'logging.level.web' property to 'DEBUG'
2025-11-17 20:36:08.401 [restartedMain] INFO  o.s.d.r.c.RepositoryConfigurationDelegate - Bootstrapping Spring Data JPA repositories in DEFAULT mode.
2025-11-17 20:36:08.438 [restartedMain] INFO  o.s.d.r.c.RepositoryConfigurationDelegate - Finished Spring Data repository scanning in 31 ms. Found 4 JPA repository interfaces.
2025-11-17 20:36:08.776 [restartedMain] INFO  o.s.b.w.e.tomcat.TomcatWebServer - Tomcat initialized with port 8080 (http)
2025-11-17 20:36:08.788 [restartedMain] INFO  o.a.catalina.core.StandardService - Starting service [Tomcat]
2025-11-17 20:36:08.788 [restartedMain] INFO  o.a.catalina.core.StandardEngine - Starting Servlet engine: [Apache Tomcat/10.1.48]
2025-11-17 20:36:08.812 [restartedMain] INFO  o.a.c.c.C.[Tomcat].[localhost].[/] - Initializing Spring embedded WebApplicationContext
2025-11-17 20:36:08.812 [restartedMain] INFO  o.s.b.w.s.c.ServletWebServerApplicationContext - Root WebApplicationContext: initialization completed in 791 ms
2025-11-17 20:36:08.936 [restartedMain] INFO  o.h.jpa.internal.util.LogHelper - HHH000204: Processing PersistenceUnitInfo [name: default]
2025-11-17 20:36:08.967 [restartedMain] INFO  org.hibernate.Version - HHH000412: Hibernate ORM core version 6.6.33.Final
2025-11-17 20:36:08.983 [restartedMain] INFO  o.h.c.i.RegionFactoryInitiator - HHH000026: Second-level cache disabled
2025-11-17 20:36:09.116 [restartedMain] INFO  o.s.o.j.p.SpringPersistenceUnitInfo - No LoadTimeWeaver setup: ignoring JPA class transformer
2025-11-17 20:36:09.130 [restartedMain] INFO  com.zaxxer.hikari.HikariDataSource - HikariPool-1 - Starting...
2025-11-17 20:36:11.320 [restartedMain] INFO  com.zaxxer.hikari.pool.HikariPool - HikariPool-1 - Added connection com.mysql.cj.jdbc.ConnectionImpl@39fb642a
2025-11-17 20:36:11.324 [restartedMain] INFO  com.zaxxer.hikari.HikariDataSource - HikariPool-1 - Start completed.
2025-11-17 20:36:11.777 [restartedMain] WARN  org.hibernate.orm.deprecation - HHH90000025: MySQLDialect does not need to be specified explicitly using 'hibernate.dialect' (remove the property setting and it will be selected by default)
2025-11-17 20:36:11.794 [restartedMain] INFO  o.hibernate.orm.connections.pooling - HHH10001005: Database info:
	Database JDBC URL [Connecting through datasource 'HikariDataSource (HikariPool-1)']
	Database driver: undefined/unknown
	Database version: 9.4
	Autocommit mode: undefined/unknown
	Isolation level: undefined/unknown
	Minimum pool size: undefined/unknown
	Maximum pool size: undefined/unknown
2025-11-17 20:36:12.289 [restartedMain] INFO  o.h.e.t.j.p.i.JtaPlatformInitiator - HHH000489: No JTA platform available (set 'hibernate.transaction.jta.platform' to enable JTA platform integration)
2025-11-17 20:36:16.436 [restartedMain] INFO  o.s.o.j.LocalContainerEntityManagerFactoryBean - Initialized JPA EntityManagerFactory for persistence unit 'default'
2025-11-17 20:36:16.645 [restartedMain] INFO  o.s.d.j.r.query.QueryEnhancerFactory - Hibernate is in classpath; If applicable, HQL parser will be used.
2025-11-17 20:36:17.400 [restartedMain] DEBUG o.s.s.c.a.a.c.AuthenticationConfiguration$DefaultPasswordEncoderAuthenticationManagerBuilder - No authenticationProviders and no parentAuthenticationManager defined. Returning null.
2025-11-17 20:36:17.469 [restartedMain] DEBUG o.s.s.web.DefaultSecurityFilterChain - Will secure any request with filters: DisableEncodeUrlFilter, WebAsyncManagerIntegrationFilter, SecurityContextHolderFilter, HeaderWriterFilter, CsrfFilter, LogoutFilter, OAuth2AuthorizationRequestRedirectFilter, OAuth2LoginAuthenticationFilter, UsernamePasswordAuthenticationFilter, DefaultResourcesFilter, DefaultLoginPageGeneratingFilter, DefaultLogoutPageGeneratingFilter, RequestCacheAwareFilter, SecurityContextHolderAwareRequestFilter, AnonymousAuthenticationFilter, ExceptionTranslationFilter, AuthorizationFilter
2025-11-17 20:36:17.776 [restartedMain] INFO  o.s.b.a.h.H2ConsoleAutoConfiguration - H2 console available at '/h2-console'. Database available at 'jdbc:mysql://root:tkLpBtTxRBVsqioSkUDlqnbgmFKxVtiE@crossover.proxy.rlwy.net:27029/railway'
2025-11-17 20:36:17.820 [restartedMain] INFO  o.s.b.d.a.OptionalLiveReloadServer - LiveReload server is running on port 35729
2025-11-17 20:36:17.841 [restartedMain] INFO  o.s.b.w.e.tomcat.TomcatWebServer - Tomcat started on port 8080 (http) with context path '/'
2025-11-17 20:36:17.847 [restartedMain] INFO  com.gamescore.back.BackApplication - Started BackApplication in 10.061 seconds (process running for 10.424)
2025-11-17 20:36:26.184 [http-nio-8080-exec-1] INFO  o.a.c.c.C.[Tomcat].[localhost].[/] - Initializing Spring DispatcherServlet 'dispatcherServlet'
2025-11-17 20:36:26.184 [http-nio-8080-exec-1] INFO  o.s.web.servlet.DispatcherServlet - Initializing Servlet 'dispatcherServlet'
2025-11-17 20:36:26.186 [http-nio-8080-exec-1] INFO  o.s.web.servlet.DispatcherServlet - Completed initialization in 2 ms
2025-11-17 20:36:26.198 [http-nio-8080-exec-1] DEBUG o.s.security.web.FilterChainProxy - Securing GET /games
2025-11-17 20:36:26.206 [http-nio-8080-exec-1] DEBUG o.s.s.w.a.AnonymousAuthenticationFilter - Set SecurityContextHolder to anonymous SecurityContext
2025-11-17 20:36:26.218 [http-nio-8080-exec-1] DEBUG o.s.s.w.s.HttpSessionRequestCache - Saved request http://localhost:8080/games?continue to session
2025-11-17 20:36:26.227 [http-nio-8080-exec-1] DEBUG o.s.s.w.a.DelegatingAuthenticationEntryPoint - Trying to match using And [Not [RequestHeaderRequestMatcher [expectedHeaderName=X-Requested-With, expectedHeaderValue=XMLHttpRequest]], MediaTypeRequestMatcher [contentNegotiationStrategy=org.springframework.web.accept.ContentNegotiationManager@13969d98, matchingMediaTypes=[application/xhtml+xml, image/*, text/html, text/plain], useEquals=false, ignoredMediaTypes=[*/*]]]
2025-11-17 20:36:26.227 [http-nio-8080-exec-1] DEBUG o.s.s.w.a.DelegatingAuthenticationEntryPoint - Match found! Executing org.springframework.security.web.authentication.LoginUrlAuthenticationEntryPoint@7510eeb2
2025-11-17 20:36:26.228 [http-nio-8080-exec-1] DEBUG o.s.s.web.DefaultRedirectStrategy - Redirecting to http://localhost:8080/login
2025-11-17 20:36:26.232 [http-nio-8080-exec-2] DEBUG o.s.security.web.FilterChainProxy - Securing GET /login
2025-11-17 20:36:26.247 [http-nio-8080-exec-3] DEBUG o.s.security.web.FilterChainProxy - Securing GET /default-ui.css
2025-11-17 20:36:26.264 [http-nio-8080-exec-4] DEBUG o.s.security.web.FilterChainProxy - Securing GET /favicon.ico
2025-11-17 20:36:26.265 [http-nio-8080-exec-4] DEBUG o.s.s.w.a.AnonymousAuthenticationFilter - Set SecurityContextHolder to anonymous SecurityContext
2025-11-17 20:36:26.265 [http-nio-8080-exec-4] DEBUG o.s.s.w.a.DelegatingAuthenticationEntryPoint - Trying to match using And [Not [RequestHeaderRequestMatcher [expectedHeaderName=X-Requested-With, expectedHeaderValue=XMLHttpRequest]], MediaTypeRequestMatcher [contentNegotiationStrategy=org.springframework.web.accept.ContentNegotiationManager@13969d98, matchingMediaTypes=[application/xhtml+xml, image/*, text/html, text/plain], useEquals=false, ignoredMediaTypes=[*/*]]]
2025-11-17 20:36:26.265 [http-nio-8080-exec-4] DEBUG o.s.s.w.a.DelegatingAuthenticationEntryPoint - Match found! Executing org.springframework.security.web.authentication.LoginUrlAuthenticationEntryPoint@7510eeb2
2025-11-17 20:36:26.265 [http-nio-8080-exec-4] DEBUG o.s.s.web.DefaultRedirectStrategy - Redirecting to http://localhost:8080/login
2025-11-17 20:36:26.268 [http-nio-8080-exec-5] DEBUG o.s.security.web.FilterChainProxy - Securing GET /login
2025-11-17 20:36:29.845 [http-nio-8080-exec-6] DEBUG o.s.security.web.FilterChainProxy - Securing GET /games
2025-11-17 20:36:29.846 [http-nio-8080-exec-6] DEBUG o.s.s.w.a.AnonymousAuthenticationFilter - Set SecurityContextHolder to anonymous SecurityContext
2025-11-17 20:36:29.847 [http-nio-8080-exec-6] DEBUG o.s.s.w.s.HttpSessionRequestCache - Saved request http://localhost:8080/games?continue to session
2025-11-17 20:36:29.848 [http-nio-8080-exec-6] DEBUG o.s.s.w.a.DelegatingAuthenticationEntryPoint - Trying to match using And [Not [RequestHeaderRequestMatcher [expectedHeaderName=X-Requested-With, expectedHeaderValue=XMLHttpRequest]], MediaTypeRequestMatcher [contentNegotiationStrategy=org.springframework.web.accept.ContentNegotiationManager@13969d98, matchingMediaTypes=[application/xhtml+xml, image/*, text/html, text/plain], useEquals=false, ignoredMediaTypes=[*/*]]]
2025-11-17 20:36:29.848 [http-nio-8080-exec-6] DEBUG o.s.s.w.a.DelegatingAuthenticationEntryPoint - Match found! Executing org.springframework.security.web.authentication.LoginUrlAuthenticationEntryPoint@7510eeb2
2025-11-17 20:36:29.848 [http-nio-8080-exec-6] DEBUG o.s.s.web.DefaultRedirectStrategy - Redirecting to http://localhost:8080/login
2025-11-17 20:36:29.853 [http-nio-8080-exec-8] DEBUG o.s.security.web.FilterChainProxy - Securing GET /login
2025-11-17 20:36:29.868 [http-nio-8080-exec-7] DEBUG o.s.security.web.FilterChainProxy - Securing GET /default-ui.css
2025-11-17 20:36:29.878 [http-nio-8080-exec-9] DEBUG o.s.security.web.FilterChainProxy - Securing GET /favicon.ico
2025-11-17 20:36:29.878 [http-nio-8080-exec-9] DEBUG o.s.s.w.a.AnonymousAuthenticationFilter - Set SecurityContextHolder to anonymous SecurityContext
2025-11-17 20:36:29.878 [http-nio-8080-exec-9] DEBUG o.s.s.w.a.DelegatingAuthenticationEntryPoint - Trying to match using And [Not [RequestHeaderRequestMatcher [expectedHeaderName=X-Requested-With, expectedHeaderValue=XMLHttpRequest]], MediaTypeRequestMatcher [contentNegotiationStrategy=org.springframework.web.accept.ContentNegotiationManager@13969d98, matchingMediaTypes=[application/xhtml+xml, image/*, text/html, text/plain], useEquals=false, ignoredMediaTypes=[*/*]]]
2025-11-17 20:36:29.879 [http-nio-8080-exec-9] DEBUG o.s.s.w.a.DelegatingAuthenticationEntryPoint - Match found! Executing org.springframework.security.web.authentication.LoginUrlAuthenticationEntryPoint@7510eeb2
2025-11-17 20:36:29.879 [http-nio-8080-exec-9] DEBUG o.s.s.web.DefaultRedirectStrategy - Redirecting to http://localhost:8080/login
2025-11-17 20:36:29.881 [http-nio-8080-exec-10] DEBUG o.s.security.web.FilterChainProxy - Securing GET /login
2025-11-17 20:36:34.313 [http-nio-8080-exec-1] DEBUG o.s.security.web.FilterChainProxy - Securing GET /oauth2/authorization/github
2025-11-17 20:36:34.332 [http-nio-8080-exec-1] DEBUG o.s.s.web.DefaultRedirectStrategy - Redirecting to https://github.com/login/oauth/authorize?response_type=code&client_id=Ov23liWuUr8KFivCiPsC&scope=read:user%20user:email&state=uIjxAz3ZavchLHhM-c0Wsw05R4zSU047i3NnN-v5E2w%3D&redirect_uri=http://localhost:8080/login/oauth2/code/github
2025-11-17 20:36:34.759 [http-nio-8080-exec-2] DEBUG o.s.security.web.FilterChainProxy - Securing GET /login/oauth2/code/github?code=c7143fe06806ba22d8d2&state=uIjxAz3ZavchLHhM-c0Wsw05R4zSU047i3NnN-v5E2w%3D
2025-11-17 20:36:35.614 [http-nio-8080-exec-2] INFO  c.g.b.s.o.CustomOAuth2UserService - OAuth2 Login - Provider: github
2025-11-17 20:36:36.009 [http-nio-8080-exec-2] INFO  c.gamescore.back.service.UserService - Buscando o creando usuario OAuth2: null
2025-11-17 20:36:36.071 [http-nio-8080-exec-2] DEBUG org.hibernate.SQL - 
    select
        u1_0.id,
        u1_0.avatar_url,
        u1_0.created_at,
        u1_0.email,
        u1_0.enabled,
        u1_0.last_login,
        u1_0.name,
        u1_0.provider,
        u1_0.provider_id,
        u1_0.role,
        u1_0.updated_at 
    from
        user u1_0 
    where
        u1_0.provider=? 
        and u1_0.provider_id=?
2025-11-17 20:36:36.292 [http-nio-8080-exec-2] DEBUG org.hibernate.SQL - 
    select
        u1_0.id,
        u1_0.avatar_url,
        u1_0.created_at,
        u1_0.email,
        u1_0.enabled,
        u1_0.last_login,
        u1_0.name,
        u1_0.provider,
        u1_0.provider_id,
        u1_0.role,
        u1_0.updated_at 
    from
        user u1_0 
    where
        u1_0.email is null
2025-11-17 20:36:36.486 [http-nio-8080-exec-2] INFO  c.gamescore.back.service.UserService - Nuevo usuario creado: null
2025-11-17 20:36:36.517 [http-nio-8080-exec-2] DEBUG org.hibernate.SQL - 
    insert 
    into
        user
        (avatar_url, created_at, email, enabled, last_login, name, provider, provider_id, role, updated_at) 
    values
        (?, ?, ?, ?, ?, ?, ?, ?, ?, ?)
2025-11-17 20:36:37.031 [http-nio-8080-exec-2] WARN  o.h.e.jdbc.spi.SqlExceptionHelper - SQL Error: 1048, SQLState: 23000
2025-11-17 20:36:37.031 [http-nio-8080-exec-2] ERROR o.h.e.jdbc.spi.SqlExceptionHelper - Column 'email' cannot be null
2025-11-17 20:36:37.418 [http-nio-8080-exec-2] ERROR o.a.c.c.C.[.[.[.[dispatcherServlet] - Servlet.service() for servlet [dispatcherServlet] in context with path [] threw exception
org.springframework.dao.DataIntegrityViolationException: could not execute statement [Column 'email' cannot be null] [insert into user (avatar_url,created_at,email,enabled,last_login,name,provider,provider_id,role,updated_at) values (?,?,?,?,?,?,?,?,?,?)]; SQL [insert into user (avatar_url,created_at,email,enabled,last_login,name,provider,provider_id,role,updated_at) values (?,?,?,?,?,?,?,?,?,?)]; constraint [null]
	at org.springframework.orm.jpa.vendor.HibernateJpaDialect.convertHibernateAccessException(HibernateJpaDialect.java:294)
	at org.springframework.orm.jpa.vendor.HibernateJpaDialect.convertHibernateAccessException(HibernateJpaDialect.java:256)
	at org.springframework.orm.jpa.vendor.HibernateJpaDialect.translateExceptionIfPossible(HibernateJpaDialect.java:241)
	at org.springframework.orm.jpa.AbstractEntityManagerFactoryBean.translateExceptionIfPossible(AbstractEntityManagerFactoryBean.java:560)
	at org.springframework.dao.support.ChainedPersistenceExceptionTranslator.translateExceptionIfPossible(ChainedPersistenceExceptionTranslator.java:61)
	at org.springframework.dao.support.DataAccessUtils.translateIfNecessary(DataAccessUtils.java:343)
	at org.springframework.dao.support.PersistenceExceptionTranslationInterceptor.invoke(PersistenceExceptionTranslationInterceptor.java:160)
	at org.springframework.aop.framework.ReflectiveMethodInvocation.proceed(ReflectiveMethodInvocation.java:184)
	at org.springframework.data.jpa.repository.support.CrudMethodMetadataPostProcessor$CrudMethodMetadataPopulatingMethodInterceptor.invoke(CrudMethodMetadataPostProcessor.java:165)
	at org.springframework.aop.framework.ReflectiveMethodInvocation.proceed(ReflectiveMethodInvocation.java:184)
	at org.springframework.aop.framework.JdkDynamicAopProxy.invoke(JdkDynamicAopProxy.java:223)
	at jdk.proxy4/jdk.proxy4.$Proxy140.save(Unknown Source)
	at com.gamescore.back.service.UserService.findOrCreateOAuth2User(UserService.java:130)
	at java.base/jdk.internal.reflect.DirectMethodHandleAccessor.invoke(Unknown Source)
	at java.base/java.lang.reflect.Method.invoke(Unknown Source)
	at org.springframework.aop.support.AopUtils.invokeJoinpointUsingReflection(AopUtils.java:360)
	at org.springframework.aop.framework.ReflectiveMethodInvocation.invokeJoinpoint(ReflectiveMethodInvocation.java:196)
	at org.springframework.aop.framework.ReflectiveMethodInvocation.proceed(ReflectiveMethodInvocation.java:163)
	at org.springframework.transaction.interceptor.TransactionAspectSupport.invokeWithinTransaction(TransactionAspectSupport.java:380)
	at org.springframework.transaction.interceptor.TransactionInterceptor.invoke(TransactionInterceptor.java:119)
	at org.springframework.aop.framework.ReflectiveMethodInvocation.proceed(ReflectiveMethodInvocation.java:184)
	at org.springframework.aop.framework.CglibAopProxy$DynamicAdvisedInterceptor.intercept(CglibAopProxy.java:728)
	at com.gamescore.back.service.UserService$$SpringCGLIB$$0.findOrCreateOAuth2User(<generated>)
	at com.gamescore.back.security.oauth2.CustomOAuth2UserService.loadUser(CustomOAuth2UserService.java:40)
	at org.springframework.security.oauth2.client.authentication.OAuth2LoginAuthenticationProvider.authenticate(OAuth2LoginAuthenticationProvider.java:119)
	at org.springframework.security.authentication.ProviderManager.authenticate(ProviderManager.java:182)
	at org.springframework.security.oauth2.client.web.OAuth2LoginAuthenticationFilter.attemptAuthentication(OAuth2LoginAuthenticationFilter.java:200)
	at org.springframework.security.web.authentication.AbstractAuthenticationProcessingFilter.doFilter(AbstractAuthenticationProcessingFilter.java:239)
	at org.springframework.security.web.authentication.AbstractAuthenticationProcessingFilter.doFilter(AbstractAuthenticationProcessingFilter.java:229)
	at org.springframework.security.web.FilterChainProxy$VirtualFilterChain.doFilter(FilterChainProxy.java:374)
	at org.springframework.security.oauth2.client.web.OAuth2AuthorizationRequestRedirectFilter.doFilterInternal(OAuth2AuthorizationRequestRedirectFilter.java:198)
	at org.springframework.web.filter.OncePerRequestFilter.doFilter(OncePerRequestFilter.java:116)
	at org.springframework.security.web.FilterChainProxy$VirtualFilterChain.doFilter(FilterChainProxy.java:374)
	at org.springframework.security.web.authentication.logout.LogoutFilter.doFilter(LogoutFilter.java:107)
	at org.springframework.security.web.authentication.logout.LogoutFilter.doFilter(LogoutFilter.java:93)
	at org.springframework.security.web.FilterChainProxy$VirtualFilterChain.doFilter(FilterChainProxy.java:374)
	at org.springframework.security.web.csrf.CsrfFilter.doFilterInternal(CsrfFilter.java:117)
	at org.springframework.web.filter.OncePerRequestFilter.doFilter(OncePerRequestFilter.java:116)
	at org.springframework.security.web.FilterChainProxy$VirtualFilterChain.doFilter(FilterChainProxy.java:374)
	at org.springframework.security.web.header.HeaderWriterFilter.doHeadersAfter(HeaderWriterFilter.java:90)
	at org.springframework.security.web.header.HeaderWriterFilter.doFilterInternal(HeaderWriterFilter.java:75)
	at org.springframework.web.filter.OncePerRequestFilter.doFilter(OncePerRequestFilter.java:116)
	at org.springframework.security.web.FilterChainProxy$VirtualFilterChain.doFilter(FilterChainProxy.java:374)
	at org.springframework.security.web.context.SecurityContextHolderFilter.doFilter(SecurityContextHolderFilter.java:82)
	at org.springframework.security.web.context.SecurityContextHolderFilter.doFilter(SecurityContextHolderFilter.java:69)
	at org.springframework.security.web.FilterChainProxy$VirtualFilterChain.doFilter(FilterChainProxy.java:374)
	at org.springframework.security.web.context.request.async.WebAsyncManagerIntegrationFilter.doFilterInternal(WebAsyncManagerIntegrationFilter.java:62)
	at org.springframework.web.filter.OncePerRequestFilter.doFilter(OncePerRequestFilter.java:116)
	at org.springframework.security.web.FilterChainProxy$VirtualFilterChain.doFilter(FilterChainProxy.java:374)
	at org.springframework.security.web.session.DisableEncodeUrlFilter.doFilterInternal(DisableEncodeUrlFilter.java:42)
	at org.springframework.web.filter.OncePerRequestFilter.doFilter(OncePerRequestFilter.java:116)
	at org.springframework.security.web.FilterChainProxy$VirtualFilterChain.doFilter(FilterChainProxy.java:374)
	at org.springframework.security.web.FilterChainProxy.doFilterInternal(FilterChainProxy.java:233)
	at org.springframework.security.web.FilterChainProxy.doFilter(FilterChainProxy.java:191)
	at org.springframework.web.filter.CompositeFilter$VirtualFilterChain.doFilter(CompositeFilter.java:113)
	at org.springframework.web.filter.ServletRequestPathFilter.doFilter(ServletRequestPathFilter.java:52)
	at org.springframework.web.filter.CompositeFilter$VirtualFilterChain.doFilter(CompositeFilter.java:113)
	at org.springframework.web.filter.CompositeFilter.doFilter(CompositeFilter.java:74)
	at org.springframework.security.config.annotation.web.configuration.WebSecurityConfiguration$CompositeFilterChainProxy.doFilter(WebSecurityConfiguration.java:319)
	at org.springframework.web.filter.CompositeFilter$VirtualFilterChain.doFilter(CompositeFilter.java:113)
	at org.springframework.web.servlet.handler.HandlerMappingIntrospector.lambda$createCacheFilter$4(HandlerMappingIntrospector.java:267)
	at org.springframework.web.filter.CompositeFilter$VirtualFilterChain.doFilter(CompositeFilter.java:113)
	at org.springframework.web.filter.CompositeFilter.doFilter(CompositeFilter.java:74)
	at org.springframework.security.config.annotation.web.configuration.WebMvcSecurityConfiguration$CompositeFilterChainProxy.doFilter(WebMvcSecurityConfiguration.java:240)
	at org.springframework.web.filter.DelegatingFilterProxy.invokeDelegate(DelegatingFilterProxy.java:362)
	at org.springframework.web.filter.DelegatingFilterProxy.doFilter(DelegatingFilterProxy.java:278)
	at org.apache.catalina.core.ApplicationFilterChain.internalDoFilter(ApplicationFilterChain.java:162)
	at org.apache.catalina.core.ApplicationFilterChain.doFilter(ApplicationFilterChain.java:138)
	at org.springframework.web.filter.RequestContextFilter.doFilterInternal(RequestContextFilter.java:100)
	at org.springframework.web.filter.OncePerRequestFilter.doFilter(OncePerRequestFilter.java:116)
	at org.apache.catalina.core.ApplicationFilterChain.internalDoFilter(ApplicationFilterChain.java:162)
	at org.apache.catalina.core.ApplicationFilterChain.doFilter(ApplicationFilterChain.java:138)
	at org.springframework.web.filter.FormContentFilter.doFilterInternal(FormContentFilter.java:93)
	at org.springframework.web.filter.OncePerRequestFilter.doFilter(OncePerRequestFilter.java:116)
	at org.apache.catalina.core.ApplicationFilterChain.internalDoFilter(ApplicationFilterChain.java:162)
	at org.apache.catalina.core.ApplicationFilterChain.doFilter(ApplicationFilterChain.java:138)
	at org.springframework.web.filter.CharacterEncodingFilter.doFilterInternal(CharacterEncodingFilter.java:201)
	at org.springframework.web.filter.OncePerRequestFilter.doFilter(OncePerRequestFilter.java:116)
	at org.apache.catalina.core.ApplicationFilterChain.internalDoFilter(ApplicationFilterChain.java:162)
	at org.apache.catalina.core.ApplicationFilterChain.doFilter(ApplicationFilterChain.java:138)
	at org.apache.catalina.core.StandardWrapperValve.invoke(StandardWrapperValve.java:165)
	at org.apache.catalina.core.StandardContextValve.invoke(StandardContextValve.java:88)
	at org.apache.catalina.authenticator.AuthenticatorBase.invoke(AuthenticatorBase.java:482)
	at org.apache.catalina.core.StandardHostValve.invoke(StandardHostValve.java:113)
	at org.apache.catalina.valves.ErrorReportValve.invoke(ErrorReportValve.java:83)
	at org.apache.catalina.core.StandardEngineValve.invoke(StandardEngineValve.java:72)
	at org.apache.catalina.connector.CoyoteAdapter.service(CoyoteAdapter.java:342)
	at org.apache.coyote.http11.Http11Processor.service(Http11Processor.java:399)
	at org.apache.coyote.AbstractProcessorLight.process(AbstractProcessorLight.java:63)
	at org.apache.coyote.AbstractProtocol$ConnectionHandler.process(AbstractProtocol.java:903)
	at org.apache.tomcat.util.net.NioEndpoint$SocketProcessor.doRun(NioEndpoint.java:1774)
	at org.apache.tomcat.util.net.SocketProcessorBase.run(SocketProcessorBase.java:52)
	at org.apache.tomcat.util.threads.ThreadPoolExecutor.runWorker(ThreadPoolExecutor.java:973)
	at org.apache.tomcat.util.threads.ThreadPoolExecutor$Worker.run(ThreadPoolExecutor.java:491)
	at org.apache.tomcat.util.threads.TaskThread$WrappingRunnable.run(TaskThread.java:63)
	at java.base/java.lang.Thread.run(Unknown Source)
Caused by: org.hibernate.exception.ConstraintViolationException: could not execute statement [Column 'email' cannot be null] [insert into user (avatar_url,created_at,email,enabled,last_login,name,provider,provider_id,role,updated_at) values (?,?,?,?,?,?,?,?,?,?)]
	at org.hibernate.exception.internal.SQLExceptionTypeDelegate.convert(SQLExceptionTypeDelegate.java:62)
	at org.hibernate.exception.internal.StandardSQLExceptionConverter.convert(StandardSQLExceptionConverter.java:58)
	at org.hibernate.engine.jdbc.spi.SqlExceptionHelper.convert(SqlExceptionHelper.java:108)
	at org.hibernate.engine.jdbc.internal.ResultSetReturnImpl.executeUpdate(ResultSetReturnImpl.java:197)
	at org.hibernate.id.insert.GetGeneratedKeysDelegate.performMutation(GetGeneratedKeysDelegate.java:116)
	at org.hibernate.engine.jdbc.mutation.internal.MutationExecutorSingleNonBatched.performNonBatchedOperations(MutationExecutorSingleNonBatched.java:47)
	at org.hibernate.engine.jdbc.mutation.internal.AbstractMutationExecutor.execute(AbstractMutationExecutor.java:55)
	at org.hibernate.persister.entity.mutation.InsertCoordinatorStandard.doStaticInserts(InsertCoordinatorStandard.java:194)
	at org.hibernate.persister.entity.mutation.InsertCoordinatorStandard.coordinateInsert(InsertCoordinatorStandard.java:132)
	at org.hibernate.persister.entity.mutation.InsertCoordinatorStandard.insert(InsertCoordinatorStandard.java:95)
	at org.hibernate.action.internal.EntityIdentityInsertAction.execute(EntityIdentityInsertAction.java:85)
	at org.hibernate.engine.spi.ActionQueue.execute(ActionQueue.java:682)
	at org.hibernate.engine.spi.ActionQueue.addResolvedEntityInsertAction(ActionQueue.java:293)
	at org.hibernate.engine.spi.ActionQueue.addInsertAction(ActionQueue.java:274)
	at org.hibernate.engine.spi.ActionQueue.addAction(ActionQueue.java:324)
	at org.hibernate.event.internal.AbstractSaveEventListener.addInsertAction(AbstractSaveEventListener.java:394)
	at org.hibernate.event.internal.AbstractSaveEventListener.performSaveOrReplicate(AbstractSaveEventListener.java:308)
	at org.hibernate.event.internal.AbstractSaveEventListener.performSave(AbstractSaveEventListener.java:224)
	at org.hibernate.event.internal.AbstractSaveEventListener.saveWithGeneratedId(AbstractSaveEventListener.java:136)
	at org.hibernate.event.internal.DefaultPersistEventListener.entityIsTransient(DefaultPersistEventListener.java:177)
	at org.hibernate.event.internal.DefaultPersistEventListener.persist(DefaultPersistEventListener.java:95)
	at org.hibernate.event.internal.DefaultPersistEventListener.onPersist(DefaultPersistEventListener.java:79)
	at org.hibernate.event.internal.DefaultPersistEventListener.onPersist(DefaultPersistEventListener.java:55)
	at org.hibernate.event.service.internal.EventListenerGroupImpl.fireEventOnEachListener(EventListenerGroupImpl.java:127)
	at org.hibernate.internal.SessionImpl.firePersist(SessionImpl.java:761)
	at org.hibernate.internal.SessionImpl.persist(SessionImpl.java:745)
	at java.base/jdk.internal.reflect.DirectMethodHandleAccessor.invoke(Unknown Source)
	at java.base/java.lang.reflect.Method.invoke(Unknown Source)
	at org.springframework.orm.jpa.SharedEntityManagerCreator$SharedEntityManagerInvocationHandler.invoke(SharedEntityManagerCreator.java:320)
	at jdk.proxy4/jdk.proxy4.$Proxy134.persist(Unknown Source)
	at org.springframework.data.jpa.repository.support.SimpleJpaRepository.save(SimpleJpaRepository.java:654)
	at java.base/jdk.internal.reflect.DirectMethodHandleAccessor.invoke(Unknown Source)
	at java.base/java.lang.reflect.Method.invoke(Unknown Source)
	at org.springframework.aop.support.AopUtils.invokeJoinpointUsingReflection(AopUtils.java:360)
	at org.springframework.data.repository.core.support.RepositoryMethodInvoker$RepositoryFragmentMethodInvoker.lambda$new$0(RepositoryMethodInvoker.java:277)
	at org.springframework.data.repository.core.support.RepositoryMethodInvoker.doInvoke(RepositoryMethodInvoker.java:170)
	at org.springframework.data.repository.core.support.RepositoryMethodInvoker.invoke(RepositoryMethodInvoker.java:158)
	at org.springframework.data.repository.core.support.RepositoryComposition$RepositoryFragments.invoke(RepositoryComposition.java:515)
	at org.springframework.data.repository.core.support.RepositoryComposition.invoke(RepositoryComposition.java:284)
	at org.springframework.data.repository.core.support.RepositoryFactorySupport$ImplementationMethodExecutionInterceptor.invoke(RepositoryFactorySupport.java:734)
	at org.springframework.aop.framework.ReflectiveMethodInvocation.proceed(ReflectiveMethodInvocation.java:184)
	at org.springframework.data.repository.core.support.QueryExecutorMethodInterceptor.doInvoke(QueryExecutorMethodInterceptor.java:174)
	at org.springframework.data.repository.core.support.QueryExecutorMethodInterceptor.invoke(QueryExecutorMethodInterceptor.java:149)
	at org.springframework.aop.framework.ReflectiveMethodInvocation.proceed(ReflectiveMethodInvocation.java:184)
	at org.springframework.data.projection.DefaultMethodInvokingMethodInterceptor.invoke(DefaultMethodInvokingMethodInterceptor.java:69)
	at org.springframework.aop.framework.ReflectiveMethodInvocation.proceed(ReflectiveMethodInvocation.java:184)
	at org.springframework.transaction.interceptor.TransactionAspectSupport.invokeWithinTransaction(TransactionAspectSupport.java:380)
	at org.springframework.transaction.interceptor.TransactionInterceptor.invoke(TransactionInterceptor.java:119)
	at org.springframework.aop.framework.ReflectiveMethodInvocation.proceed(ReflectiveMethodInvocation.java:184)
	at org.springframework.dao.support.PersistenceExceptionTranslationInterceptor.invoke(PersistenceExceptionTranslationInterceptor.java:138)
	... 89 common frames omitted
Caused by: java.sql.SQLIntegrityConstraintViolationException: Column 'email' cannot be null
	at com.mysql.cj.jdbc.exceptions.SQLError.createSQLException(SQLError.java:109)
	at com.mysql.cj.jdbc.exceptions.SQLExceptionsMapping.translateException(SQLExceptionsMapping.java:114)
	at com.mysql.cj.jdbc.ClientPreparedStatement.executeInternal(ClientPreparedStatement.java:988)
	at com.mysql.cj.jdbc.ClientPreparedStatement.executeUpdateInternal(ClientPreparedStatement.java:1166)
	at com.mysql.cj.jdbc.ClientPreparedStatement.executeUpdateInternal(ClientPreparedStatement.java:1101)
	at com.mysql.cj.jdbc.ClientPreparedStatement.executeLargeUpdate(ClientPreparedStatement.java:1448)
	at com.mysql.cj.jdbc.ClientPreparedStatement.executeUpdate(ClientPreparedStatement.java:1084)
	at com.zaxxer.hikari.pool.ProxyPreparedStatement.executeUpdate(ProxyPreparedStatement.java:61)
	at com.zaxxer.hikari.pool.HikariProxyPreparedStatement.executeUpdate(HikariProxyPreparedStatement.java)
	at org.hibernate.engine.jdbc.internal.ResultSetReturnImpl.executeUpdate(ResultSetReturnImpl.java:194)
	... 135 common frames omitted
2025-11-17 20:36:37.433 [http-nio-8080-exec-2] DEBUG o.s.security.web.FilterChainProxy - Securing GET /error?code=c7143fe06806ba22d8d2&state=uIjxAz3ZavchLHhM-c0Wsw05R4zSU047i3NnN-v5E2w%3D
2025-11-17 20:36:37.435 [http-nio-8080-exec-2] DEBUG o.s.s.w.a.AnonymousAuthenticationFilter - Set SecurityContextHolder to anonymous SecurityContext
2025-11-17 20:36:37.436 [http-nio-8080-exec-2] DEBUG o.s.s.w.s.HttpSessionRequestCache - Saved request http://localhost:8080/error?code=c7143fe06806ba22d8d2&state=uIjxAz3ZavchLHhM-c0Wsw05R4zSU047i3NnN-v5E2w%3D&continue to session
2025-11-17 20:36:37.436 [http-nio-8080-exec-2] DEBUG o.s.s.w.a.DelegatingAuthenticationEntryPoint - Trying to match using And [Not [RequestHeaderRequestMatcher [expectedHeaderName=X-Requested-With, expectedHeaderValue=XMLHttpRequest]], MediaTypeRequestMatcher [contentNegotiationStrategy=org.springframework.web.accept.ContentNegotiationManager@13969d98, matchingMediaTypes=[application/xhtml+xml, image/*, text/html, text/plain], useEquals=false, ignoredMediaTypes=[*/*]]]
2025-11-17 20:36:37.436 [http-nio-8080-exec-2] DEBUG o.s.s.w.a.DelegatingAuthenticationEntryPoint - Match found! Executing org.springframework.security.web.authentication.LoginUrlAuthenticationEntryPoint@7510eeb2
2025-11-17 20:36:37.436 [http-nio-8080-exec-2] DEBUG o.s.s.web.DefaultRedirectStrategy - Redirecting to http://localhost:8080/login
2025-11-17 20:36:37.442 [http-nio-8080-exec-3] DEBUG o.s.security.web.FilterChainProxy - Securing GET /login
2025-11-17 20:36:37.463 [http-nio-8080-exec-4] DEBUG o.s.security.web.FilterChainProxy - Securing GET /default-ui.css
2025-11-17 20:36:37.476 [http-nio-8080-exec-5] DEBUG o.s.security.web.FilterChainProxy - Securing GET /favicon.ico
2025-11-17 20:36:37.477 [http-nio-8080-exec-5] DEBUG o.s.s.w.a.AnonymousAuthenticationFilter - Set SecurityContextHolder to anonymous SecurityContext
2025-11-17 20:36:37.477 [http-nio-8080-exec-5] DEBUG o.s.s.w.a.DelegatingAuthenticationEntryPoint - Trying to match using And [Not [RequestHeaderRequestMatcher [expectedHeaderName=X-Requested-With, expectedHeaderValue=XMLHttpRequest]], MediaTypeRequestMatcher [contentNegotiationStrategy=org.springframework.web.accept.ContentNegotiationManager@13969d98, matchingMediaTypes=[application/xhtml+xml, image/*, text/html, text/plain], useEquals=false, ignoredMediaTypes=[*/*]]]
2025-11-17 20:36:37.477 [http-nio-8080-exec-5] DEBUG o.s.s.w.a.DelegatingAuthenticationEntryPoint - Match found! Executing org.springframework.security.web.authentication.LoginUrlAuthenticationEntryPoint@7510eeb2
2025-11-17 20:36:37.477 [http-nio-8080-exec-5] DEBUG o.s.s.web.DefaultRedirectStrategy - Redirecting to http://localhost:8080/login
2025-11-17 20:36:37.480 [http-nio-8080-exec-6] DEBUG o.s.security.web.FilterChainProxy - Securing GET /login
2025-11-17 20:36:40.167 [http-nio-8080-exec-8] DEBUG o.s.security.web.FilterChainProxy - Securing GET /oauth2/authorization/github
2025-11-17 20:36:40.169 [http-nio-8080-exec-8] DEBUG o.s.s.web.DefaultRedirectStrategy - Redirecting to https://github.com/login/oauth/authorize?response_type=code&client_id=Ov23liWuUr8KFivCiPsC&scope=read:user%20user:email&state=vcg6YfkysllF7PUpuB-0P_pogGAFlczbrW0xHCHt6vM%3D&redirect_uri=http://localhost:8080/login/oauth2/code/github
2025-11-17 20:36:40.442 [http-nio-8080-exec-7] DEBUG o.s.security.web.FilterChainProxy - Securing GET /login/oauth2/code/github?code=7181a8c1daae17c71cee&state=vcg6YfkysllF7PUpuB-0P_pogGAFlczbrW0xHCHt6vM%3D
2025-11-17 20:36:41.122 [http-nio-8080-exec-7] INFO  c.g.b.s.o.CustomOAuth2UserService - OAuth2 Login - Provider: github
2025-11-17 20:36:41.504 [http-nio-8080-exec-7] INFO  c.gamescore.back.service.UserService - Buscando o creando usuario OAuth2: null
2025-11-17 20:36:41.506 [http-nio-8080-exec-7] DEBUG org.hibernate.SQL - 
    select
        u1_0.id,
        u1_0.avatar_url,
        u1_0.created_at,
        u1_0.email,
        u1_0.enabled,
        u1_0.last_login,
        u1_0.name,
        u1_0.provider,
        u1_0.provider_id,
        u1_0.role,
        u1_0.updated_at 
    from
        user u1_0 
    where
        u1_0.provider=? 
        and u1_0.provider_id=?
2025-11-17 20:36:41.701 [http-nio-8080-exec-7] DEBUG org.hibernate.SQL - 
    select
        u1_0.id,
        u1_0.avatar_url,
        u1_0.created_at,
        u1_0.email,
        u1_0.enabled,
        u1_0.last_login,
        u1_0.name,
        u1_0.provider,
        u1_0.provider_id,
        u1_0.role,
        u1_0.updated_at 
    from
        user u1_0 
    where
        u1_0.email is null
2025-11-17 20:36:41.894 [http-nio-8080-exec-7] INFO  c.gamescore.back.service.UserService - Nuevo usuario creado: null
2025-11-17 20:36:41.896 [http-nio-8080-exec-7] DEBUG org.hibernate.SQL - 
    insert 
    into
        user
        (avatar_url, created_at, email, enabled, last_login, name, provider, provider_id, role, updated_at) 
    values
        (?, ?, ?, ?, ?, ?, ?, ?, ?, ?)
2025-11-17 20:36:42.094 [http-nio-8080-exec-7] WARN  o.h.e.jdbc.spi.SqlExceptionHelper - SQL Error: 1048, SQLState: 23000
2025-11-17 20:36:42.094 [http-nio-8080-exec-7] ERROR o.h.e.jdbc.spi.SqlExceptionHelper - Column 'email' cannot be null
2025-11-17 20:36:42.478 [http-nio-8080-exec-7] ERROR o.a.c.c.C.[.[.[.[dispatcherServlet] - Servlet.service() for servlet [dispatcherServlet] in context with path [] threw exception
org.springframework.dao.DataIntegrityViolationException: could not execute statement [Column 'email' cannot be null] [insert into user (avatar_url,created_at,email,enabled,last_login,name,provider,provider_id,role,updated_at) values (?,?,?,?,?,?,?,?,?,?)]; SQL [insert into user (avatar_url,created_at,email,enabled,last_login,name,provider,provider_id,role,updated_at) values (?,?,?,?,?,?,?,?,?,?)]; constraint [null]
	at org.springframework.orm.jpa.vendor.HibernateJpaDialect.convertHibernateAccessException(HibernateJpaDialect.java:294)
	at org.springframework.orm.jpa.vendor.HibernateJpaDialect.convertHibernateAccessException(HibernateJpaDialect.java:256)
	at org.springframework.orm.jpa.vendor.HibernateJpaDialect.translateExceptionIfPossible(HibernateJpaDialect.java:241)
	at org.springframework.orm.jpa.AbstractEntityManagerFactoryBean.translateExceptionIfPossible(AbstractEntityManagerFactoryBean.java:560)
	at org.springframework.dao.support.ChainedPersistenceExceptionTranslator.translateExceptionIfPossible(ChainedPersistenceExceptionTranslator.java:61)
	at org.springframework.dao.support.DataAccessUtils.translateIfNecessary(DataAccessUtils.java:343)
	at org.springframework.dao.support.PersistenceExceptionTranslationInterceptor.invoke(PersistenceExceptionTranslationInterceptor.java:160)
	at org.springframework.aop.framework.ReflectiveMethodInvocation.proceed(ReflectiveMethodInvocation.java:184)
	at org.springframework.data.jpa.repository.support.CrudMethodMetadataPostProcessor$CrudMethodMetadataPopulatingMethodInterceptor.invoke(CrudMethodMetadataPostProcessor.java:165)
	at org.springframework.aop.framework.ReflectiveMethodInvocation.proceed(ReflectiveMethodInvocation.java:184)
	at org.springframework.aop.framework.JdkDynamicAopProxy.invoke(JdkDynamicAopProxy.java:223)
	at jdk.proxy4/jdk.proxy4.$Proxy140.save(Unknown Source)
	at com.gamescore.back.service.UserService.findOrCreateOAuth2User(UserService.java:130)
	at java.base/jdk.internal.reflect.DirectMethodHandleAccessor.invoke(Unknown Source)
	at java.base/java.lang.reflect.Method.invoke(Unknown Source)
	at org.springframework.aop.support.AopUtils.invokeJoinpointUsingReflection(AopUtils.java:360)
	at org.springframework.aop.framework.ReflectiveMethodInvocation.invokeJoinpoint(ReflectiveMethodInvocation.java:196)
	at org.springframework.aop.framework.ReflectiveMethodInvocation.proceed(ReflectiveMethodInvocation.java:163)
	at org.springframework.transaction.interceptor.TransactionAspectSupport.invokeWithinTransaction(TransactionAspectSupport.java:380)
	at org.springframework.transaction.interceptor.TransactionInterceptor.invoke(TransactionInterceptor.java:119)
	at org.springframework.aop.framework.ReflectiveMethodInvocation.proceed(ReflectiveMethodInvocation.java:184)
	at org.springframework.aop.framework.CglibAopProxy$DynamicAdvisedInterceptor.intercept(CglibAopProxy.java:728)
	at com.gamescore.back.service.UserService$$SpringCGLIB$$0.findOrCreateOAuth2User(<generated>)
	at com.gamescore.back.security.oauth2.CustomOAuth2UserService.loadUser(CustomOAuth2UserService.java:40)
	at org.springframework.security.oauth2.client.authentication.OAuth2LoginAuthenticationProvider.authenticate(OAuth2LoginAuthenticationProvider.java:119)
	at org.springframework.security.authentication.ProviderManager.authenticate(ProviderManager.java:182)
	at org.springframework.security.oauth2.client.web.OAuth2LoginAuthenticationFilter.attemptAuthentication(OAuth2LoginAuthenticationFilter.java:200)
	at org.springframework.security.web.authentication.AbstractAuthenticationProcessingFilter.doFilter(AbstractAuthenticationProcessingFilter.java:239)
	at org.springframework.security.web.authentication.AbstractAuthenticationProcessingFilter.doFilter(AbstractAuthenticationProcessingFilter.java:229)
	at org.springframework.security.web.FilterChainProxy$VirtualFilterChain.doFilter(FilterChainProxy.java:374)
	at org.springframework.security.oauth2.client.web.OAuth2AuthorizationRequestRedirectFilter.doFilterInternal(OAuth2AuthorizationRequestRedirectFilter.java:198)
	at org.springframework.web.filter.OncePerRequestFilter.doFilter(OncePerRequestFilter.java:116)
	at org.springframework.security.web.FilterChainProxy$VirtualFilterChain.doFilter(FilterChainProxy.java:374)
	at org.springframework.security.web.authentication.logout.LogoutFilter.doFilter(LogoutFilter.java:107)
	at org.springframework.security.web.authentication.logout.LogoutFilter.doFilter(LogoutFilter.java:93)
	at org.springframework.security.web.FilterChainProxy$VirtualFilterChain.doFilter(FilterChainProxy.java:374)
	at org.springframework.security.web.csrf.CsrfFilter.doFilterInternal(CsrfFilter.java:117)
	at org.springframework.web.filter.OncePerRequestFilter.doFilter(OncePerRequestFilter.java:116)
	at org.springframework.security.web.FilterChainProxy$VirtualFilterChain.doFilter(FilterChainProxy.java:374)
	at org.springframework.security.web.header.HeaderWriterFilter.doHeadersAfter(HeaderWriterFilter.java:90)
	at org.springframework.security.web.header.HeaderWriterFilter.doFilterInternal(HeaderWriterFilter.java:75)
	at org.springframework.web.filter.OncePerRequestFilter.doFilter(OncePerRequestFilter.java:116)
	at org.springframework.security.web.FilterChainProxy$VirtualFilterChain.doFilter(FilterChainProxy.java:374)
	at org.springframework.security.web.context.SecurityContextHolderFilter.doFilter(SecurityContextHolderFilter.java:82)
	at org.springframework.security.web.context.SecurityContextHolderFilter.doFilter(SecurityContextHolderFilter.java:69)
	at org.springframework.security.web.FilterChainProxy$VirtualFilterChain.doFilter(FilterChainProxy.java:374)
	at org.springframework.security.web.context.request.async.WebAsyncManagerIntegrationFilter.doFilterInternal(WebAsyncManagerIntegrationFilter.java:62)
	at org.springframework.web.filter.OncePerRequestFilter.doFilter(OncePerRequestFilter.java:116)
	at org.springframework.security.web.FilterChainProxy$VirtualFilterChain.doFilter(FilterChainProxy.java:374)
	at org.springframework.security.web.session.DisableEncodeUrlFilter.doFilterInternal(DisableEncodeUrlFilter.java:42)
	at org.springframework.web.filter.OncePerRequestFilter.doFilter(OncePerRequestFilter.java:116)
	at org.springframework.security.web.FilterChainProxy$VirtualFilterChain.doFilter(FilterChainProxy.java:374)
	at org.springframework.security.web.FilterChainProxy.doFilterInternal(FilterChainProxy.java:233)
	at org.springframework.security.web.FilterChainProxy.doFilter(FilterChainProxy.java:191)
	at org.springframework.web.filter.CompositeFilter$VirtualFilterChain.doFilter(CompositeFilter.java:113)
	at org.springframework.web.filter.ServletRequestPathFilter.doFilter(ServletRequestPathFilter.java:52)
	at org.springframework.web.filter.CompositeFilter$VirtualFilterChain.doFilter(CompositeFilter.java:113)
	at org.springframework.web.filter.CompositeFilter.doFilter(CompositeFilter.java:74)
	at org.springframework.security.config.annotation.web.configuration.WebSecurityConfiguration$CompositeFilterChainProxy.doFilter(WebSecurityConfiguration.java:319)
	at org.springframework.web.filter.CompositeFilter$VirtualFilterChain.doFilter(CompositeFilter.java:113)
	at org.springframework.web.servlet.handler.HandlerMappingIntrospector.lambda$createCacheFilter$4(HandlerMappingIntrospector.java:267)
	at org.springframework.web.filter.CompositeFilter$VirtualFilterChain.doFilter(CompositeFilter.java:113)
	at org.springframework.web.filter.CompositeFilter.doFilter(CompositeFilter.java:74)
	at org.springframework.security.config.annotation.web.configuration.WebMvcSecurityConfiguration$CompositeFilterChainProxy.doFilter(WebMvcSecurityConfiguration.java:240)
	at org.springframework.web.filter.DelegatingFilterProxy.invokeDelegate(DelegatingFilterProxy.java:362)
	at org.springframework.web.filter.DelegatingFilterProxy.doFilter(DelegatingFilterProxy.java:278)
	at org.apache.catalina.core.ApplicationFilterChain.internalDoFilter(ApplicationFilterChain.java:162)
	at org.apache.catalina.core.ApplicationFilterChain.doFilter(ApplicationFilterChain.java:138)
	at org.springframework.web.filter.RequestContextFilter.doFilterInternal(RequestContextFilter.java:100)
	at org.springframework.web.filter.OncePerRequestFilter.doFilter(OncePerRequestFilter.java:116)
	at org.apache.catalina.core.ApplicationFilterChain.internalDoFilter(ApplicationFilterChain.java:162)
	at org.apache.catalina.core.ApplicationFilterChain.doFilter(ApplicationFilterChain.java:138)
	at org.springframework.web.filter.FormContentFilter.doFilterInternal(FormContentFilter.java:93)
	at org.springframework.web.filter.OncePerRequestFilter.doFilter(OncePerRequestFilter.java:116)
	at org.apache.catalina.core.ApplicationFilterChain.internalDoFilter(ApplicationFilterChain.java:162)
	at org.apache.catalina.core.ApplicationFilterChain.doFilter(ApplicationFilterChain.java:138)
	at org.springframework.web.filter.CharacterEncodingFilter.doFilterInternal(CharacterEncodingFilter.java:201)
	at org.springframework.web.filter.OncePerRequestFilter.doFilter(OncePerRequestFilter.java:116)
	at org.apache.catalina.core.ApplicationFilterChain.internalDoFilter(ApplicationFilterChain.java:162)
	at org.apache.catalina.core.ApplicationFilterChain.doFilter(ApplicationFilterChain.java:138)
	at org.apache.catalina.core.StandardWrapperValve.invoke(StandardWrapperValve.java:165)
	at org.apache.catalina.core.StandardContextValve.invoke(StandardContextValve.java:88)
	at org.apache.catalina.authenticator.AuthenticatorBase.invoke(AuthenticatorBase.java:482)
	at org.apache.catalina.core.StandardHostValve.invoke(StandardHostValve.java:113)
	at org.apache.catalina.valves.ErrorReportValve.invoke(ErrorReportValve.java:83)
	at org.apache.catalina.core.StandardEngineValve.invoke(StandardEngineValve.java:72)
	at org.apache.catalina.connector.CoyoteAdapter.service(CoyoteAdapter.java:342)
	at org.apache.coyote.http11.Http11Processor.service(Http11Processor.java:399)
	at org.apache.coyote.AbstractProcessorLight.process(AbstractProcessorLight.java:63)
	at org.apache.coyote.AbstractProtocol$ConnectionHandler.process(AbstractProtocol.java:903)
	at org.apache.tomcat.util.net.NioEndpoint$SocketProcessor.doRun(NioEndpoint.java:1774)
	at org.apache.tomcat.util.net.SocketProcessorBase.run(SocketProcessorBase.java:52)
	at org.apache.tomcat.util.threads.ThreadPoolExecutor.runWorker(ThreadPoolExecutor.java:973)
	at org.apache.tomcat.util.threads.ThreadPoolExecutor$Worker.run(ThreadPoolExecutor.java:491)
	at org.apache.tomcat.util.threads.TaskThread$WrappingRunnable.run(TaskThread.java:63)
	at java.base/java.lang.Thread.run(Unknown Source)
Caused by: org.hibernate.exception.ConstraintViolationException: could not execute statement [Column 'email' cannot be null] [insert into user (avatar_url,created_at,email,enabled,last_login,name,provider,provider_id,role,updated_at) values (?,?,?,?,?,?,?,?,?,?)]
	at org.hibernate.exception.internal.SQLExceptionTypeDelegate.convert(SQLExceptionTypeDelegate.java:62)
	at org.hibernate.exception.internal.StandardSQLExceptionConverter.convert(StandardSQLExceptionConverter.java:58)
	at org.hibernate.engine.jdbc.spi.SqlExceptionHelper.convert(SqlExceptionHelper.java:108)
	at org.hibernate.engine.jdbc.internal.ResultSetReturnImpl.executeUpdate(ResultSetReturnImpl.java:197)
	at org.hibernate.id.insert.GetGeneratedKeysDelegate.performMutation(GetGeneratedKeysDelegate.java:116)
	at org.hibernate.engine.jdbc.mutation.internal.MutationExecutorSingleNonBatched.performNonBatchedOperations(MutationExecutorSingleNonBatched.java:47)
	at org.hibernate.engine.jdbc.mutation.internal.AbstractMutationExecutor.execute(AbstractMutationExecutor.java:55)
	at org.hibernate.persister.entity.mutation.InsertCoordinatorStandard.doStaticInserts(InsertCoordinatorStandard.java:194)
	at org.hibernate.persister.entity.mutation.InsertCoordinatorStandard.coordinateInsert(InsertCoordinatorStandard.java:132)
	at org.hibernate.persister.entity.mutation.InsertCoordinatorStandard.insert(InsertCoordinatorStandard.java:95)
	at org.hibernate.action.internal.EntityIdentityInsertAction.execute(EntityIdentityInsertAction.java:85)
	at org.hibernate.engine.spi.ActionQueue.execute(ActionQueue.java:682)
	at org.hibernate.engine.spi.ActionQueue.addResolvedEntityInsertAction(ActionQueue.java:293)
	at org.hibernate.engine.spi.ActionQueue.addInsertAction(ActionQueue.java:274)
	at org.hibernate.engine.spi.ActionQueue.addAction(ActionQueue.java:324)
	at org.hibernate.event.internal.AbstractSaveEventListener.addInsertAction(AbstractSaveEventListener.java:394)
	at org.hibernate.event.internal.AbstractSaveEventListener.performSaveOrReplicate(AbstractSaveEventListener.java:308)
	at org.hibernate.event.internal.AbstractSaveEventListener.performSave(AbstractSaveEventListener.java:224)
	at org.hibernate.event.internal.AbstractSaveEventListener.saveWithGeneratedId(AbstractSaveEventListener.java:136)
	at org.hibernate.event.internal.DefaultPersistEventListener.entityIsTransient(DefaultPersistEventListener.java:177)
	at org.hibernate.event.internal.DefaultPersistEventListener.persist(DefaultPersistEventListener.java:95)
	at org.hibernate.event.internal.DefaultPersistEventListener.onPersist(DefaultPersistEventListener.java:79)
	at org.hibernate.event.internal.DefaultPersistEventListener.onPersist(DefaultPersistEventListener.java:55)
	at org.hibernate.event.service.internal.EventListenerGroupImpl.fireEventOnEachListener(EventListenerGroupImpl.java:127)
	at org.hibernate.internal.SessionImpl.firePersist(SessionImpl.java:761)
	at org.hibernate.internal.SessionImpl.persist(SessionImpl.java:745)
	at java.base/jdk.internal.reflect.DirectMethodHandleAccessor.invoke(Unknown Source)
	at java.base/java.lang.reflect.Method.invoke(Unknown Source)
	at org.springframework.orm.jpa.SharedEntityManagerCreator$SharedEntityManagerInvocationHandler.invoke(SharedEntityManagerCreator.java:320)
	at jdk.proxy4/jdk.proxy4.$Proxy134.persist(Unknown Source)
	at org.springframework.data.jpa.repository.support.SimpleJpaRepository.save(SimpleJpaRepository.java:654)
	at java.base/jdk.internal.reflect.DirectMethodHandleAccessor.invoke(Unknown Source)
	at java.base/java.lang.reflect.Method.invoke(Unknown Source)
	at org.springframework.aop.support.AopUtils.invokeJoinpointUsingReflection(AopUtils.java:360)
	at org.springframework.data.repository.core.support.RepositoryMethodInvoker$RepositoryFragmentMethodInvoker.lambda$new$0(RepositoryMethodInvoker.java:277)
	at org.springframework.data.repository.core.support.RepositoryMethodInvoker.doInvoke(RepositoryMethodInvoker.java:170)
	at org.springframework.data.repository.core.support.RepositoryMethodInvoker.invoke(RepositoryMethodInvoker.java:158)
	at org.springframework.data.repository.core.support.RepositoryComposition$RepositoryFragments.invoke(RepositoryComposition.java:515)
	at org.springframework.data.repository.core.support.RepositoryComposition.invoke(RepositoryComposition.java:284)
	at org.springframework.data.repository.core.support.RepositoryFactorySupport$ImplementationMethodExecutionInterceptor.invoke(RepositoryFactorySupport.java:734)
	at org.springframework.aop.framework.ReflectiveMethodInvocation.proceed(ReflectiveMethodInvocation.java:184)
	at org.springframework.data.repository.core.support.QueryExecutorMethodInterceptor.doInvoke(QueryExecutorMethodInterceptor.java:174)
	at org.springframework.data.repository.core.support.QueryExecutorMethodInterceptor.invoke(QueryExecutorMethodInterceptor.java:149)
	at org.springframework.aop.framework.ReflectiveMethodInvocation.proceed(ReflectiveMethodInvocation.java:184)
	at org.springframework.data.projection.DefaultMethodInvokingMethodInterceptor.invoke(DefaultMethodInvokingMethodInterceptor.java:69)
	at org.springframework.aop.framework.ReflectiveMethodInvocation.proceed(ReflectiveMethodInvocation.java:184)
	at org.springframework.transaction.interceptor.TransactionAspectSupport.invokeWithinTransaction(TransactionAspectSupport.java:380)
	at org.springframework.transaction.interceptor.TransactionInterceptor.invoke(TransactionInterceptor.java:119)
	at org.springframework.aop.framework.ReflectiveMethodInvocation.proceed(ReflectiveMethodInvocation.java:184)
	at org.springframework.dao.support.PersistenceExceptionTranslationInterceptor.invoke(PersistenceExceptionTranslationInterceptor.java:138)
	... 89 common frames omitted
Caused by: java.sql.SQLIntegrityConstraintViolationException: Column 'email' cannot be null
	at com.mysql.cj.jdbc.exceptions.SQLError.createSQLException(SQLError.java:109)
	at com.mysql.cj.jdbc.exceptions.SQLExceptionsMapping.translateException(SQLExceptionsMapping.java:114)
	at com.mysql.cj.jdbc.ClientPreparedStatement.executeInternal(ClientPreparedStatement.java:988)
	at com.mysql.cj.jdbc.ClientPreparedStatement.executeUpdateInternal(ClientPreparedStatement.java:1166)
	at com.mysql.cj.jdbc.ClientPreparedStatement.executeUpdateInternal(ClientPreparedStatement.java:1101)
	at com.mysql.cj.jdbc.ClientPreparedStatement.executeLargeUpdate(ClientPreparedStatement.java:1448)
	at com.mysql.cj.jdbc.ClientPreparedStatement.executeUpdate(ClientPreparedStatement.java:1084)
	at com.zaxxer.hikari.pool.ProxyPreparedStatement.executeUpdate(ProxyPreparedStatement.java:61)
	at com.zaxxer.hikari.pool.HikariProxyPreparedStatement.executeUpdate(HikariProxyPreparedStatement.java)
	at org.hibernate.engine.jdbc.internal.ResultSetReturnImpl.executeUpdate(ResultSetReturnImpl.java:194)
	... 135 common frames omitted
2025-11-17 20:36:42.484 [http-nio-8080-exec-7] DEBUG o.s.security.web.FilterChainProxy - Securing GET /error?code=7181a8c1daae17c71cee&state=vcg6YfkysllF7PUpuB-0P_pogGAFlczbrW0xHCHt6vM%3D
2025-11-17 20:36:42.486 [http-nio-8080-exec-7] DEBUG o.s.s.w.a.AnonymousAuthenticationFilter - Set SecurityContextHolder to anonymous SecurityContext
2025-11-17 20:36:42.488 [http-nio-8080-exec-7] DEBUG o.s.s.w.s.HttpSessionRequestCache - Saved request http://localhost:8080/error?code=7181a8c1daae17c71cee&state=vcg6YfkysllF7PUpuB-0P_pogGAFlczbrW0xHCHt6vM%3D&continue to session
2025-11-17 20:36:42.488 [http-nio-8080-exec-7] DEBUG o.s.s.w.a.DelegatingAuthenticationEntryPoint - Trying to match using And [Not [RequestHeaderRequestMatcher [expectedHeaderName=X-Requested-With, expectedHeaderValue=XMLHttpRequest]], MediaTypeRequestMatcher [contentNegotiationStrategy=org.springframework.web.accept.ContentNegotiationManager@13969d98, matchingMediaTypes=[application/xhtml+xml, image/*, text/html, text/plain], useEquals=false, ignoredMediaTypes=[*/*]]]
2025-11-17 20:36:42.488 [http-nio-8080-exec-7] DEBUG o.s.s.w.a.DelegatingAuthenticationEntryPoint - Match found! Executing org.springframework.security.web.authentication.LoginUrlAuthenticationEntryPoint@7510eeb2
2025-11-17 20:36:42.488 [http-nio-8080-exec-7] DEBUG o.s.s.web.DefaultRedirectStrategy - Redirecting to http://localhost:8080/login
2025-11-17 20:36:42.493 [http-nio-8080-exec-9] DEBUG o.s.security.web.FilterChainProxy - Securing GET /login
2025-11-17 20:36:42.515 [http-nio-8080-exec-10] DEBUG o.s.security.web.FilterChainProxy - Securing GET /default-ui.css
2025-11-17 20:36:42.527 [http-nio-8080-exec-1] DEBUG o.s.security.web.FilterChainProxy - Securing GET /favicon.ico
2025-11-17 20:36:42.528 [http-nio-8080-exec-1] DEBUG o.s.s.w.a.AnonymousAuthenticationFilter - Set SecurityContextHolder to anonymous SecurityContext
2025-11-17 20:36:42.529 [http-nio-8080-exec-1] DEBUG o.s.s.w.a.DelegatingAuthenticationEntryPoint - Trying to match using And [Not [RequestHeaderRequestMatcher [expectedHeaderName=X-Requested-With, expectedHeaderValue=XMLHttpRequest]], MediaTypeRequestMatcher [contentNegotiationStrategy=org.springframework.web.accept.ContentNegotiationManager@13969d98, matchingMediaTypes=[application/xhtml+xml, image/*, text/html, text/plain], useEquals=false, ignoredMediaTypes=[*/*]]]
2025-11-17 20:36:42.529 [http-nio-8080-exec-1] DEBUG o.s.s.w.a.DelegatingAuthenticationEntryPoint - Match found! Executing org.springframework.security.web.authentication.LoginUrlAuthenticationEntryPoint@7510eeb2
2025-11-17 20:36:42.529 [http-nio-8080-exec-1] DEBUG o.s.s.web.DefaultRedirectStrategy - Redirecting to http://localhost:8080/login
2025-11-17 20:36:42.532 [http-nio-8080-exec-2] DEBUG o.s.security.web.FilterChainProxy - Securing GET /login
2025-11-17 20:36:45.087 [http-nio-8080-exec-3] DEBUG o.s.security.web.FilterChainProxy - Securing GET /games
2025-11-17 20:36:45.087 [http-nio-8080-exec-3] DEBUG o.s.s.w.a.AnonymousAuthenticationFilter - Set SecurityContextHolder to anonymous SecurityContext
2025-11-17 20:36:45.088 [http-nio-8080-exec-3] DEBUG o.s.s.w.s.HttpSessionRequestCache - Saved request http://localhost:8080/games?continue to session
2025-11-17 20:36:45.088 [http-nio-8080-exec-3] DEBUG o.s.s.w.a.DelegatingAuthenticationEntryPoint - Trying to match using And [Not [RequestHeaderRequestMatcher [expectedHeaderName=X-Requested-With, expectedHeaderValue=XMLHttpRequest]], MediaTypeRequestMatcher [contentNegotiationStrategy=org.springframework.web.accept.ContentNegotiationManager@13969d98, matchingMediaTypes=[application/xhtml+xml, image/*, text/html, text/plain], useEquals=false, ignoredMediaTypes=[*/*]]]
2025-11-17 20:36:45.088 [http-nio-8080-exec-3] DEBUG o.s.s.w.a.DelegatingAuthenticationEntryPoint - Match found! Executing org.springframework.security.web.authentication.LoginUrlAuthenticationEntryPoint@7510eeb2
2025-11-17 20:36:45.088 [http-nio-8080-exec-3] DEBUG o.s.s.web.DefaultRedirectStrategy - Redirecting to http://localhost:8080/login
2025-11-17 20:36:45.091 [http-nio-8080-exec-4] DEBUG o.s.security.web.FilterChainProxy - Securing GET /login
2025-11-17 20:36:45.109 [http-nio-8080-exec-5] DEBUG o.s.security.web.FilterChainProxy - Securing GET /default-ui.css
2025-11-17 20:36:45.114 [http-nio-8080-exec-6] DEBUG o.s.security.web.FilterChainProxy - Securing GET /favicon.ico
2025-11-17 20:36:45.115 [http-nio-8080-exec-6] DEBUG o.s.s.w.a.AnonymousAuthenticationFilter - Set SecurityContextHolder to anonymous SecurityContext
2025-11-17 20:36:45.115 [http-nio-8080-exec-6] DEBUG o.s.s.w.a.DelegatingAuthenticationEntryPoint - Trying to match using And [Not [RequestHeaderRequestMatcher [expectedHeaderName=X-Requested-With, expectedHeaderValue=XMLHttpRequest]], MediaTypeRequestMatcher [contentNegotiationStrategy=org.springframework.web.accept.ContentNegotiationManager@13969d98, matchingMediaTypes=[application/xhtml+xml, image/*, text/html, text/plain], useEquals=false, ignoredMediaTypes=[*/*]]]
2025-11-17 20:36:45.115 [http-nio-8080-exec-6] DEBUG o.s.s.w.a.DelegatingAuthenticationEntryPoint - Match found! Executing org.springframework.security.web.authentication.LoginUrlAuthenticationEntryPoint@7510eeb2
2025-11-17 20:36:45.115 [http-nio-8080-exec-6] DEBUG o.s.s.web.DefaultRedirectStrategy - Redirecting to http://localhost:8080/login
2025-11-17 20:36:45.117 [http-nio-8080-exec-8] DEBUG o.s.security.web.FilterChainProxy - Securing GET /login
2025-11-17 20:36:46.632 [http-nio-8080-exec-7] DEBUG o.s.security.web.FilterChainProxy - Securing GET /oauth2/authorization/google
2025-11-17 20:36:46.634 [http-nio-8080-exec-7] DEBUG o.s.s.web.DefaultRedirectStrategy - Redirecting to https://accounts.google.com/o/oauth2/v2/auth?response_type=code&client_id=932991391551-im7o767pmoq7cot9s27gqa3ddrirre88.apps.googleusercontent.com&scope=profile%20email&state=3FhQ2IWfTOQoaQ26abPsXrHGhLI-KRErrioJZxBitsQ%3D&redirect_uri=http://localhost:8080/login/oauth2/code/google
2025-11-17 20:36:49.461 [http-nio-8080-exec-9] DEBUG o.s.security.web.FilterChainProxy - Securing GET /login/oauth2/code/google?state=3FhQ2IWfTOQoaQ26abPsXrHGhLI-KRErrioJZxBitsQ%3D&code=4%2F0Ab32j91PrhOZeGV7WAWiVXZDyG7MlrM603Qf72WzGf8IhaCySbqfCTak2lecM-F72aszgA&scope=email+profile+https%3A%2F%2Fwww.googleapis.com%2Fauth%2Fuserinfo.profile+openid+https%3A%2F%2Fwww.googleapis.com%2Fauth%2Fuserinfo.email&authuser=0&prompt=none
2025-11-17 20:36:49.703 [http-nio-8080-exec-9] INFO  c.g.b.s.o.CustomOAuth2UserService - OAuth2 Login - Provider: google
2025-11-17 20:36:50.087 [http-nio-8080-exec-9] INFO  c.gamescore.back.service.UserService - Buscando o creando usuario OAuth2: hugogilb2005@gmail.com
2025-11-17 20:36:50.089 [http-nio-8080-exec-9] DEBUG org.hibernate.SQL - 
    select
        u1_0.id,
        u1_0.avatar_url,
        u1_0.created_at,
        u1_0.email,
        u1_0.enabled,
        u1_0.last_login,
        u1_0.name,
        u1_0.provider,
        u1_0.provider_id,
        u1_0.role,
        u1_0.updated_at 
    from
        user u1_0 
    where
        u1_0.provider=? 
        and u1_0.provider_id=?
2025-11-17 20:36:50.283 [http-nio-8080-exec-9] DEBUG org.hibernate.SQL - 
    select
        u1_0.id,
        u1_0.avatar_url,
        u1_0.created_at,
        u1_0.email,
        u1_0.enabled,
        u1_0.last_login,
        u1_0.name,
        u1_0.provider,
        u1_0.provider_id,
        u1_0.role,
        u1_0.updated_at 
    from
        user u1_0 
    where
        u1_0.email=?
2025-11-17 20:36:50.477 [http-nio-8080-exec-9] INFO  c.gamescore.back.service.UserService - Nuevo usuario creado: hugogilb2005@gmail.com
2025-11-17 20:36:50.479 [http-nio-8080-exec-9] DEBUG org.hibernate.SQL - 
    insert 
    into
        user
        (avatar_url, created_at, email, enabled, last_login, name, provider, provider_id, role, updated_at) 
    values
        (?, ?, ?, ?, ?, ?, ?, ?, ?, ?)
2025-11-17 20:36:51.079 [http-nio-8080-exec-9] INFO  c.g.b.s.o.CustomOAuth2UserService - Usuario OAuth2 procesado: hugogilb2005@gmail.com (GOOGLE)
2025-11-17 20:36:51.089 [http-nio-8080-exec-9] DEBUG o.s.s.w.a.s.ChangeSessionIdAuthenticationStrategy - Changed session id from 373C0C4570D5B16CF8C16957064E9EE1
2025-11-17 20:36:51.090 [http-nio-8080-exec-9] DEBUG o.s.s.w.c.HttpSessionSecurityContextRepository - Stored SecurityContextImpl [Authentication=OAuth2AuthenticationToken [Principal=com.gamescore.back.security.oauth2.CustomOAuth2User@31cb81c, Credentials=[PROTECTED], Authenticated=true, Details=WebAuthenticationDetails [RemoteIpAddress=0:0:0:0:0:0:0:1, SessionId=373C0C4570D5B16CF8C16957064E9EE1], Granted Authorities=[ROLE_USER]]] to HttpSession [org.apache.catalina.session.StandardSessionFacade@455182ba]
2025-11-17 20:36:51.090 [http-nio-8080-exec-9] DEBUG o.s.s.o.c.w.OAuth2LoginAuthenticationFilter - Set SecurityContextHolder to OAuth2AuthenticationToken [Principal=com.gamescore.back.security.oauth2.CustomOAuth2User@31cb81c, Credentials=[PROTECTED], Authenticated=true, Details=WebAuthenticationDetails [RemoteIpAddress=0:0:0:0:0:0:0:1, SessionId=373C0C4570D5B16CF8C16957064E9EE1], Granted Authorities=[ROLE_USER]]
2025-11-17 20:36:51.090 [http-nio-8080-exec-9] DEBUG o.s.s.web.DefaultRedirectStrategy - Redirecting to http://localhost:8080/games?continue
2025-11-17 20:36:51.096 [http-nio-8080-exec-10] DEBUG o.s.security.web.FilterChainProxy - Securing GET /games?continue
2025-11-17 20:36:51.096 [http-nio-8080-exec-10] DEBUG o.s.s.w.s.HttpSessionRequestCache - Loaded matching saved request http://localhost:8080/games?continue
2025-11-17 20:36:51.098 [http-nio-8080-exec-10] DEBUG o.s.s.w.c.HttpSessionSecurityContextRepository - Retrieved SecurityContextImpl [Authentication=OAuth2AuthenticationToken [Principal=com.gamescore.back.security.oauth2.CustomOAuth2User@31cb81c, Credentials=[PROTECTED], Authenticated=true, Details=WebAuthenticationDetails [RemoteIpAddress=0:0:0:0:0:0:0:1, SessionId=373C0C4570D5B16CF8C16957064E9EE1], Granted Authorities=[ROLE_USER]]]
2025-11-17 20:36:51.098 [http-nio-8080-exec-10] DEBUG o.s.security.web.FilterChainProxy - Secured GET /games?continue
2025-11-17 20:36:51.503 [http-nio-8080-exec-10] DEBUG org.hibernate.SQL - 
    select
        g1_0.id,
        g1_0.background_url,
        g1_0.created_at,
        g1_0.description,
        g1_0.metacritic,
        g1_0.name,
        g1_0.rating,
        g1_0.rawg_id,
        g1_0.release_date,
        g1_0.slug,
        g1_0.updated_at,
        g1_0.website,
        g1_0.youtube_url 
    from
        game g1_0
2025-11-17 20:36:52.533 [http-nio-8080-exec-10] ERROR org.thymeleaf.TemplateEngine - [THYMELEAF][http-nio-8080-exec-10] Exception processing template "games/list": Error resolving template [games/list], template might not exist or might not be accessible by any of the configured Template Resolvers
org.thymeleaf.exceptions.TemplateInputException: Error resolving template [games/list], template might not exist or might not be accessible by any of the configured Template Resolvers
	at org.thymeleaf.engine.TemplateManager.resolveTemplate(TemplateManager.java:869)
	at org.thymeleaf.engine.TemplateManager.parseAndProcess(TemplateManager.java:607)
	at org.thymeleaf.TemplateEngine.process(TemplateEngine.java:1103)
	at org.thymeleaf.TemplateEngine.process(TemplateEngine.java:1077)
	at org.thymeleaf.spring6.view.ThymeleafView.renderFragment(ThymeleafView.java:372)
	at org.thymeleaf.spring6.view.ThymeleafView.render(ThymeleafView.java:192)
	at org.springframework.web.servlet.DispatcherServlet.render(DispatcherServlet.java:1438)
	at org.springframework.web.servlet.DispatcherServlet.processDispatchResult(DispatcherServlet.java:1168)
	at org.springframework.web.servlet.DispatcherServlet.doDispatch(DispatcherServlet.java:1106)
	at org.springframework.web.servlet.DispatcherServlet.doService(DispatcherServlet.java:979)
	at org.springframework.web.servlet.FrameworkServlet.processRequest(FrameworkServlet.java:1014)
	at org.springframework.web.servlet.FrameworkServlet.doGet(FrameworkServlet.java:903)
	at jakarta.servlet.http.HttpServlet.service(HttpServlet.java:564)
	at org.springframework.web.servlet.FrameworkServlet.service(FrameworkServlet.java:885)
	at jakarta.servlet.http.HttpServlet.service(HttpServlet.java:658)
	at org.apache.catalina.core.ApplicationFilterChain.internalDoFilter(ApplicationFilterChain.java:193)
	at org.apache.catalina.core.ApplicationFilterChain.doFilter(ApplicationFilterChain.java:138)
	at org.apache.tomcat.websocket.server.WsFilter.doFilter(WsFilter.java:51)
	at org.apache.catalina.core.ApplicationFilterChain.internalDoFilter(ApplicationFilterChain.java:162)
	at org.apache.catalina.core.ApplicationFilterChain.doFilter(ApplicationFilterChain.java:138)
	at org.springframework.web.filter.CompositeFilter$VirtualFilterChain.doFilter(CompositeFilter.java:108)
	at org.springframework.web.filter.CompositeFilter$VirtualFilterChain.doFilter(CompositeFilter.java:108)
	at org.springframework.security.web.FilterChainProxy.lambda$doFilterInternal$3(FilterChainProxy.java:231)
	at org.springframework.security.web.FilterChainProxy$VirtualFilterChain.doFilter(FilterChainProxy.java:365)
	at org.springframework.security.web.access.intercept.AuthorizationFilter.doFilter(AuthorizationFilter.java:101)
	at org.springframework.security.web.FilterChainProxy$VirtualFilterChain.doFilter(FilterChainProxy.java:374)
	at org.springframework.security.web.access.ExceptionTranslationFilter.doFilter(ExceptionTranslationFilter.java:125)
	at org.springframework.security.web.access.ExceptionTranslationFilter.doFilter(ExceptionTranslationFilter.java:119)
	at org.springframework.security.web.FilterChainProxy$VirtualFilterChain.doFilter(FilterChainProxy.java:374)
	at org.springframework.security.web.authentication.AnonymousAuthenticationFilter.doFilter(AnonymousAuthenticationFilter.java:100)
	at org.springframework.security.web.FilterChainProxy$VirtualFilterChain.doFilter(FilterChainProxy.java:374)
	at org.springframework.security.web.servletapi.SecurityContextHolderAwareRequestFilter.doFilter(SecurityContextHolderAwareRequestFilter.java:179)
	at org.springframework.security.web.FilterChainProxy$VirtualFilterChain.doFilter(FilterChainProxy.java:374)
	at org.springframework.security.web.savedrequest.RequestCacheAwareFilter.doFilter(RequestCacheAwareFilter.java:63)
	at org.springframework.security.web.FilterChainProxy$VirtualFilterChain.doFilter(FilterChainProxy.java:374)
	at org.springframework.security.web.authentication.ui.DefaultLogoutPageGeneratingFilter.doFilterInternal(DefaultLogoutPageGeneratingFilter.java:59)
	at org.springframework.web.filter.OncePerRequestFilter.doFilter(OncePerRequestFilter.java:116)
	at org.springframework.security.web.FilterChainProxy$VirtualFilterChain.doFilter(FilterChainProxy.java:374)
	at org.springframework.security.web.authentication.ui.DefaultLoginPageGeneratingFilter.doFilter(DefaultLoginPageGeneratingFilter.java:216)
	at org.springframework.security.web.authentication.ui.DefaultLoginPageGeneratingFilter.doFilter(DefaultLoginPageGeneratingFilter.java:202)
	at org.springframework.security.web.FilterChainProxy$VirtualFilterChain.doFilter(FilterChainProxy.java:374)
	at org.springframework.security.web.authentication.ui.DefaultResourcesFilter.doFilter(DefaultResourcesFilter.java:72)
	at org.springframework.security.web.FilterChainProxy$VirtualFilterChain.doFilter(FilterChainProxy.java:374)
	at org.springframework.security.web.authentication.AbstractAuthenticationProcessingFilter.doFilter(AbstractAuthenticationProcessingFilter.java:235)
	at org.springframework.security.web.authentication.AbstractAuthenticationProcessingFilter.doFilter(AbstractAuthenticationProcessingFilter.java:229)
	at org.springframework.security.web.FilterChainProxy$VirtualFilterChain.doFilter(FilterChainProxy.java:374)
	at org.springframework.security.web.authentication.AbstractAuthenticationProcessingFilter.doFilter(AbstractAuthenticationProcessingFilter.java:235)
	at org.springframework.security.web.authentication.AbstractAuthenticationProcessingFilter.doFilter(AbstractAuthenticationProcessingFilter.java:229)
	at org.springframework.security.web.FilterChainProxy$VirtualFilterChain.doFilter(FilterChainProxy.java:374)
	at org.springframework.security.oauth2.client.web.OAuth2AuthorizationRequestRedirectFilter.doFilterInternal(OAuth2AuthorizationRequestRedirectFilter.java:198)
	at org.springframework.web.filter.OncePerRequestFilter.doFilter(OncePerRequestFilter.java:116)
	at org.springframework.security.web.FilterChainProxy$VirtualFilterChain.doFilter(FilterChainProxy.java:374)
	at org.springframework.security.web.authentication.logout.LogoutFilter.doFilter(LogoutFilter.java:107)
	at org.springframework.security.web.authentication.logout.LogoutFilter.doFilter(LogoutFilter.java:93)
	at org.springframework.security.web.FilterChainProxy$VirtualFilterChain.doFilter(FilterChainProxy.java:374)
	at org.springframework.security.web.csrf.CsrfFilter.doFilterInternal(CsrfFilter.java:117)
	at org.springframework.web.filter.OncePerRequestFilter.doFilter(OncePerRequestFilter.java:116)
	at org.springframework.security.web.FilterChainProxy$VirtualFilterChain.doFilter(FilterChainProxy.java:374)
	at org.springframework.security.web.header.HeaderWriterFilter.doHeadersAfter(HeaderWriterFilter.java:90)
	at org.springframework.security.web.header.HeaderWriterFilter.doFilterInternal(HeaderWriterFilter.java:75)
	at org.springframework.web.filter.OncePerRequestFilter.doFilter(OncePerRequestFilter.java:116)
	at org.springframework.security.web.FilterChainProxy$VirtualFilterChain.doFilter(FilterChainProxy.java:374)
	at org.springframework.security.web.context.SecurityContextHolderFilter.doFilter(SecurityContextHolderFilter.java:82)
	at org.springframework.security.web.context.SecurityContextHolderFilter.doFilter(SecurityContextHolderFilter.java:69)
	at org.springframework.security.web.FilterChainProxy$VirtualFilterChain.doFilter(FilterChainProxy.java:374)
	at org.springframework.security.web.context.request.async.WebAsyncManagerIntegrationFilter.doFilterInternal(WebAsyncManagerIntegrationFilter.java:62)
	at org.springframework.web.filter.OncePerRequestFilter.doFilter(OncePerRequestFilter.java:116)
	at org.springframework.security.web.FilterChainProxy$VirtualFilterChain.doFilter(FilterChainProxy.java:374)
	at org.springframework.security.web.session.DisableEncodeUrlFilter.doFilterInternal(DisableEncodeUrlFilter.java:42)
	at org.springframework.web.filter.OncePerRequestFilter.doFilter(OncePerRequestFilter.java:116)
	at org.springframework.security.web.FilterChainProxy$VirtualFilterChain.doFilter(FilterChainProxy.java:374)
	at org.springframework.security.web.FilterChainProxy.doFilterInternal(FilterChainProxy.java:233)
	at org.springframework.security.web.FilterChainProxy.doFilter(FilterChainProxy.java:191)
	at org.springframework.web.filter.CompositeFilter$VirtualFilterChain.doFilter(CompositeFilter.java:113)
	at org.springframework.web.filter.ServletRequestPathFilter.doFilter(ServletRequestPathFilter.java:52)
	at org.springframework.web.filter.CompositeFilter$VirtualFilterChain.doFilter(CompositeFilter.java:113)
	at org.springframework.web.filter.CompositeFilter.doFilter(CompositeFilter.java:74)
	at org.springframework.security.config.annotation.web.configuration.WebSecurityConfiguration$CompositeFilterChainProxy.doFilter(WebSecurityConfiguration.java:319)
	at org.springframework.web.filter.CompositeFilter$VirtualFilterChain.doFilter(CompositeFilter.java:113)
	at org.springframework.web.servlet.handler.HandlerMappingIntrospector.lambda$createCacheFilter$4(HandlerMappingIntrospector.java:267)
	at org.springframework.web.filter.CompositeFilter$VirtualFilterChain.doFilter(CompositeFilter.java:113)
	at org.springframework.web.filter.CompositeFilter.doFilter(CompositeFilter.java:74)
	at org.springframework.security.config.annotation.web.configuration.WebMvcSecurityConfiguration$CompositeFilterChainProxy.doFilter(WebMvcSecurityConfiguration.java:240)
	at org.springframework.web.filter.DelegatingFilterProxy.invokeDelegate(DelegatingFilterProxy.java:362)
	at org.springframework.web.filter.DelegatingFilterProxy.doFilter(DelegatingFilterProxy.java:278)
	at org.apache.catalina.core.ApplicationFilterChain.internalDoFilter(ApplicationFilterChain.java:162)
	at org.apache.catalina.core.ApplicationFilterChain.doFilter(ApplicationFilterChain.java:138)
	at org.springframework.web.filter.RequestContextFilter.doFilterInternal(RequestContextFilter.java:100)
	at org.springframework.web.filter.OncePerRequestFilter.doFilter(OncePerRequestFilter.java:116)
	at org.apache.catalina.core.ApplicationFilterChain.internalDoFilter(ApplicationFilterChain.java:162)
	at org.apache.catalina.core.ApplicationFilterChain.doFilter(ApplicationFilterChain.java:138)
	at org.springframework.web.filter.FormContentFilter.doFilterInternal(FormContentFilter.java:93)
	at org.springframework.web.filter.OncePerRequestFilter.doFilter(OncePerRequestFilter.java:116)
	at org.apache.catalina.core.ApplicationFilterChain.internalDoFilter(ApplicationFilterChain.java:162)
	at org.apache.catalina.core.ApplicationFilterChain.doFilter(ApplicationFilterChain.java:138)
	at org.springframework.web.filter.CharacterEncodingFilter.doFilterInternal(CharacterEncodingFilter.java:201)
	at org.springframework.web.filter.OncePerRequestFilter.doFilter(OncePerRequestFilter.java:116)
	at org.apache.catalina.core.ApplicationFilterChain.internalDoFilter(ApplicationFilterChain.java:162)
	at org.apache.catalina.core.ApplicationFilterChain.doFilter(ApplicationFilterChain.java:138)
	at org.apache.catalina.core.StandardWrapperValve.invoke(StandardWrapperValve.java:165)
	at org.apache.catalina.core.StandardContextValve.invoke(StandardContextValve.java:88)
	at org.apache.catalina.authenticator.AuthenticatorBase.invoke(AuthenticatorBase.java:482)
	at org.apache.catalina.core.StandardHostValve.invoke(StandardHostValve.java:113)
	at org.apache.catalina.valves.ErrorReportValve.invoke(ErrorReportValve.java:83)
	at org.apache.catalina.core.StandardEngineValve.invoke(StandardEngineValve.java:72)
	at org.apache.catalina.connector.CoyoteAdapter.service(CoyoteAdapter.java:342)
	at org.apache.coyote.http11.Http11Processor.service(Http11Processor.java:399)
	at org.apache.coyote.AbstractProcessorLight.process(AbstractProcessorLight.java:63)
	at org.apache.coyote.AbstractProtocol$ConnectionHandler.process(AbstractProtocol.java:903)
	at org.apache.tomcat.util.net.NioEndpoint$SocketProcessor.doRun(NioEndpoint.java:1774)
	at org.apache.tomcat.util.net.SocketProcessorBase.run(SocketProcessorBase.java:52)
	at org.apache.tomcat.util.threads.ThreadPoolExecutor.runWorker(ThreadPoolExecutor.java:973)
	at org.apache.tomcat.util.threads.ThreadPoolExecutor$Worker.run(ThreadPoolExecutor.java:491)
	at org.apache.tomcat.util.threads.TaskThread$WrappingRunnable.run(TaskThread.java:63)
	at java.base/java.lang.Thread.run(Unknown Source)
2025-11-17 20:36:52.535 [http-nio-8080-exec-10] ERROR o.a.c.c.C.[.[.[.[dispatcherServlet] - Servlet.service() for servlet [dispatcherServlet] in context with path [] threw exception [Request processing failed: org.thymeleaf.exceptions.TemplateInputException: Error resolving template [games/list], template might not exist or might not be accessible by any of the configured Template Resolvers] with root cause
org.thymeleaf.exceptions.TemplateInputException: Error resolving template [games/list], template might not exist or might not be accessible by any of the configured Template Resolvers
	at org.thymeleaf.engine.TemplateManager.resolveTemplate(TemplateManager.java:869)
	at org.thymeleaf.engine.TemplateManager.parseAndProcess(TemplateManager.java:607)
	at org.thymeleaf.TemplateEngine.process(TemplateEngine.java:1103)
	at org.thymeleaf.TemplateEngine.process(TemplateEngine.java:1077)
	at org.thymeleaf.spring6.view.ThymeleafView.renderFragment(ThymeleafView.java:372)
	at org.thymeleaf.spring6.view.ThymeleafView.render(ThymeleafView.java:192)
	at org.springframework.web.servlet.DispatcherServlet.render(DispatcherServlet.java:1438)
	at org.springframework.web.servlet.DispatcherServlet.processDispatchResult(DispatcherServlet.java:1168)
	at org.springframework.web.servlet.DispatcherServlet.doDispatch(DispatcherServlet.java:1106)
	at org.springframework.web.servlet.DispatcherServlet.doService(DispatcherServlet.java:979)
	at org.springframework.web.servlet.FrameworkServlet.processRequest(FrameworkServlet.java:1014)
	at org.springframework.web.servlet.FrameworkServlet.doGet(FrameworkServlet.java:903)
	at jakarta.servlet.http.HttpServlet.service(HttpServlet.java:564)
	at org.springframework.web.servlet.FrameworkServlet.service(FrameworkServlet.java:885)
	at jakarta.servlet.http.HttpServlet.service(HttpServlet.java:658)
	at org.apache.catalina.core.ApplicationFilterChain.internalDoFilter(ApplicationFilterChain.java:193)
	at org.apache.catalina.core.ApplicationFilterChain.doFilter(ApplicationFilterChain.java:138)
	at org.apache.tomcat.websocket.server.WsFilter.doFilter(WsFilter.java:51)
	at org.apache.catalina.core.ApplicationFilterChain.internalDoFilter(ApplicationFilterChain.java:162)
	at org.apache.catalina.core.ApplicationFilterChain.doFilter(ApplicationFilterChain.java:138)
	at org.springframework.web.filter.CompositeFilter$VirtualFilterChain.doFilter(CompositeFilter.java:108)
	at org.springframework.web.filter.CompositeFilter$VirtualFilterChain.doFilter(CompositeFilter.java:108)
	at org.springframework.security.web.FilterChainProxy.lambda$doFilterInternal$3(FilterChainProxy.java:231)
	at org.springframework.security.web.FilterChainProxy$VirtualFilterChain.doFilter(FilterChainProxy.java:365)
	at org.springframework.security.web.access.intercept.AuthorizationFilter.doFilter(AuthorizationFilter.java:101)
	at org.springframework.security.web.FilterChainProxy$VirtualFilterChain.doFilter(FilterChainProxy.java:374)
	at org.springframework.security.web.access.ExceptionTranslationFilter.doFilter(ExceptionTranslationFilter.java:125)
	at org.springframework.security.web.access.ExceptionTranslationFilter.doFilter(ExceptionTranslationFilter.java:119)
	at org.springframework.security.web.FilterChainProxy$VirtualFilterChain.doFilter(FilterChainProxy.java:374)
	at org.springframework.security.web.authentication.AnonymousAuthenticationFilter.doFilter(AnonymousAuthenticationFilter.java:100)
	at org.springframework.security.web.FilterChainProxy$VirtualFilterChain.doFilter(FilterChainProxy.java:374)
	at org.springframework.security.web.servletapi.SecurityContextHolderAwareRequestFilter.doFilter(SecurityContextHolderAwareRequestFilter.java:179)
	at org.springframework.security.web.FilterChainProxy$VirtualFilterChain.doFilter(FilterChainProxy.java:374)
	at org.springframework.security.web.savedrequest.RequestCacheAwareFilter.doFilter(RequestCacheAwareFilter.java:63)
	at org.springframework.security.web.FilterChainProxy$VirtualFilterChain.doFilter(FilterChainProxy.java:374)
	at org.springframework.security.web.authentication.ui.DefaultLogoutPageGeneratingFilter.doFilterInternal(DefaultLogoutPageGeneratingFilter.java:59)
	at org.springframework.web.filter.OncePerRequestFilter.doFilter(OncePerRequestFilter.java:116)
	at org.springframework.security.web.FilterChainProxy$VirtualFilterChain.doFilter(FilterChainProxy.java:374)
	at org.springframework.security.web.authentication.ui.DefaultLoginPageGeneratingFilter.doFilter(DefaultLoginPageGeneratingFilter.java:216)
	at org.springframework.security.web.authentication.ui.DefaultLoginPageGeneratingFilter.doFilter(DefaultLoginPageGeneratingFilter.java:202)
	at org.springframework.security.web.FilterChainProxy$VirtualFilterChain.doFilter(FilterChainProxy.java:374)
	at org.springframework.security.web.authentication.ui.DefaultResourcesFilter.doFilter(DefaultResourcesFilter.java:72)
	at org.springframework.security.web.FilterChainProxy$VirtualFilterChain.doFilter(FilterChainProxy.java:374)
	at org.springframework.security.web.authentication.AbstractAuthenticationProcessingFilter.doFilter(AbstractAuthenticationProcessingFilter.java:235)
	at org.springframework.security.web.authentication.AbstractAuthenticationProcessingFilter.doFilter(AbstractAuthenticationProcessingFilter.java:229)
	at org.springframework.security.web.FilterChainProxy$VirtualFilterChain.doFilter(FilterChainProxy.java:374)
	at org.springframework.security.web.authentication.AbstractAuthenticationProcessingFilter.doFilter(AbstractAuthenticationProcessingFilter.java:235)
	at org.springframework.security.web.authentication.AbstractAuthenticationProcessingFilter.doFilter(AbstractAuthenticationProcessingFilter.java:229)
	at org.springframework.security.web.FilterChainProxy$VirtualFilterChain.doFilter(FilterChainProxy.java:374)
	at org.springframework.security.oauth2.client.web.OAuth2AuthorizationRequestRedirectFilter.doFilterInternal(OAuth2AuthorizationRequestRedirectFilter.java:198)
	at org.springframework.web.filter.OncePerRequestFilter.doFilter(OncePerRequestFilter.java:116)
	at org.springframework.security.web.FilterChainProxy$VirtualFilterChain.doFilter(FilterChainProxy.java:374)
	at org.springframework.security.web.authentication.logout.LogoutFilter.doFilter(LogoutFilter.java:107)
	at org.springframework.security.web.authentication.logout.LogoutFilter.doFilter(LogoutFilter.java:93)
	at org.springframework.security.web.FilterChainProxy$VirtualFilterChain.doFilter(FilterChainProxy.java:374)
	at org.springframework.security.web.csrf.CsrfFilter.doFilterInternal(CsrfFilter.java:117)
	at org.springframework.web.filter.OncePerRequestFilter.doFilter(OncePerRequestFilter.java:116)
	at org.springframework.security.web.FilterChainProxy$VirtualFilterChain.doFilter(FilterChainProxy.java:374)
	at org.springframework.security.web.header.HeaderWriterFilter.doHeadersAfter(HeaderWriterFilter.java:90)
	at org.springframework.security.web.header.HeaderWriterFilter.doFilterInternal(HeaderWriterFilter.java:75)
	at org.springframework.web.filter.OncePerRequestFilter.doFilter(OncePerRequestFilter.java:116)
	at org.springframework.security.web.FilterChainProxy$VirtualFilterChain.doFilter(FilterChainProxy.java:374)
	at org.springframework.security.web.context.SecurityContextHolderFilter.doFilter(SecurityContextHolderFilter.java:82)
	at org.springframework.security.web.context.SecurityContextHolderFilter.doFilter(SecurityContextHolderFilter.java:69)
	at org.springframework.security.web.FilterChainProxy$VirtualFilterChain.doFilter(FilterChainProxy.java:374)
	at org.springframework.security.web.context.request.async.WebAsyncManagerIntegrationFilter.doFilterInternal(WebAsyncManagerIntegrationFilter.java:62)
	at org.springframework.web.filter.OncePerRequestFilter.doFilter(OncePerRequestFilter.java:116)
	at org.springframework.security.web.FilterChainProxy$VirtualFilterChain.doFilter(FilterChainProxy.java:374)
	at org.springframework.security.web.session.DisableEncodeUrlFilter.doFilterInternal(DisableEncodeUrlFilter.java:42)
	at org.springframework.web.filter.OncePerRequestFilter.doFilter(OncePerRequestFilter.java:116)
	at org.springframework.security.web.FilterChainProxy$VirtualFilterChain.doFilter(FilterChainProxy.java:374)
	at org.springframework.security.web.FilterChainProxy.doFilterInternal(FilterChainProxy.java:233)
	at org.springframework.security.web.FilterChainProxy.doFilter(FilterChainProxy.java:191)
	at org.springframework.web.filter.CompositeFilter$VirtualFilterChain.doFilter(CompositeFilter.java:113)
	at org.springframework.web.filter.ServletRequestPathFilter.doFilter(ServletRequestPathFilter.java:52)
	at org.springframework.web.filter.CompositeFilter$VirtualFilterChain.doFilter(CompositeFilter.java:113)
	at org.springframework.web.filter.CompositeFilter.doFilter(CompositeFilter.java:74)
	at org.springframework.security.config.annotation.web.configuration.WebSecurityConfiguration$CompositeFilterChainProxy.doFilter(WebSecurityConfiguration.java:319)
	at org.springframework.web.filter.CompositeFilter$VirtualFilterChain.doFilter(CompositeFilter.java:113)
	at org.springframework.web.servlet.handler.HandlerMappingIntrospector.lambda$createCacheFilter$4(HandlerMappingIntrospector.java:267)
	at org.springframework.web.filter.CompositeFilter$VirtualFilterChain.doFilter(CompositeFilter.java:113)
	at org.springframework.web.filter.CompositeFilter.doFilter(CompositeFilter.java:74)
	at org.springframework.security.config.annotation.web.configuration.WebMvcSecurityConfiguration$CompositeFilterChainProxy.doFilter(WebMvcSecurityConfiguration.java:240)
	at org.springframework.web.filter.DelegatingFilterProxy.invokeDelegate(DelegatingFilterProxy.java:362)
	at org.springframework.web.filter.DelegatingFilterProxy.doFilter(DelegatingFilterProxy.java:278)
	at org.apache.catalina.core.ApplicationFilterChain.internalDoFilter(ApplicationFilterChain.java:162)
	at org.apache.catalina.core.ApplicationFilterChain.doFilter(ApplicationFilterChain.java:138)
	at org.springframework.web.filter.RequestContextFilter.doFilterInternal(RequestContextFilter.java:100)
	at org.springframework.web.filter.OncePerRequestFilter.doFilter(OncePerRequestFilter.java:116)
	at org.apache.catalina.core.ApplicationFilterChain.internalDoFilter(ApplicationFilterChain.java:162)
	at org.apache.catalina.core.ApplicationFilterChain.doFilter(ApplicationFilterChain.java:138)
	at org.springframework.web.filter.FormContentFilter.doFilterInternal(FormContentFilter.java:93)
	at org.springframework.web.filter.OncePerRequestFilter.doFilter(OncePerRequestFilter.java:116)
	at org.apache.catalina.core.ApplicationFilterChain.internalDoFilter(ApplicationFilterChain.java:162)
	at org.apache.catalina.core.ApplicationFilterChain.doFilter(ApplicationFilterChain.java:138)
	at org.springframework.web.filter.CharacterEncodingFilter.doFilterInternal(CharacterEncodingFilter.java:201)
	at org.springframework.web.filter.OncePerRequestFilter.doFilter(OncePerRequestFilter.java:116)
	at org.apache.catalina.core.ApplicationFilterChain.internalDoFilter(ApplicationFilterChain.java:162)
	at org.apache.catalina.core.ApplicationFilterChain.doFilter(ApplicationFilterChain.java:138)
	at org.apache.catalina.core.StandardWrapperValve.invoke(StandardWrapperValve.java:165)
	at org.apache.catalina.core.StandardContextValve.invoke(StandardContextValve.java:88)
	at org.apache.catalina.authenticator.AuthenticatorBase.invoke(AuthenticatorBase.java:482)
	at org.apache.catalina.core.StandardHostValve.invoke(StandardHostValve.java:113)
	at org.apache.catalina.valves.ErrorReportValve.invoke(ErrorReportValve.java:83)
	at org.apache.catalina.core.StandardEngineValve.invoke(StandardEngineValve.java:72)
	at org.apache.catalina.connector.CoyoteAdapter.service(CoyoteAdapter.java:342)
	at org.apache.coyote.http11.Http11Processor.service(Http11Processor.java:399)
	at org.apache.coyote.AbstractProcessorLight.process(AbstractProcessorLight.java:63)
	at org.apache.coyote.AbstractProtocol$ConnectionHandler.process(AbstractProtocol.java:903)
	at org.apache.tomcat.util.net.NioEndpoint$SocketProcessor.doRun(NioEndpoint.java:1774)
	at org.apache.tomcat.util.net.SocketProcessorBase.run(SocketProcessorBase.java:52)
	at org.apache.tomcat.util.threads.ThreadPoolExecutor.runWorker(ThreadPoolExecutor.java:973)
	at org.apache.tomcat.util.threads.ThreadPoolExecutor$Worker.run(ThreadPoolExecutor.java:491)
	at org.apache.tomcat.util.threads.TaskThread$WrappingRunnable.run(TaskThread.java:63)
	at java.base/java.lang.Thread.run(Unknown Source)
2025-11-17 20:36:52.536 [http-nio-8080-exec-10] DEBUG o.s.security.web.FilterChainProxy - Securing GET /error?continue
2025-11-17 20:36:52.536 [http-nio-8080-exec-10] DEBUG o.s.s.w.c.HttpSessionSecurityContextRepository - Retrieved SecurityContextImpl [Authentication=OAuth2AuthenticationToken [Principal=com.gamescore.back.security.oauth2.CustomOAuth2User@31cb81c, Credentials=[PROTECTED], Authenticated=true, Details=WebAuthenticationDetails [RemoteIpAddress=0:0:0:0:0:0:0:1, SessionId=373C0C4570D5B16CF8C16957064E9EE1], Granted Authorities=[ROLE_USER]]]
2025-11-17 20:36:52.536 [http-nio-8080-exec-10] DEBUG o.s.security.web.FilterChainProxy - Secured GET /error?continue
2025-11-17 20:36:52.590 [http-nio-8080-exec-1] DEBUG o.s.security.web.FilterChainProxy - Securing GET /favicon.ico
2025-11-17 20:36:52.590 [http-nio-8080-exec-1] DEBUG o.s.s.w.c.HttpSessionSecurityContextRepository - Retrieved SecurityContextImpl [Authentication=OAuth2AuthenticationToken [Principal=com.gamescore.back.security.oauth2.CustomOAuth2User@31cb81c, Credentials=[PROTECTED], Authenticated=true, Details=WebAuthenticationDetails [RemoteIpAddress=0:0:0:0:0:0:0:1, SessionId=373C0C4570D5B16CF8C16957064E9EE1], Granted Authorities=[ROLE_USER]]]
2025-11-17 20:36:52.590 [http-nio-8080-exec-1] DEBUG o.s.security.web.FilterChainProxy - Secured GET /favicon.ico
2025-11-17 20:36:52.594 [http-nio-8080-exec-1] DEBUG o.s.security.web.FilterChainProxy - Securing GET /error
2025-11-17 20:36:52.595 [http-nio-8080-exec-1] DEBUG o.s.s.w.c.HttpSessionSecurityContextRepository - Retrieved SecurityContextImpl [Authentication=OAuth2AuthenticationToken [Principal=com.gamescore.back.security.oauth2.CustomOAuth2User@31cb81c, Credentials=[PROTECTED], Authenticated=true, Details=WebAuthenticationDetails [RemoteIpAddress=0:0:0:0:0:0:0:1, SessionId=373C0C4570D5B16CF8C16957064E9EE1], Granted Authorities=[ROLE_USER]]]
2025-11-17 20:36:52.595 [http-nio-8080-exec-1] DEBUG o.s.security.web.FilterChainProxy - Secured GET /error
2025-11-17 20:36:56.861 [http-nio-8080-exec-2] DEBUG o.s.security.web.FilterChainProxy - Securing GET /login
2025-11-17 20:36:56.891 [http-nio-8080-exec-3] DEBUG o.s.security.web.FilterChainProxy - Securing GET /default-ui.css
2025-11-17 20:37:01.535 [SpringApplicationShutdownHook] INFO  o.s.b.w.e.tomcat.GracefulShutdown - Commencing graceful shutdown. Waiting for active requests to complete
2025-11-17 20:37:01.540 [tomcat-shutdown] INFO  o.s.b.w.e.tomcat.GracefulShutdown - Graceful shutdown complete
2025-11-17 20:37:01.549 [SpringApplicationShutdownHook] INFO  o.s.o.j.LocalContainerEntityManagerFactoryBean - Closing JPA EntityManagerFactory for persistence unit 'default'
2025-11-17 20:37:01.555 [SpringApplicationShutdownHook] INFO  com.zaxxer.hikari.HikariDataSource - HikariPool-1 - Shutdown initiated...
2025-11-17 20:37:01.609 [SpringApplicationShutdownHook] INFO  com.zaxxer.hikari.HikariDataSource - HikariPool-1 - Shutdown completed.
2025-11-17 20:37:59.479 [restartedMain] INFO  com.gamescore.back.BackApplication - Starting BackApplication using Java 21.0.8 with PID 15638 (/Users/hug0gil/Desktop/DAW/DWESE/Proyectos/GameScore/back/target/classes started by hug0gil in /Users/hug0gil/Desktop/DAW/DWESE/Proyectos/GameScore/back)
2025-11-17 20:37:59.480 [restartedMain] DEBUG com.gamescore.back.BackApplication - Running with Spring Boot v3.5.7, Spring v6.2.12
2025-11-17 20:37:59.481 [restartedMain] INFO  com.gamescore.back.BackApplication - No active profile set, falling back to 1 default profile: "default"
2025-11-17 20:37:59.500 [restartedMain] INFO  o.s.b.d.e.DevToolsPropertyDefaultsPostProcessor - Devtools property defaults active! Set 'spring.devtools.add-properties' to 'false' to disable
2025-11-17 20:37:59.500 [restartedMain] INFO  o.s.b.d.e.DevToolsPropertyDefaultsPostProcessor - For additional web related logging consider setting the 'logging.level.web' property to 'DEBUG'
2025-11-17 20:37:59.885 [restartedMain] INFO  o.s.d.r.c.RepositoryConfigurationDelegate - Bootstrapping Spring Data JPA repositories in DEFAULT mode.
2025-11-17 20:37:59.917 [restartedMain] INFO  o.s.d.r.c.RepositoryConfigurationDelegate - Finished Spring Data repository scanning in 27 ms. Found 4 JPA repository interfaces.
2025-11-17 20:38:00.273 [restartedMain] INFO  o.s.b.w.e.tomcat.TomcatWebServer - Tomcat initialized with port 8080 (http)
2025-11-17 20:38:00.281 [restartedMain] INFO  o.a.catalina.core.StandardService - Starting service [Tomcat]
2025-11-17 20:38:00.282 [restartedMain] INFO  o.a.catalina.core.StandardEngine - Starting Servlet engine: [Apache Tomcat/10.1.48]
2025-11-17 20:38:00.306 [restartedMain] INFO  o.a.c.c.C.[Tomcat].[localhost].[/] - Initializing Spring embedded WebApplicationContext
2025-11-17 20:38:00.306 [restartedMain] INFO  o.s.b.w.s.c.ServletWebServerApplicationContext - Root WebApplicationContext: initialization completed in 805 ms
2025-11-17 20:38:00.350 [restartedMain] WARN  o.a.c.c.C.[Tomcat].[localhost].[/] - Cannot deserialize session attribute [SPRING_SECURITY_CONTEXT] for session [D4F8EA5C7CD75A9CFAA2D33C95D552F7]
2025-11-17 20:38:00.430 [restartedMain] INFO  o.h.jpa.internal.util.LogHelper - HHH000204: Processing PersistenceUnitInfo [name: default]
2025-11-17 20:38:00.454 [restartedMain] INFO  org.hibernate.Version - HHH000412: Hibernate ORM core version 6.6.33.Final
2025-11-17 20:38:00.468 [restartedMain] INFO  o.h.c.i.RegionFactoryInitiator - HHH000026: Second-level cache disabled
2025-11-17 20:38:00.584 [restartedMain] INFO  o.s.o.j.p.SpringPersistenceUnitInfo - No LoadTimeWeaver setup: ignoring JPA class transformer
2025-11-17 20:38:00.598 [restartedMain] INFO  com.zaxxer.hikari.HikariDataSource - HikariPool-1 - Starting...
2025-11-17 20:38:02.866 [restartedMain] INFO  com.zaxxer.hikari.pool.HikariPool - HikariPool-1 - Added connection com.mysql.cj.jdbc.ConnectionImpl@f63363d
2025-11-17 20:38:02.870 [restartedMain] INFO  com.zaxxer.hikari.HikariDataSource - HikariPool-1 - Start completed.
2025-11-17 20:38:03.335 [restartedMain] WARN  org.hibernate.orm.deprecation - HHH90000025: MySQLDialect does not need to be specified explicitly using 'hibernate.dialect' (remove the property setting and it will be selected by default)
2025-11-17 20:38:03.352 [restartedMain] INFO  o.hibernate.orm.connections.pooling - HHH10001005: Database info:
	Database JDBC URL [Connecting through datasource 'HikariDataSource (HikariPool-1)']
	Database driver: undefined/unknown
	Database version: 9.4
	Autocommit mode: undefined/unknown
	Isolation level: undefined/unknown
	Minimum pool size: undefined/unknown
	Maximum pool size: undefined/unknown
2025-11-17 20:38:03.799 [restartedMain] INFO  o.h.e.t.j.p.i.JtaPlatformInitiator - HHH000489: No JTA platform available (set 'hibernate.transaction.jta.platform' to enable JTA platform integration)
2025-11-17 20:38:07.916 [restartedMain] INFO  o.s.o.j.LocalContainerEntityManagerFactoryBean - Initialized JPA EntityManagerFactory for persistence unit 'default'
2025-11-17 20:38:08.096 [restartedMain] INFO  o.s.d.j.r.query.QueryEnhancerFactory - Hibernate is in classpath; If applicable, HQL parser will be used.
2025-11-17 20:38:08.828 [restartedMain] DEBUG o.s.s.c.a.a.c.AuthenticationConfiguration$DefaultPasswordEncoderAuthenticationManagerBuilder - No authenticationProviders and no parentAuthenticationManager defined. Returning null.
2025-11-17 20:38:08.891 [restartedMain] DEBUG o.s.s.web.DefaultSecurityFilterChain - Will secure any request with filters: DisableEncodeUrlFilter, WebAsyncManagerIntegrationFilter, SecurityContextHolderFilter, HeaderWriterFilter, CsrfFilter, LogoutFilter, OAuth2AuthorizationRequestRedirectFilter, OAuth2LoginAuthenticationFilter, UsernamePasswordAuthenticationFilter, DefaultResourcesFilter, DefaultLoginPageGeneratingFilter, DefaultLogoutPageGeneratingFilter, RequestCacheAwareFilter, SecurityContextHolderAwareRequestFilter, AnonymousAuthenticationFilter, ExceptionTranslationFilter, AuthorizationFilter
2025-11-17 20:38:09.198 [restartedMain] INFO  o.s.b.a.h.H2ConsoleAutoConfiguration - H2 console available at '/h2-console'. Database available at 'jdbc:mysql://root:tkLpBtTxRBVsqioSkUDlqnbgmFKxVtiE@crossover.proxy.rlwy.net:27029/railway'
2025-11-17 20:38:09.235 [restartedMain] INFO  o.s.b.d.a.OptionalLiveReloadServer - LiveReload server is running on port 35729
2025-11-17 20:38:09.254 [restartedMain] INFO  o.s.b.w.e.tomcat.TomcatWebServer - Tomcat started on port 8080 (http) with context path '/'
2025-11-17 20:38:09.261 [restartedMain] INFO  com.gamescore.back.BackApplication - Started BackApplication in 9.983 seconds (process running for 10.312)
2025-11-17 20:38:21.650 [http-nio-8080-exec-1] INFO  o.a.c.c.C.[Tomcat].[localhost].[/] - Initializing Spring DispatcherServlet 'dispatcherServlet'
2025-11-17 20:38:21.650 [http-nio-8080-exec-1] INFO  o.s.web.servlet.DispatcherServlet - Initializing Servlet 'dispatcherServlet'
2025-11-17 20:38:21.651 [http-nio-8080-exec-1] INFO  o.s.web.servlet.DispatcherServlet - Completed initialization in 1 ms
2025-11-17 20:38:21.661 [http-nio-8080-exec-1] DEBUG o.s.security.web.FilterChainProxy - Securing GET /games
2025-11-17 20:38:21.667 [http-nio-8080-exec-1] DEBUG o.s.security.web.FilterChainProxy - Secured GET /games
2025-11-17 20:38:22.345 [http-nio-8080-exec-1] DEBUG org.hibernate.SQL - 
    select
        g1_0.id,
        g1_0.background_url,
        g1_0.created_at,
        g1_0.description,
        g1_0.metacritic,
        g1_0.name,
        g1_0.rating,
        g1_0.rawg_id,
        g1_0.release_date,
        g1_0.slug,
        g1_0.updated_at,
        g1_0.website,
        g1_0.youtube_url 
    from
        game g1_0
2025-11-17 20:38:23.424 [http-nio-8080-exec-1] ERROR org.thymeleaf.TemplateEngine - [THYMELEAF][http-nio-8080-exec-1] Exception processing template "games/list": Error resolving template [games/list], template might not exist or might not be accessible by any of the configured Template Resolvers
org.thymeleaf.exceptions.TemplateInputException: Error resolving template [games/list], template might not exist or might not be accessible by any of the configured Template Resolvers
	at org.thymeleaf.engine.TemplateManager.resolveTemplate(TemplateManager.java:869)
	at org.thymeleaf.engine.TemplateManager.parseAndProcess(TemplateManager.java:607)
	at org.thymeleaf.TemplateEngine.process(TemplateEngine.java:1103)
	at org.thymeleaf.TemplateEngine.process(TemplateEngine.java:1077)
	at org.thymeleaf.spring6.view.ThymeleafView.renderFragment(ThymeleafView.java:372)
	at org.thymeleaf.spring6.view.ThymeleafView.render(ThymeleafView.java:192)
	at org.springframework.web.servlet.DispatcherServlet.render(DispatcherServlet.java:1438)
	at org.springframework.web.servlet.DispatcherServlet.processDispatchResult(DispatcherServlet.java:1168)
	at org.springframework.web.servlet.DispatcherServlet.doDispatch(DispatcherServlet.java:1106)
	at org.springframework.web.servlet.DispatcherServlet.doService(DispatcherServlet.java:979)
	at org.springframework.web.servlet.FrameworkServlet.processRequest(FrameworkServlet.java:1014)
	at org.springframework.web.servlet.FrameworkServlet.doGet(FrameworkServlet.java:903)
	at jakarta.servlet.http.HttpServlet.service(HttpServlet.java:564)
	at org.springframework.web.servlet.FrameworkServlet.service(FrameworkServlet.java:885)
	at jakarta.servlet.http.HttpServlet.service(HttpServlet.java:658)
	at org.apache.catalina.core.ApplicationFilterChain.internalDoFilter(ApplicationFilterChain.java:193)
	at org.apache.catalina.core.ApplicationFilterChain.doFilter(ApplicationFilterChain.java:138)
	at org.apache.tomcat.websocket.server.WsFilter.doFilter(WsFilter.java:51)
	at org.apache.catalina.core.ApplicationFilterChain.internalDoFilter(ApplicationFilterChain.java:162)
	at org.apache.catalina.core.ApplicationFilterChain.doFilter(ApplicationFilterChain.java:138)
	at org.springframework.web.filter.CompositeFilter$VirtualFilterChain.doFilter(CompositeFilter.java:108)
	at org.springframework.web.filter.CompositeFilter$VirtualFilterChain.doFilter(CompositeFilter.java:108)
	at org.springframework.security.web.FilterChainProxy.lambda$doFilterInternal$3(FilterChainProxy.java:231)
	at org.springframework.security.web.FilterChainProxy$VirtualFilterChain.doFilter(FilterChainProxy.java:365)
	at org.springframework.security.web.access.intercept.AuthorizationFilter.doFilter(AuthorizationFilter.java:101)
	at org.springframework.security.web.FilterChainProxy$VirtualFilterChain.doFilter(FilterChainProxy.java:374)
	at org.springframework.security.web.access.ExceptionTranslationFilter.doFilter(ExceptionTranslationFilter.java:125)
	at org.springframework.security.web.access.ExceptionTranslationFilter.doFilter(ExceptionTranslationFilter.java:119)
	at org.springframework.security.web.FilterChainProxy$VirtualFilterChain.doFilter(FilterChainProxy.java:374)
	at org.springframework.security.web.authentication.AnonymousAuthenticationFilter.doFilter(AnonymousAuthenticationFilter.java:100)
	at org.springframework.security.web.FilterChainProxy$VirtualFilterChain.doFilter(FilterChainProxy.java:374)
	at org.springframework.security.web.servletapi.SecurityContextHolderAwareRequestFilter.doFilter(SecurityContextHolderAwareRequestFilter.java:179)
	at org.springframework.security.web.FilterChainProxy$VirtualFilterChain.doFilter(FilterChainProxy.java:374)
	at org.springframework.security.web.savedrequest.RequestCacheAwareFilter.doFilter(RequestCacheAwareFilter.java:63)
	at org.springframework.security.web.FilterChainProxy$VirtualFilterChain.doFilter(FilterChainProxy.java:374)
	at org.springframework.security.web.authentication.ui.DefaultLogoutPageGeneratingFilter.doFilterInternal(DefaultLogoutPageGeneratingFilter.java:59)
	at org.springframework.web.filter.OncePerRequestFilter.doFilter(OncePerRequestFilter.java:116)
	at org.springframework.security.web.FilterChainProxy$VirtualFilterChain.doFilter(FilterChainProxy.java:374)
	at org.springframework.security.web.authentication.ui.DefaultLoginPageGeneratingFilter.doFilter(DefaultLoginPageGeneratingFilter.java:216)
	at org.springframework.security.web.authentication.ui.DefaultLoginPageGeneratingFilter.doFilter(DefaultLoginPageGeneratingFilter.java:202)
	at org.springframework.security.web.FilterChainProxy$VirtualFilterChain.doFilter(FilterChainProxy.java:374)
	at org.springframework.security.web.authentication.ui.DefaultResourcesFilter.doFilter(DefaultResourcesFilter.java:72)
	at org.springframework.security.web.FilterChainProxy$VirtualFilterChain.doFilter(FilterChainProxy.java:374)
	at org.springframework.security.web.authentication.AbstractAuthenticationProcessingFilter.doFilter(AbstractAuthenticationProcessingFilter.java:235)
	at org.springframework.security.web.authentication.AbstractAuthenticationProcessingFilter.doFilter(AbstractAuthenticationProcessingFilter.java:229)
	at org.springframework.security.web.FilterChainProxy$VirtualFilterChain.doFilter(FilterChainProxy.java:374)
	at org.springframework.security.web.authentication.AbstractAuthenticationProcessingFilter.doFilter(AbstractAuthenticationProcessingFilter.java:235)
	at org.springframework.security.web.authentication.AbstractAuthenticationProcessingFilter.doFilter(AbstractAuthenticationProcessingFilter.java:229)
	at org.springframework.security.web.FilterChainProxy$VirtualFilterChain.doFilter(FilterChainProxy.java:374)
	at org.springframework.security.oauth2.client.web.OAuth2AuthorizationRequestRedirectFilter.doFilterInternal(OAuth2AuthorizationRequestRedirectFilter.java:198)
	at org.springframework.web.filter.OncePerRequestFilter.doFilter(OncePerRequestFilter.java:116)
	at org.springframework.security.web.FilterChainProxy$VirtualFilterChain.doFilter(FilterChainProxy.java:374)
	at org.springframework.security.web.authentication.logout.LogoutFilter.doFilter(LogoutFilter.java:107)
	at org.springframework.security.web.authentication.logout.LogoutFilter.doFilter(LogoutFilter.java:93)
	at org.springframework.security.web.FilterChainProxy$VirtualFilterChain.doFilter(FilterChainProxy.java:374)
	at org.springframework.security.web.csrf.CsrfFilter.doFilterInternal(CsrfFilter.java:117)
	at org.springframework.web.filter.OncePerRequestFilter.doFilter(OncePerRequestFilter.java:116)
	at org.springframework.security.web.FilterChainProxy$VirtualFilterChain.doFilter(FilterChainProxy.java:374)
	at org.springframework.security.web.header.HeaderWriterFilter.doHeadersAfter(HeaderWriterFilter.java:90)
	at org.springframework.security.web.header.HeaderWriterFilter.doFilterInternal(HeaderWriterFilter.java:75)
	at org.springframework.web.filter.OncePerRequestFilter.doFilter(OncePerRequestFilter.java:116)
	at org.springframework.security.web.FilterChainProxy$VirtualFilterChain.doFilter(FilterChainProxy.java:374)
	at org.springframework.security.web.context.SecurityContextHolderFilter.doFilter(SecurityContextHolderFilter.java:82)
	at org.springframework.security.web.context.SecurityContextHolderFilter.doFilter(SecurityContextHolderFilter.java:69)
	at org.springframework.security.web.FilterChainProxy$VirtualFilterChain.doFilter(FilterChainProxy.java:374)
	at org.springframework.security.web.context.request.async.WebAsyncManagerIntegrationFilter.doFilterInternal(WebAsyncManagerIntegrationFilter.java:62)
	at org.springframework.web.filter.OncePerRequestFilter.doFilter(OncePerRequestFilter.java:116)
	at org.springframework.security.web.FilterChainProxy$VirtualFilterChain.doFilter(FilterChainProxy.java:374)
	at org.springframework.security.web.session.DisableEncodeUrlFilter.doFilterInternal(DisableEncodeUrlFilter.java:42)
	at org.springframework.web.filter.OncePerRequestFilter.doFilter(OncePerRequestFilter.java:116)
	at org.springframework.security.web.FilterChainProxy$VirtualFilterChain.doFilter(FilterChainProxy.java:374)
	at org.springframework.security.web.FilterChainProxy.doFilterInternal(FilterChainProxy.java:233)
	at org.springframework.security.web.FilterChainProxy.doFilter(FilterChainProxy.java:191)
	at org.springframework.web.filter.CompositeFilter$VirtualFilterChain.doFilter(CompositeFilter.java:113)
	at org.springframework.web.filter.ServletRequestPathFilter.doFilter(ServletRequestPathFilter.java:52)
	at org.springframework.web.filter.CompositeFilter$VirtualFilterChain.doFilter(CompositeFilter.java:113)
	at org.springframework.web.filter.CompositeFilter.doFilter(CompositeFilter.java:74)
	at org.springframework.security.config.annotation.web.configuration.WebSecurityConfiguration$CompositeFilterChainProxy.doFilter(WebSecurityConfiguration.java:319)
	at org.springframework.web.filter.CompositeFilter$VirtualFilterChain.doFilter(CompositeFilter.java:113)
	at org.springframework.web.servlet.handler.HandlerMappingIntrospector.lambda$createCacheFilter$4(HandlerMappingIntrospector.java:267)
	at org.springframework.web.filter.CompositeFilter$VirtualFilterChain.doFilter(CompositeFilter.java:113)
	at org.springframework.web.filter.CompositeFilter.doFilter(CompositeFilter.java:74)
	at org.springframework.security.config.annotation.web.configuration.WebMvcSecurityConfiguration$CompositeFilterChainProxy.doFilter(WebMvcSecurityConfiguration.java:240)
	at org.springframework.web.filter.DelegatingFilterProxy.invokeDelegate(DelegatingFilterProxy.java:362)
	at org.springframework.web.filter.DelegatingFilterProxy.doFilter(DelegatingFilterProxy.java:278)
	at org.apache.catalina.core.ApplicationFilterChain.internalDoFilter(ApplicationFilterChain.java:162)
	at org.apache.catalina.core.ApplicationFilterChain.doFilter(ApplicationFilterChain.java:138)
	at org.springframework.web.filter.RequestContextFilter.doFilterInternal(RequestContextFilter.java:100)
	at org.springframework.web.filter.OncePerRequestFilter.doFilter(OncePerRequestFilter.java:116)
	at org.apache.catalina.core.ApplicationFilterChain.internalDoFilter(ApplicationFilterChain.java:162)
	at org.apache.catalina.core.ApplicationFilterChain.doFilter(ApplicationFilterChain.java:138)
	at org.springframework.web.filter.FormContentFilter.doFilterInternal(FormContentFilter.java:93)
	at org.springframework.web.filter.OncePerRequestFilter.doFilter(OncePerRequestFilter.java:116)
	at org.apache.catalina.core.ApplicationFilterChain.internalDoFilter(ApplicationFilterChain.java:162)
	at org.apache.catalina.core.ApplicationFilterChain.doFilter(ApplicationFilterChain.java:138)
	at org.springframework.web.filter.CharacterEncodingFilter.doFilterInternal(CharacterEncodingFilter.java:201)
	at org.springframework.web.filter.OncePerRequestFilter.doFilter(OncePerRequestFilter.java:116)
	at org.apache.catalina.core.ApplicationFilterChain.internalDoFilter(ApplicationFilterChain.java:162)
	at org.apache.catalina.core.ApplicationFilterChain.doFilter(ApplicationFilterChain.java:138)
	at org.apache.catalina.core.StandardWrapperValve.invoke(StandardWrapperValve.java:165)
	at org.apache.catalina.core.StandardContextValve.invoke(StandardContextValve.java:88)
	at org.apache.catalina.authenticator.AuthenticatorBase.invoke(AuthenticatorBase.java:482)
	at org.apache.catalina.core.StandardHostValve.invoke(StandardHostValve.java:113)
	at org.apache.catalina.valves.ErrorReportValve.invoke(ErrorReportValve.java:83)
	at org.apache.catalina.core.StandardEngineValve.invoke(StandardEngineValve.java:72)
	at org.apache.catalina.connector.CoyoteAdapter.service(CoyoteAdapter.java:342)
	at org.apache.coyote.http11.Http11Processor.service(Http11Processor.java:399)
	at org.apache.coyote.AbstractProcessorLight.process(AbstractProcessorLight.java:63)
	at org.apache.coyote.AbstractProtocol$ConnectionHandler.process(AbstractProtocol.java:903)
	at org.apache.tomcat.util.net.NioEndpoint$SocketProcessor.doRun(NioEndpoint.java:1774)
	at org.apache.tomcat.util.net.SocketProcessorBase.run(SocketProcessorBase.java:52)
	at org.apache.tomcat.util.threads.ThreadPoolExecutor.runWorker(ThreadPoolExecutor.java:973)
	at org.apache.tomcat.util.threads.ThreadPoolExecutor$Worker.run(ThreadPoolExecutor.java:491)
	at org.apache.tomcat.util.threads.TaskThread$WrappingRunnable.run(TaskThread.java:63)
	at java.base/java.lang.Thread.run(Unknown Source)
2025-11-17 20:38:23.428 [http-nio-8080-exec-1] DEBUG o.s.s.w.a.AnonymousAuthenticationFilter - Set SecurityContextHolder to anonymous SecurityContext
2025-11-17 20:38:23.428 [http-nio-8080-exec-1] ERROR o.a.c.c.C.[.[.[.[dispatcherServlet] - Servlet.service() for servlet [dispatcherServlet] in context with path [] threw exception [Request processing failed: org.thymeleaf.exceptions.TemplateInputException: Error resolving template [games/list], template might not exist or might not be accessible by any of the configured Template Resolvers] with root cause
org.thymeleaf.exceptions.TemplateInputException: Error resolving template [games/list], template might not exist or might not be accessible by any of the configured Template Resolvers
	at org.thymeleaf.engine.TemplateManager.resolveTemplate(TemplateManager.java:869)
	at org.thymeleaf.engine.TemplateManager.parseAndProcess(TemplateManager.java:607)
	at org.thymeleaf.TemplateEngine.process(TemplateEngine.java:1103)
	at org.thymeleaf.TemplateEngine.process(TemplateEngine.java:1077)
	at org.thymeleaf.spring6.view.ThymeleafView.renderFragment(ThymeleafView.java:372)
	at org.thymeleaf.spring6.view.ThymeleafView.render(ThymeleafView.java:192)
	at org.springframework.web.servlet.DispatcherServlet.render(DispatcherServlet.java:1438)
	at org.springframework.web.servlet.DispatcherServlet.processDispatchResult(DispatcherServlet.java:1168)
	at org.springframework.web.servlet.DispatcherServlet.doDispatch(DispatcherServlet.java:1106)
	at org.springframework.web.servlet.DispatcherServlet.doService(DispatcherServlet.java:979)
	at org.springframework.web.servlet.FrameworkServlet.processRequest(FrameworkServlet.java:1014)
	at org.springframework.web.servlet.FrameworkServlet.doGet(FrameworkServlet.java:903)
	at jakarta.servlet.http.HttpServlet.service(HttpServlet.java:564)
	at org.springframework.web.servlet.FrameworkServlet.service(FrameworkServlet.java:885)
	at jakarta.servlet.http.HttpServlet.service(HttpServlet.java:658)
	at org.apache.catalina.core.ApplicationFilterChain.internalDoFilter(ApplicationFilterChain.java:193)
	at org.apache.catalina.core.ApplicationFilterChain.doFilter(ApplicationFilterChain.java:138)
	at org.apache.tomcat.websocket.server.WsFilter.doFilter(WsFilter.java:51)
	at org.apache.catalina.core.ApplicationFilterChain.internalDoFilter(ApplicationFilterChain.java:162)
	at org.apache.catalina.core.ApplicationFilterChain.doFilter(ApplicationFilterChain.java:138)
	at org.springframework.web.filter.CompositeFilter$VirtualFilterChain.doFilter(CompositeFilter.java:108)
	at org.springframework.web.filter.CompositeFilter$VirtualFilterChain.doFilter(CompositeFilter.java:108)
	at org.springframework.security.web.FilterChainProxy.lambda$doFilterInternal$3(FilterChainProxy.java:231)
	at org.springframework.security.web.FilterChainProxy$VirtualFilterChain.doFilter(FilterChainProxy.java:365)
	at org.springframework.security.web.access.intercept.AuthorizationFilter.doFilter(AuthorizationFilter.java:101)
	at org.springframework.security.web.FilterChainProxy$VirtualFilterChain.doFilter(FilterChainProxy.java:374)
	at org.springframework.security.web.access.ExceptionTranslationFilter.doFilter(ExceptionTranslationFilter.java:125)
	at org.springframework.security.web.access.ExceptionTranslationFilter.doFilter(ExceptionTranslationFilter.java:119)
	at org.springframework.security.web.FilterChainProxy$VirtualFilterChain.doFilter(FilterChainProxy.java:374)
	at org.springframework.security.web.authentication.AnonymousAuthenticationFilter.doFilter(AnonymousAuthenticationFilter.java:100)
	at org.springframework.security.web.FilterChainProxy$VirtualFilterChain.doFilter(FilterChainProxy.java:374)
	at org.springframework.security.web.servletapi.SecurityContextHolderAwareRequestFilter.doFilter(SecurityContextHolderAwareRequestFilter.java:179)
	at org.springframework.security.web.FilterChainProxy$VirtualFilterChain.doFilter(FilterChainProxy.java:374)
	at org.springframework.security.web.savedrequest.RequestCacheAwareFilter.doFilter(RequestCacheAwareFilter.java:63)
	at org.springframework.security.web.FilterChainProxy$VirtualFilterChain.doFilter(FilterChainProxy.java:374)
	at org.springframework.security.web.authentication.ui.DefaultLogoutPageGeneratingFilter.doFilterInternal(DefaultLogoutPageGeneratingFilter.java:59)
	at org.springframework.web.filter.OncePerRequestFilter.doFilter(OncePerRequestFilter.java:116)
	at org.springframework.security.web.FilterChainProxy$VirtualFilterChain.doFilter(FilterChainProxy.java:374)
	at org.springframework.security.web.authentication.ui.DefaultLoginPageGeneratingFilter.doFilter(DefaultLoginPageGeneratingFilter.java:216)
	at org.springframework.security.web.authentication.ui.DefaultLoginPageGeneratingFilter.doFilter(DefaultLoginPageGeneratingFilter.java:202)
	at org.springframework.security.web.FilterChainProxy$VirtualFilterChain.doFilter(FilterChainProxy.java:374)
	at org.springframework.security.web.authentication.ui.DefaultResourcesFilter.doFilter(DefaultResourcesFilter.java:72)
	at org.springframework.security.web.FilterChainProxy$VirtualFilterChain.doFilter(FilterChainProxy.java:374)
	at org.springframework.security.web.authentication.AbstractAuthenticationProcessingFilter.doFilter(AbstractAuthenticationProcessingFilter.java:235)
	at org.springframework.security.web.authentication.AbstractAuthenticationProcessingFilter.doFilter(AbstractAuthenticationProcessingFilter.java:229)
	at org.springframework.security.web.FilterChainProxy$VirtualFilterChain.doFilter(FilterChainProxy.java:374)
	at org.springframework.security.web.authentication.AbstractAuthenticationProcessingFilter.doFilter(AbstractAuthenticationProcessingFilter.java:235)
	at org.springframework.security.web.authentication.AbstractAuthenticationProcessingFilter.doFilter(AbstractAuthenticationProcessingFilter.java:229)
	at org.springframework.security.web.FilterChainProxy$VirtualFilterChain.doFilter(FilterChainProxy.java:374)
	at org.springframework.security.oauth2.client.web.OAuth2AuthorizationRequestRedirectFilter.doFilterInternal(OAuth2AuthorizationRequestRedirectFilter.java:198)
	at org.springframework.web.filter.OncePerRequestFilter.doFilter(OncePerRequestFilter.java:116)
	at org.springframework.security.web.FilterChainProxy$VirtualFilterChain.doFilter(FilterChainProxy.java:374)
	at org.springframework.security.web.authentication.logout.LogoutFilter.doFilter(LogoutFilter.java:107)
	at org.springframework.security.web.authentication.logout.LogoutFilter.doFilter(LogoutFilter.java:93)
	at org.springframework.security.web.FilterChainProxy$VirtualFilterChain.doFilter(FilterChainProxy.java:374)
	at org.springframework.security.web.csrf.CsrfFilter.doFilterInternal(CsrfFilter.java:117)
	at org.springframework.web.filter.OncePerRequestFilter.doFilter(OncePerRequestFilter.java:116)
	at org.springframework.security.web.FilterChainProxy$VirtualFilterChain.doFilter(FilterChainProxy.java:374)
	at org.springframework.security.web.header.HeaderWriterFilter.doHeadersAfter(HeaderWriterFilter.java:90)
	at org.springframework.security.web.header.HeaderWriterFilter.doFilterInternal(HeaderWriterFilter.java:75)
	at org.springframework.web.filter.OncePerRequestFilter.doFilter(OncePerRequestFilter.java:116)
	at org.springframework.security.web.FilterChainProxy$VirtualFilterChain.doFilter(FilterChainProxy.java:374)
	at org.springframework.security.web.context.SecurityContextHolderFilter.doFilter(SecurityContextHolderFilter.java:82)
	at org.springframework.security.web.context.SecurityContextHolderFilter.doFilter(SecurityContextHolderFilter.java:69)
	at org.springframework.security.web.FilterChainProxy$VirtualFilterChain.doFilter(FilterChainProxy.java:374)
	at org.springframework.security.web.context.request.async.WebAsyncManagerIntegrationFilter.doFilterInternal(WebAsyncManagerIntegrationFilter.java:62)
	at org.springframework.web.filter.OncePerRequestFilter.doFilter(OncePerRequestFilter.java:116)
	at org.springframework.security.web.FilterChainProxy$VirtualFilterChain.doFilter(FilterChainProxy.java:374)
	at org.springframework.security.web.session.DisableEncodeUrlFilter.doFilterInternal(DisableEncodeUrlFilter.java:42)
	at org.springframework.web.filter.OncePerRequestFilter.doFilter(OncePerRequestFilter.java:116)
	at org.springframework.security.web.FilterChainProxy$VirtualFilterChain.doFilter(FilterChainProxy.java:374)
	at org.springframework.security.web.FilterChainProxy.doFilterInternal(FilterChainProxy.java:233)
	at org.springframework.security.web.FilterChainProxy.doFilter(FilterChainProxy.java:191)
	at org.springframework.web.filter.CompositeFilter$VirtualFilterChain.doFilter(CompositeFilter.java:113)
	at org.springframework.web.filter.ServletRequestPathFilter.doFilter(ServletRequestPathFilter.java:52)
	at org.springframework.web.filter.CompositeFilter$VirtualFilterChain.doFilter(CompositeFilter.java:113)
	at org.springframework.web.filter.CompositeFilter.doFilter(CompositeFilter.java:74)
	at org.springframework.security.config.annotation.web.configuration.WebSecurityConfiguration$CompositeFilterChainProxy.doFilter(WebSecurityConfiguration.java:319)
	at org.springframework.web.filter.CompositeFilter$VirtualFilterChain.doFilter(CompositeFilter.java:113)
	at org.springframework.web.servlet.handler.HandlerMappingIntrospector.lambda$createCacheFilter$4(HandlerMappingIntrospector.java:267)
	at org.springframework.web.filter.CompositeFilter$VirtualFilterChain.doFilter(CompositeFilter.java:113)
	at org.springframework.web.filter.CompositeFilter.doFilter(CompositeFilter.java:74)
	at org.springframework.security.config.annotation.web.configuration.WebMvcSecurityConfiguration$CompositeFilterChainProxy.doFilter(WebMvcSecurityConfiguration.java:240)
	at org.springframework.web.filter.DelegatingFilterProxy.invokeDelegate(DelegatingFilterProxy.java:362)
	at org.springframework.web.filter.DelegatingFilterProxy.doFilter(DelegatingFilterProxy.java:278)
	at org.apache.catalina.core.ApplicationFilterChain.internalDoFilter(ApplicationFilterChain.java:162)
	at org.apache.catalina.core.ApplicationFilterChain.doFilter(ApplicationFilterChain.java:138)
	at org.springframework.web.filter.RequestContextFilter.doFilterInternal(RequestContextFilter.java:100)
	at org.springframework.web.filter.OncePerRequestFilter.doFilter(OncePerRequestFilter.java:116)
	at org.apache.catalina.core.ApplicationFilterChain.internalDoFilter(ApplicationFilterChain.java:162)
	at org.apache.catalina.core.ApplicationFilterChain.doFilter(ApplicationFilterChain.java:138)
	at org.springframework.web.filter.FormContentFilter.doFilterInternal(FormContentFilter.java:93)
	at org.springframework.web.filter.OncePerRequestFilter.doFilter(OncePerRequestFilter.java:116)
	at org.apache.catalina.core.ApplicationFilterChain.internalDoFilter(ApplicationFilterChain.java:162)
	at org.apache.catalina.core.ApplicationFilterChain.doFilter(ApplicationFilterChain.java:138)
	at org.springframework.web.filter.CharacterEncodingFilter.doFilterInternal(CharacterEncodingFilter.java:201)
	at org.springframework.web.filter.OncePerRequestFilter.doFilter(OncePerRequestFilter.java:116)
	at org.apache.catalina.core.ApplicationFilterChain.internalDoFilter(ApplicationFilterChain.java:162)
	at org.apache.catalina.core.ApplicationFilterChain.doFilter(ApplicationFilterChain.java:138)
	at org.apache.catalina.core.StandardWrapperValve.invoke(StandardWrapperValve.java:165)
	at org.apache.catalina.core.StandardContextValve.invoke(StandardContextValve.java:88)
	at org.apache.catalina.authenticator.AuthenticatorBase.invoke(AuthenticatorBase.java:482)
	at org.apache.catalina.core.StandardHostValve.invoke(StandardHostValve.java:113)
	at org.apache.catalina.valves.ErrorReportValve.invoke(ErrorReportValve.java:83)
	at org.apache.catalina.core.StandardEngineValve.invoke(StandardEngineValve.java:72)
	at org.apache.catalina.connector.CoyoteAdapter.service(CoyoteAdapter.java:342)
	at org.apache.coyote.http11.Http11Processor.service(Http11Processor.java:399)
	at org.apache.coyote.AbstractProcessorLight.process(AbstractProcessorLight.java:63)
	at org.apache.coyote.AbstractProtocol$ConnectionHandler.process(AbstractProtocol.java:903)
	at org.apache.tomcat.util.net.NioEndpoint$SocketProcessor.doRun(NioEndpoint.java:1774)
	at org.apache.tomcat.util.net.SocketProcessorBase.run(SocketProcessorBase.java:52)
	at org.apache.tomcat.util.threads.ThreadPoolExecutor.runWorker(ThreadPoolExecutor.java:973)
	at org.apache.tomcat.util.threads.ThreadPoolExecutor$Worker.run(ThreadPoolExecutor.java:491)
	at org.apache.tomcat.util.threads.TaskThread$WrappingRunnable.run(TaskThread.java:63)
	at java.base/java.lang.Thread.run(Unknown Source)
2025-11-17 20:38:23.432 [http-nio-8080-exec-1] DEBUG o.s.security.web.FilterChainProxy - Securing GET /error
2025-11-17 20:38:23.432 [http-nio-8080-exec-1] DEBUG o.s.s.w.a.AnonymousAuthenticationFilter - Set SecurityContextHolder to anonymous SecurityContext
2025-11-17 20:38:23.435 [http-nio-8080-exec-1] DEBUG o.s.s.w.s.HttpSessionRequestCache - Saved request http://localhost:8080/error?continue to session
2025-11-17 20:38:23.436 [http-nio-8080-exec-1] DEBUG o.s.s.w.a.DelegatingAuthenticationEntryPoint - Trying to match using And [Not [RequestHeaderRequestMatcher [expectedHeaderName=X-Requested-With, expectedHeaderValue=XMLHttpRequest]], MediaTypeRequestMatcher [contentNegotiationStrategy=org.springframework.web.accept.ContentNegotiationManager@6aab3013, matchingMediaTypes=[application/xhtml+xml, image/*, text/html, text/plain], useEquals=false, ignoredMediaTypes=[*/*]]]
2025-11-17 20:38:23.436 [http-nio-8080-exec-1] DEBUG o.s.s.w.a.DelegatingAuthenticationEntryPoint - Match found! Executing org.springframework.security.web.authentication.LoginUrlAuthenticationEntryPoint@5a203369
2025-11-17 20:38:23.437 [http-nio-8080-exec-1] DEBUG o.s.s.web.DefaultRedirectStrategy - Redirecting to http://localhost:8080/login
2025-11-17 20:38:23.442 [http-nio-8080-exec-2] DEBUG o.s.security.web.FilterChainProxy - Securing GET /login
2025-11-17 20:38:23.461 [http-nio-8080-exec-3] DEBUG o.s.security.web.FilterChainProxy - Securing GET /default-ui.css
2025-11-17 20:38:25.685 [http-nio-8080-exec-4] DEBUG o.s.security.web.FilterChainProxy - Securing GET /games
2025-11-17 20:38:25.686 [http-nio-8080-exec-4] DEBUG o.s.security.web.FilterChainProxy - Secured GET /games
2025-11-17 20:38:26.288 [http-nio-8080-exec-4] DEBUG org.hibernate.SQL - 
    select
        g1_0.id,
        g1_0.background_url,
        g1_0.created_at,
        g1_0.description,
        g1_0.metacritic,
        g1_0.name,
        g1_0.rating,
        g1_0.rawg_id,
        g1_0.release_date,
        g1_0.slug,
        g1_0.updated_at,
        g1_0.website,
        g1_0.youtube_url 
    from
        game g1_0
2025-11-17 20:38:27.259 [http-nio-8080-exec-4] ERROR org.thymeleaf.TemplateEngine - [THYMELEAF][http-nio-8080-exec-4] Exception processing template "games/list": Error resolving template [games/list], template might not exist or might not be accessible by any of the configured Template Resolvers
org.thymeleaf.exceptions.TemplateInputException: Error resolving template [games/list], template might not exist or might not be accessible by any of the configured Template Resolvers
	at org.thymeleaf.engine.TemplateManager.resolveTemplate(TemplateManager.java:869)
	at org.thymeleaf.engine.TemplateManager.parseAndProcess(TemplateManager.java:607)
	at org.thymeleaf.TemplateEngine.process(TemplateEngine.java:1103)
	at org.thymeleaf.TemplateEngine.process(TemplateEngine.java:1077)
	at org.thymeleaf.spring6.view.ThymeleafView.renderFragment(ThymeleafView.java:372)
	at org.thymeleaf.spring6.view.ThymeleafView.render(ThymeleafView.java:192)
	at org.springframework.web.servlet.DispatcherServlet.render(DispatcherServlet.java:1438)
	at org.springframework.web.servlet.DispatcherServlet.processDispatchResult(DispatcherServlet.java:1168)
	at org.springframework.web.servlet.DispatcherServlet.doDispatch(DispatcherServlet.java:1106)
	at org.springframework.web.servlet.DispatcherServlet.doService(DispatcherServlet.java:979)
	at org.springframework.web.servlet.FrameworkServlet.processRequest(FrameworkServlet.java:1014)
	at org.springframework.web.servlet.FrameworkServlet.doGet(FrameworkServlet.java:903)
	at jakarta.servlet.http.HttpServlet.service(HttpServlet.java:564)
	at org.springframework.web.servlet.FrameworkServlet.service(FrameworkServlet.java:885)
	at jakarta.servlet.http.HttpServlet.service(HttpServlet.java:658)
	at org.apache.catalina.core.ApplicationFilterChain.internalDoFilter(ApplicationFilterChain.java:193)
	at org.apache.catalina.core.ApplicationFilterChain.doFilter(ApplicationFilterChain.java:138)
	at org.apache.tomcat.websocket.server.WsFilter.doFilter(WsFilter.java:51)
	at org.apache.catalina.core.ApplicationFilterChain.internalDoFilter(ApplicationFilterChain.java:162)
	at org.apache.catalina.core.ApplicationFilterChain.doFilter(ApplicationFilterChain.java:138)
	at org.springframework.web.filter.CompositeFilter$VirtualFilterChain.doFilter(CompositeFilter.java:108)
	at org.springframework.web.filter.CompositeFilter$VirtualFilterChain.doFilter(CompositeFilter.java:108)
	at org.springframework.security.web.FilterChainProxy.lambda$doFilterInternal$3(FilterChainProxy.java:231)
	at org.springframework.security.web.FilterChainProxy$VirtualFilterChain.doFilter(FilterChainProxy.java:365)
	at org.springframework.security.web.access.intercept.AuthorizationFilter.doFilter(AuthorizationFilter.java:101)
	at org.springframework.security.web.FilterChainProxy$VirtualFilterChain.doFilter(FilterChainProxy.java:374)
	at org.springframework.security.web.access.ExceptionTranslationFilter.doFilter(ExceptionTranslationFilter.java:125)
	at org.springframework.security.web.access.ExceptionTranslationFilter.doFilter(ExceptionTranslationFilter.java:119)
	at org.springframework.security.web.FilterChainProxy$VirtualFilterChain.doFilter(FilterChainProxy.java:374)
	at org.springframework.security.web.authentication.AnonymousAuthenticationFilter.doFilter(AnonymousAuthenticationFilter.java:100)
	at org.springframework.security.web.FilterChainProxy$VirtualFilterChain.doFilter(FilterChainProxy.java:374)
	at org.springframework.security.web.servletapi.SecurityContextHolderAwareRequestFilter.doFilter(SecurityContextHolderAwareRequestFilter.java:179)
	at org.springframework.security.web.FilterChainProxy$VirtualFilterChain.doFilter(FilterChainProxy.java:374)
	at org.springframework.security.web.savedrequest.RequestCacheAwareFilter.doFilter(RequestCacheAwareFilter.java:63)
	at org.springframework.security.web.FilterChainProxy$VirtualFilterChain.doFilter(FilterChainProxy.java:374)
	at org.springframework.security.web.authentication.ui.DefaultLogoutPageGeneratingFilter.doFilterInternal(DefaultLogoutPageGeneratingFilter.java:59)
	at org.springframework.web.filter.OncePerRequestFilter.doFilter(OncePerRequestFilter.java:116)
	at org.springframework.security.web.FilterChainProxy$VirtualFilterChain.doFilter(FilterChainProxy.java:374)
	at org.springframework.security.web.authentication.ui.DefaultLoginPageGeneratingFilter.doFilter(DefaultLoginPageGeneratingFilter.java:216)
	at org.springframework.security.web.authentication.ui.DefaultLoginPageGeneratingFilter.doFilter(DefaultLoginPageGeneratingFilter.java:202)
	at org.springframework.security.web.FilterChainProxy$VirtualFilterChain.doFilter(FilterChainProxy.java:374)
	at org.springframework.security.web.authentication.ui.DefaultResourcesFilter.doFilter(DefaultResourcesFilter.java:72)
	at org.springframework.security.web.FilterChainProxy$VirtualFilterChain.doFilter(FilterChainProxy.java:374)
	at org.springframework.security.web.authentication.AbstractAuthenticationProcessingFilter.doFilter(AbstractAuthenticationProcessingFilter.java:235)
	at org.springframework.security.web.authentication.AbstractAuthenticationProcessingFilter.doFilter(AbstractAuthenticationProcessingFilter.java:229)
	at org.springframework.security.web.FilterChainProxy$VirtualFilterChain.doFilter(FilterChainProxy.java:374)
	at org.springframework.security.web.authentication.AbstractAuthenticationProcessingFilter.doFilter(AbstractAuthenticationProcessingFilter.java:235)
	at org.springframework.security.web.authentication.AbstractAuthenticationProcessingFilter.doFilter(AbstractAuthenticationProcessingFilter.java:229)
	at org.springframework.security.web.FilterChainProxy$VirtualFilterChain.doFilter(FilterChainProxy.java:374)
	at org.springframework.security.oauth2.client.web.OAuth2AuthorizationRequestRedirectFilter.doFilterInternal(OAuth2AuthorizationRequestRedirectFilter.java:198)
	at org.springframework.web.filter.OncePerRequestFilter.doFilter(OncePerRequestFilter.java:116)
	at org.springframework.security.web.FilterChainProxy$VirtualFilterChain.doFilter(FilterChainProxy.java:374)
	at org.springframework.security.web.authentication.logout.LogoutFilter.doFilter(LogoutFilter.java:107)
	at org.springframework.security.web.authentication.logout.LogoutFilter.doFilter(LogoutFilter.java:93)
	at org.springframework.security.web.FilterChainProxy$VirtualFilterChain.doFilter(FilterChainProxy.java:374)
	at org.springframework.security.web.csrf.CsrfFilter.doFilterInternal(CsrfFilter.java:117)
	at org.springframework.web.filter.OncePerRequestFilter.doFilter(OncePerRequestFilter.java:116)
	at org.springframework.security.web.FilterChainProxy$VirtualFilterChain.doFilter(FilterChainProxy.java:374)
	at org.springframework.security.web.header.HeaderWriterFilter.doHeadersAfter(HeaderWriterFilter.java:90)
	at org.springframework.security.web.header.HeaderWriterFilter.doFilterInternal(HeaderWriterFilter.java:75)
	at org.springframework.web.filter.OncePerRequestFilter.doFilter(OncePerRequestFilter.java:116)
	at org.springframework.security.web.FilterChainProxy$VirtualFilterChain.doFilter(FilterChainProxy.java:374)
	at org.springframework.security.web.context.SecurityContextHolderFilter.doFilter(SecurityContextHolderFilter.java:82)
	at org.springframework.security.web.context.SecurityContextHolderFilter.doFilter(SecurityContextHolderFilter.java:69)
	at org.springframework.security.web.FilterChainProxy$VirtualFilterChain.doFilter(FilterChainProxy.java:374)
	at org.springframework.security.web.context.request.async.WebAsyncManagerIntegrationFilter.doFilterInternal(WebAsyncManagerIntegrationFilter.java:62)
	at org.springframework.web.filter.OncePerRequestFilter.doFilter(OncePerRequestFilter.java:116)
	at org.springframework.security.web.FilterChainProxy$VirtualFilterChain.doFilter(FilterChainProxy.java:374)
	at org.springframework.security.web.session.DisableEncodeUrlFilter.doFilterInternal(DisableEncodeUrlFilter.java:42)
	at org.springframework.web.filter.OncePerRequestFilter.doFilter(OncePerRequestFilter.java:116)
	at org.springframework.security.web.FilterChainProxy$VirtualFilterChain.doFilter(FilterChainProxy.java:374)
	at org.springframework.security.web.FilterChainProxy.doFilterInternal(FilterChainProxy.java:233)
	at org.springframework.security.web.FilterChainProxy.doFilter(FilterChainProxy.java:191)
	at org.springframework.web.filter.CompositeFilter$VirtualFilterChain.doFilter(CompositeFilter.java:113)
	at org.springframework.web.filter.ServletRequestPathFilter.doFilter(ServletRequestPathFilter.java:52)
	at org.springframework.web.filter.CompositeFilter$VirtualFilterChain.doFilter(CompositeFilter.java:113)
	at org.springframework.web.filter.CompositeFilter.doFilter(CompositeFilter.java:74)
	at org.springframework.security.config.annotation.web.configuration.WebSecurityConfiguration$CompositeFilterChainProxy.doFilter(WebSecurityConfiguration.java:319)
	at org.springframework.web.filter.CompositeFilter$VirtualFilterChain.doFilter(CompositeFilter.java:113)
	at org.springframework.web.servlet.handler.HandlerMappingIntrospector.lambda$createCacheFilter$4(HandlerMappingIntrospector.java:267)
	at org.springframework.web.filter.CompositeFilter$VirtualFilterChain.doFilter(CompositeFilter.java:113)
	at org.springframework.web.filter.CompositeFilter.doFilter(CompositeFilter.java:74)
	at org.springframework.security.config.annotation.web.configuration.WebMvcSecurityConfiguration$CompositeFilterChainProxy.doFilter(WebMvcSecurityConfiguration.java:240)
	at org.springframework.web.filter.DelegatingFilterProxy.invokeDelegate(DelegatingFilterProxy.java:362)
	at org.springframework.web.filter.DelegatingFilterProxy.doFilter(DelegatingFilterProxy.java:278)
	at org.apache.catalina.core.ApplicationFilterChain.internalDoFilter(ApplicationFilterChain.java:162)
	at org.apache.catalina.core.ApplicationFilterChain.doFilter(ApplicationFilterChain.java:138)
	at org.springframework.web.filter.RequestContextFilter.doFilterInternal(RequestContextFilter.java:100)
	at org.springframework.web.filter.OncePerRequestFilter.doFilter(OncePerRequestFilter.java:116)
	at org.apache.catalina.core.ApplicationFilterChain.internalDoFilter(ApplicationFilterChain.java:162)
	at org.apache.catalina.core.ApplicationFilterChain.doFilter(ApplicationFilterChain.java:138)
	at org.springframework.web.filter.FormContentFilter.doFilterInternal(FormContentFilter.java:93)
	at org.springframework.web.filter.OncePerRequestFilter.doFilter(OncePerRequestFilter.java:116)
	at org.apache.catalina.core.ApplicationFilterChain.internalDoFilter(ApplicationFilterChain.java:162)
	at org.apache.catalina.core.ApplicationFilterChain.doFilter(ApplicationFilterChain.java:138)
	at org.springframework.web.filter.CharacterEncodingFilter.doFilterInternal(CharacterEncodingFilter.java:201)
	at org.springframework.web.filter.OncePerRequestFilter.doFilter(OncePerRequestFilter.java:116)
	at org.apache.catalina.core.ApplicationFilterChain.internalDoFilter(ApplicationFilterChain.java:162)
	at org.apache.catalina.core.ApplicationFilterChain.doFilter(ApplicationFilterChain.java:138)
	at org.apache.catalina.core.StandardWrapperValve.invoke(StandardWrapperValve.java:165)
	at org.apache.catalina.core.StandardContextValve.invoke(StandardContextValve.java:88)
	at org.apache.catalina.authenticator.AuthenticatorBase.invoke(AuthenticatorBase.java:482)
	at org.apache.catalina.core.StandardHostValve.invoke(StandardHostValve.java:113)
	at org.apache.catalina.valves.ErrorReportValve.invoke(ErrorReportValve.java:83)
	at org.apache.catalina.core.StandardEngineValve.invoke(StandardEngineValve.java:72)
	at org.apache.catalina.connector.CoyoteAdapter.service(CoyoteAdapter.java:342)
	at org.apache.coyote.http11.Http11Processor.service(Http11Processor.java:399)
	at org.apache.coyote.AbstractProcessorLight.process(AbstractProcessorLight.java:63)
	at org.apache.coyote.AbstractProtocol$ConnectionHandler.process(AbstractProtocol.java:903)
	at org.apache.tomcat.util.net.NioEndpoint$SocketProcessor.doRun(NioEndpoint.java:1774)
	at org.apache.tomcat.util.net.SocketProcessorBase.run(SocketProcessorBase.java:52)
	at org.apache.tomcat.util.threads.ThreadPoolExecutor.runWorker(ThreadPoolExecutor.java:973)
	at org.apache.tomcat.util.threads.ThreadPoolExecutor$Worker.run(ThreadPoolExecutor.java:491)
	at org.apache.tomcat.util.threads.TaskThread$WrappingRunnable.run(TaskThread.java:63)
	at java.base/java.lang.Thread.run(Unknown Source)
2025-11-17 20:38:27.262 [http-nio-8080-exec-4] DEBUG o.s.s.w.a.AnonymousAuthenticationFilter - Set SecurityContextHolder to anonymous SecurityContext
2025-11-17 20:38:27.263 [http-nio-8080-exec-4] ERROR o.a.c.c.C.[.[.[.[dispatcherServlet] - Servlet.service() for servlet [dispatcherServlet] in context with path [] threw exception [Request processing failed: org.thymeleaf.exceptions.TemplateInputException: Error resolving template [games/list], template might not exist or might not be accessible by any of the configured Template Resolvers] with root cause
org.thymeleaf.exceptions.TemplateInputException: Error resolving template [games/list], template might not exist or might not be accessible by any of the configured Template Resolvers
	at org.thymeleaf.engine.TemplateManager.resolveTemplate(TemplateManager.java:869)
	at org.thymeleaf.engine.TemplateManager.parseAndProcess(TemplateManager.java:607)
	at org.thymeleaf.TemplateEngine.process(TemplateEngine.java:1103)
	at org.thymeleaf.TemplateEngine.process(TemplateEngine.java:1077)
	at org.thymeleaf.spring6.view.ThymeleafView.renderFragment(ThymeleafView.java:372)
	at org.thymeleaf.spring6.view.ThymeleafView.render(ThymeleafView.java:192)
	at org.springframework.web.servlet.DispatcherServlet.render(DispatcherServlet.java:1438)
	at org.springframework.web.servlet.DispatcherServlet.processDispatchResult(DispatcherServlet.java:1168)
	at org.springframework.web.servlet.DispatcherServlet.doDispatch(DispatcherServlet.java:1106)
	at org.springframework.web.servlet.DispatcherServlet.doService(DispatcherServlet.java:979)
	at org.springframework.web.servlet.FrameworkServlet.processRequest(FrameworkServlet.java:1014)
	at org.springframework.web.servlet.FrameworkServlet.doGet(FrameworkServlet.java:903)
	at jakarta.servlet.http.HttpServlet.service(HttpServlet.java:564)
	at org.springframework.web.servlet.FrameworkServlet.service(FrameworkServlet.java:885)
	at jakarta.servlet.http.HttpServlet.service(HttpServlet.java:658)
	at org.apache.catalina.core.ApplicationFilterChain.internalDoFilter(ApplicationFilterChain.java:193)
	at org.apache.catalina.core.ApplicationFilterChain.doFilter(ApplicationFilterChain.java:138)
	at org.apache.tomcat.websocket.server.WsFilter.doFilter(WsFilter.java:51)
	at org.apache.catalina.core.ApplicationFilterChain.internalDoFilter(ApplicationFilterChain.java:162)
	at org.apache.catalina.core.ApplicationFilterChain.doFilter(ApplicationFilterChain.java:138)
	at org.springframework.web.filter.CompositeFilter$VirtualFilterChain.doFilter(CompositeFilter.java:108)
	at org.springframework.web.filter.CompositeFilter$VirtualFilterChain.doFilter(CompositeFilter.java:108)
	at org.springframework.security.web.FilterChainProxy.lambda$doFilterInternal$3(FilterChainProxy.java:231)
	at org.springframework.security.web.FilterChainProxy$VirtualFilterChain.doFilter(FilterChainProxy.java:365)
	at org.springframework.security.web.access.intercept.AuthorizationFilter.doFilter(AuthorizationFilter.java:101)
	at org.springframework.security.web.FilterChainProxy$VirtualFilterChain.doFilter(FilterChainProxy.java:374)
	at org.springframework.security.web.access.ExceptionTranslationFilter.doFilter(ExceptionTranslationFilter.java:125)
	at org.springframework.security.web.access.ExceptionTranslationFilter.doFilter(ExceptionTranslationFilter.java:119)
	at org.springframework.security.web.FilterChainProxy$VirtualFilterChain.doFilter(FilterChainProxy.java:374)
	at org.springframework.security.web.authentication.AnonymousAuthenticationFilter.doFilter(AnonymousAuthenticationFilter.java:100)
	at org.springframework.security.web.FilterChainProxy$VirtualFilterChain.doFilter(FilterChainProxy.java:374)
	at org.springframework.security.web.servletapi.SecurityContextHolderAwareRequestFilter.doFilter(SecurityContextHolderAwareRequestFilter.java:179)
	at org.springframework.security.web.FilterChainProxy$VirtualFilterChain.doFilter(FilterChainProxy.java:374)
	at org.springframework.security.web.savedrequest.RequestCacheAwareFilter.doFilter(RequestCacheAwareFilter.java:63)
	at org.springframework.security.web.FilterChainProxy$VirtualFilterChain.doFilter(FilterChainProxy.java:374)
	at org.springframework.security.web.authentication.ui.DefaultLogoutPageGeneratingFilter.doFilterInternal(DefaultLogoutPageGeneratingFilter.java:59)
	at org.springframework.web.filter.OncePerRequestFilter.doFilter(OncePerRequestFilter.java:116)
	at org.springframework.security.web.FilterChainProxy$VirtualFilterChain.doFilter(FilterChainProxy.java:374)
	at org.springframework.security.web.authentication.ui.DefaultLoginPageGeneratingFilter.doFilter(DefaultLoginPageGeneratingFilter.java:216)
	at org.springframework.security.web.authentication.ui.DefaultLoginPageGeneratingFilter.doFilter(DefaultLoginPageGeneratingFilter.java:202)
	at org.springframework.security.web.FilterChainProxy$VirtualFilterChain.doFilter(FilterChainProxy.java:374)
	at org.springframework.security.web.authentication.ui.DefaultResourcesFilter.doFilter(DefaultResourcesFilter.java:72)
	at org.springframework.security.web.FilterChainProxy$VirtualFilterChain.doFilter(FilterChainProxy.java:374)
	at org.springframework.security.web.authentication.AbstractAuthenticationProcessingFilter.doFilter(AbstractAuthenticationProcessingFilter.java:235)
	at org.springframework.security.web.authentication.AbstractAuthenticationProcessingFilter.doFilter(AbstractAuthenticationProcessingFilter.java:229)
	at org.springframework.security.web.FilterChainProxy$VirtualFilterChain.doFilter(FilterChainProxy.java:374)
	at org.springframework.security.web.authentication.AbstractAuthenticationProcessingFilter.doFilter(AbstractAuthenticationProcessingFilter.java:235)
	at org.springframework.security.web.authentication.AbstractAuthenticationProcessingFilter.doFilter(AbstractAuthenticationProcessingFilter.java:229)
	at org.springframework.security.web.FilterChainProxy$VirtualFilterChain.doFilter(FilterChainProxy.java:374)
	at org.springframework.security.oauth2.client.web.OAuth2AuthorizationRequestRedirectFilter.doFilterInternal(OAuth2AuthorizationRequestRedirectFilter.java:198)
	at org.springframework.web.filter.OncePerRequestFilter.doFilter(OncePerRequestFilter.java:116)
	at org.springframework.security.web.FilterChainProxy$VirtualFilterChain.doFilter(FilterChainProxy.java:374)
	at org.springframework.security.web.authentication.logout.LogoutFilter.doFilter(LogoutFilter.java:107)
	at org.springframework.security.web.authentication.logout.LogoutFilter.doFilter(LogoutFilter.java:93)
	at org.springframework.security.web.FilterChainProxy$VirtualFilterChain.doFilter(FilterChainProxy.java:374)
	at org.springframework.security.web.csrf.CsrfFilter.doFilterInternal(CsrfFilter.java:117)
	at org.springframework.web.filter.OncePerRequestFilter.doFilter(OncePerRequestFilter.java:116)
	at org.springframework.security.web.FilterChainProxy$VirtualFilterChain.doFilter(FilterChainProxy.java:374)
	at org.springframework.security.web.header.HeaderWriterFilter.doHeadersAfter(HeaderWriterFilter.java:90)
	at org.springframework.security.web.header.HeaderWriterFilter.doFilterInternal(HeaderWriterFilter.java:75)
	at org.springframework.web.filter.OncePerRequestFilter.doFilter(OncePerRequestFilter.java:116)
	at org.springframework.security.web.FilterChainProxy$VirtualFilterChain.doFilter(FilterChainProxy.java:374)
	at org.springframework.security.web.context.SecurityContextHolderFilter.doFilter(SecurityContextHolderFilter.java:82)
	at org.springframework.security.web.context.SecurityContextHolderFilter.doFilter(SecurityContextHolderFilter.java:69)
	at org.springframework.security.web.FilterChainProxy$VirtualFilterChain.doFilter(FilterChainProxy.java:374)
	at org.springframework.security.web.context.request.async.WebAsyncManagerIntegrationFilter.doFilterInternal(WebAsyncManagerIntegrationFilter.java:62)
	at org.springframework.web.filter.OncePerRequestFilter.doFilter(OncePerRequestFilter.java:116)
	at org.springframework.security.web.FilterChainProxy$VirtualFilterChain.doFilter(FilterChainProxy.java:374)
	at org.springframework.security.web.session.DisableEncodeUrlFilter.doFilterInternal(DisableEncodeUrlFilter.java:42)
	at org.springframework.web.filter.OncePerRequestFilter.doFilter(OncePerRequestFilter.java:116)
	at org.springframework.security.web.FilterChainProxy$VirtualFilterChain.doFilter(FilterChainProxy.java:374)
	at org.springframework.security.web.FilterChainProxy.doFilterInternal(FilterChainProxy.java:233)
	at org.springframework.security.web.FilterChainProxy.doFilter(FilterChainProxy.java:191)
	at org.springframework.web.filter.CompositeFilter$VirtualFilterChain.doFilter(CompositeFilter.java:113)
	at org.springframework.web.filter.ServletRequestPathFilter.doFilter(ServletRequestPathFilter.java:52)
	at org.springframework.web.filter.CompositeFilter$VirtualFilterChain.doFilter(CompositeFilter.java:113)
	at org.springframework.web.filter.CompositeFilter.doFilter(CompositeFilter.java:74)
	at org.springframework.security.config.annotation.web.configuration.WebSecurityConfiguration$CompositeFilterChainProxy.doFilter(WebSecurityConfiguration.java:319)
	at org.springframework.web.filter.CompositeFilter$VirtualFilterChain.doFilter(CompositeFilter.java:113)
	at org.springframework.web.servlet.handler.HandlerMappingIntrospector.lambda$createCacheFilter$4(HandlerMappingIntrospector.java:267)
	at org.springframework.web.filter.CompositeFilter$VirtualFilterChain.doFilter(CompositeFilter.java:113)
	at org.springframework.web.filter.CompositeFilter.doFilter(CompositeFilter.java:74)
	at org.springframework.security.config.annotation.web.configuration.WebMvcSecurityConfiguration$CompositeFilterChainProxy.doFilter(WebMvcSecurityConfiguration.java:240)
	at org.springframework.web.filter.DelegatingFilterProxy.invokeDelegate(DelegatingFilterProxy.java:362)
	at org.springframework.web.filter.DelegatingFilterProxy.doFilter(DelegatingFilterProxy.java:278)
	at org.apache.catalina.core.ApplicationFilterChain.internalDoFilter(ApplicationFilterChain.java:162)
	at org.apache.catalina.core.ApplicationFilterChain.doFilter(ApplicationFilterChain.java:138)
	at org.springframework.web.filter.RequestContextFilter.doFilterInternal(RequestContextFilter.java:100)
	at org.springframework.web.filter.OncePerRequestFilter.doFilter(OncePerRequestFilter.java:116)
	at org.apache.catalina.core.ApplicationFilterChain.internalDoFilter(ApplicationFilterChain.java:162)
	at org.apache.catalina.core.ApplicationFilterChain.doFilter(ApplicationFilterChain.java:138)
	at org.springframework.web.filter.FormContentFilter.doFilterInternal(FormContentFilter.java:93)
	at org.springframework.web.filter.OncePerRequestFilter.doFilter(OncePerRequestFilter.java:116)
	at org.apache.catalina.core.ApplicationFilterChain.internalDoFilter(ApplicationFilterChain.java:162)
	at org.apache.catalina.core.ApplicationFilterChain.doFilter(ApplicationFilterChain.java:138)
	at org.springframework.web.filter.CharacterEncodingFilter.doFilterInternal(CharacterEncodingFilter.java:201)
	at org.springframework.web.filter.OncePerRequestFilter.doFilter(OncePerRequestFilter.java:116)
	at org.apache.catalina.core.ApplicationFilterChain.internalDoFilter(ApplicationFilterChain.java:162)
	at org.apache.catalina.core.ApplicationFilterChain.doFilter(ApplicationFilterChain.java:138)
	at org.apache.catalina.core.StandardWrapperValve.invoke(StandardWrapperValve.java:165)
	at org.apache.catalina.core.StandardContextValve.invoke(StandardContextValve.java:88)
	at org.apache.catalina.authenticator.AuthenticatorBase.invoke(AuthenticatorBase.java:482)
	at org.apache.catalina.core.StandardHostValve.invoke(StandardHostValve.java:113)
	at org.apache.catalina.valves.ErrorReportValve.invoke(ErrorReportValve.java:83)
	at org.apache.catalina.core.StandardEngineValve.invoke(StandardEngineValve.java:72)
	at org.apache.catalina.connector.CoyoteAdapter.service(CoyoteAdapter.java:342)
	at org.apache.coyote.http11.Http11Processor.service(Http11Processor.java:399)
	at org.apache.coyote.AbstractProcessorLight.process(AbstractProcessorLight.java:63)
	at org.apache.coyote.AbstractProtocol$ConnectionHandler.process(AbstractProtocol.java:903)
	at org.apache.tomcat.util.net.NioEndpoint$SocketProcessor.doRun(NioEndpoint.java:1774)
	at org.apache.tomcat.util.net.SocketProcessorBase.run(SocketProcessorBase.java:52)
	at org.apache.tomcat.util.threads.ThreadPoolExecutor.runWorker(ThreadPoolExecutor.java:973)
	at org.apache.tomcat.util.threads.ThreadPoolExecutor$Worker.run(ThreadPoolExecutor.java:491)
	at org.apache.tomcat.util.threads.TaskThread$WrappingRunnable.run(TaskThread.java:63)
	at java.base/java.lang.Thread.run(Unknown Source)
2025-11-17 20:38:27.268 [http-nio-8080-exec-4] DEBUG o.s.security.web.FilterChainProxy - Securing GET /error
2025-11-17 20:38:27.269 [http-nio-8080-exec-4] DEBUG o.s.s.w.a.AnonymousAuthenticationFilter - Set SecurityContextHolder to anonymous SecurityContext
2025-11-17 20:38:27.272 [http-nio-8080-exec-4] DEBUG o.s.s.w.s.HttpSessionRequestCache - Saved request http://localhost:8080/error?continue to session
2025-11-17 20:38:27.272 [http-nio-8080-exec-4] DEBUG o.s.s.w.a.DelegatingAuthenticationEntryPoint - Trying to match using And [Not [RequestHeaderRequestMatcher [expectedHeaderName=X-Requested-With, expectedHeaderValue=XMLHttpRequest]], MediaTypeRequestMatcher [contentNegotiationStrategy=org.springframework.web.accept.ContentNegotiationManager@6aab3013, matchingMediaTypes=[application/xhtml+xml, image/*, text/html, text/plain], useEquals=false, ignoredMediaTypes=[*/*]]]
2025-11-17 20:38:27.273 [http-nio-8080-exec-4] DEBUG o.s.s.w.a.DelegatingAuthenticationEntryPoint - Match found! Executing org.springframework.security.web.authentication.LoginUrlAuthenticationEntryPoint@5a203369
2025-11-17 20:38:27.273 [http-nio-8080-exec-4] DEBUG o.s.s.web.DefaultRedirectStrategy - Redirecting to http://localhost:8080/login
2025-11-17 20:38:27.278 [http-nio-8080-exec-5] DEBUG o.s.security.web.FilterChainProxy - Securing GET /login
2025-11-17 20:38:27.306 [http-nio-8080-exec-6] DEBUG o.s.security.web.FilterChainProxy - Securing GET /default-ui.css
2025-11-17 20:38:32.726 [SpringApplicationShutdownHook] INFO  o.s.b.w.e.tomcat.GracefulShutdown - Commencing graceful shutdown. Waiting for active requests to complete
2025-11-17 20:38:32.732 [tomcat-shutdown] INFO  o.s.b.w.e.tomcat.GracefulShutdown - Graceful shutdown complete
2025-11-17 20:38:32.737 [SpringApplicationShutdownHook] INFO  o.s.o.j.LocalContainerEntityManagerFactoryBean - Closing JPA EntityManagerFactory for persistence unit 'default'
2025-11-17 20:38:32.741 [SpringApplicationShutdownHook] INFO  com.zaxxer.hikari.HikariDataSource - HikariPool-1 - Shutdown initiated...
2025-11-17 20:38:32.792 [SpringApplicationShutdownHook] INFO  com.zaxxer.hikari.HikariDataSource - HikariPool-1 - Shutdown completed.
2025-11-17 20:39:07.842 [restartedMain] INFO  com.gamescore.back.BackApplication - Starting BackApplication using Java 21.0.8 with PID 16600 (/Users/hug0gil/Desktop/DAW/DWESE/Proyectos/GameScore/back/target/classes started by hug0gil in /Users/hug0gil/Desktop/DAW/DWESE/Proyectos/GameScore/back)
2025-11-17 20:39:07.843 [restartedMain] DEBUG com.gamescore.back.BackApplication - Running with Spring Boot v3.5.7, Spring v6.2.12
2025-11-17 20:39:07.843 [restartedMain] INFO  com.gamescore.back.BackApplication - No active profile set, falling back to 1 default profile: "default"
2025-11-17 20:39:07.865 [restartedMain] INFO  o.s.b.d.e.DevToolsPropertyDefaultsPostProcessor - Devtools property defaults active! Set 'spring.devtools.add-properties' to 'false' to disable
2025-11-17 20:39:07.865 [restartedMain] INFO  o.s.b.d.e.DevToolsPropertyDefaultsPostProcessor - For additional web related logging consider setting the 'logging.level.web' property to 'DEBUG'
2025-11-17 20:39:08.241 [restartedMain] INFO  o.s.d.r.c.RepositoryConfigurationDelegate - Bootstrapping Spring Data JPA repositories in DEFAULT mode.
2025-11-17 20:39:08.301 [restartedMain] INFO  o.s.d.r.c.RepositoryConfigurationDelegate - Finished Spring Data repository scanning in 54 ms. Found 4 JPA repository interfaces.
2025-11-17 20:39:08.652 [restartedMain] INFO  o.s.b.w.e.tomcat.TomcatWebServer - Tomcat initialized with port 8080 (http)
2025-11-17 20:39:08.661 [restartedMain] INFO  o.a.catalina.core.StandardService - Starting service [Tomcat]
2025-11-17 20:39:08.662 [restartedMain] INFO  o.a.catalina.core.StandardEngine - Starting Servlet engine: [Apache Tomcat/10.1.48]
2025-11-17 20:39:08.687 [restartedMain] INFO  o.a.c.c.C.[Tomcat].[localhost].[/] - Initializing Spring embedded WebApplicationContext
2025-11-17 20:39:08.688 [restartedMain] INFO  o.s.b.w.s.c.ServletWebServerApplicationContext - Root WebApplicationContext: initialization completed in 823 ms
2025-11-17 20:39:08.800 [restartedMain] INFO  o.h.jpa.internal.util.LogHelper - HHH000204: Processing PersistenceUnitInfo [name: default]
2025-11-17 20:39:08.823 [restartedMain] INFO  org.hibernate.Version - HHH000412: Hibernate ORM core version 6.6.33.Final
2025-11-17 20:39:08.836 [restartedMain] INFO  o.h.c.i.RegionFactoryInitiator - HHH000026: Second-level cache disabled
2025-11-17 20:39:08.952 [restartedMain] INFO  o.s.o.j.p.SpringPersistenceUnitInfo - No LoadTimeWeaver setup: ignoring JPA class transformer
2025-11-17 20:39:08.965 [restartedMain] INFO  com.zaxxer.hikari.HikariDataSource - HikariPool-1 - Starting...
2025-11-17 20:39:11.127 [restartedMain] INFO  com.zaxxer.hikari.pool.HikariPool - HikariPool-1 - Added connection com.mysql.cj.jdbc.ConnectionImpl@7e983caf
2025-11-17 20:39:11.131 [restartedMain] INFO  com.zaxxer.hikari.HikariDataSource - HikariPool-1 - Start completed.
2025-11-17 20:39:11.574 [restartedMain] WARN  org.hibernate.orm.deprecation - HHH90000025: MySQLDialect does not need to be specified explicitly using 'hibernate.dialect' (remove the property setting and it will be selected by default)
2025-11-17 20:39:11.592 [restartedMain] INFO  o.hibernate.orm.connections.pooling - HHH10001005: Database info:
	Database JDBC URL [Connecting through datasource 'HikariDataSource (HikariPool-1)']
	Database driver: undefined/unknown
	Database version: 9.4
	Autocommit mode: undefined/unknown
	Isolation level: undefined/unknown
	Minimum pool size: undefined/unknown
	Maximum pool size: undefined/unknown
2025-11-17 20:39:12.049 [restartedMain] INFO  o.h.e.t.j.p.i.JtaPlatformInitiator - HHH000489: No JTA platform available (set 'hibernate.transaction.jta.platform' to enable JTA platform integration)
2025-11-17 20:39:15.970 [restartedMain] INFO  o.s.o.j.LocalContainerEntityManagerFactoryBean - Initialized JPA EntityManagerFactory for persistence unit 'default'
2025-11-17 20:39:16.150 [restartedMain] INFO  o.s.d.j.r.query.QueryEnhancerFactory - Hibernate is in classpath; If applicable, HQL parser will be used.
2025-11-17 20:39:16.884 [restartedMain] DEBUG o.s.s.c.a.a.c.AuthenticationConfiguration$DefaultPasswordEncoderAuthenticationManagerBuilder - No authenticationProviders and no parentAuthenticationManager defined. Returning null.
2025-11-17 20:39:16.950 [restartedMain] DEBUG o.s.s.web.DefaultSecurityFilterChain - Will secure any request with filters: DisableEncodeUrlFilter, WebAsyncManagerIntegrationFilter, SecurityContextHolderFilter, HeaderWriterFilter, CsrfFilter, LogoutFilter, OAuth2AuthorizationRequestRedirectFilter, OAuth2LoginAuthenticationFilter, DefaultResourcesFilter, DefaultLoginPageGeneratingFilter, DefaultLogoutPageGeneratingFilter, RequestCacheAwareFilter, SecurityContextHolderAwareRequestFilter, AnonymousAuthenticationFilter, ExceptionTranslationFilter, AuthorizationFilter
2025-11-17 20:39:17.252 [restartedMain] INFO  o.s.b.a.h.H2ConsoleAutoConfiguration - H2 console available at '/h2-console'. Database available at 'jdbc:mysql://root:tkLpBtTxRBVsqioSkUDlqnbgmFKxVtiE@crossover.proxy.rlwy.net:27029/railway'
2025-11-17 20:39:17.296 [restartedMain] INFO  o.s.b.d.a.OptionalLiveReloadServer - LiveReload server is running on port 35729
2025-11-17 20:39:17.319 [restartedMain] INFO  o.s.b.w.e.tomcat.TomcatWebServer - Tomcat started on port 8080 (http) with context path '/'
2025-11-17 20:39:17.327 [restartedMain] INFO  com.gamescore.back.BackApplication - Started BackApplication in 9.688 seconds (process running for 10.015)
2025-11-17 20:39:28.959 [http-nio-8080-exec-1] INFO  o.a.c.c.C.[Tomcat].[localhost].[/] - Initializing Spring DispatcherServlet 'dispatcherServlet'
2025-11-17 20:39:28.960 [http-nio-8080-exec-1] INFO  o.s.web.servlet.DispatcherServlet - Initializing Servlet 'dispatcherServlet'
2025-11-17 20:39:28.963 [http-nio-8080-exec-1] INFO  o.s.web.servlet.DispatcherServlet - Completed initialization in 3 ms
2025-11-17 20:39:28.974 [http-nio-8080-exec-1] DEBUG o.s.security.web.FilterChainProxy - Securing GET /games
2025-11-17 20:39:28.982 [http-nio-8080-exec-1] DEBUG o.s.s.w.a.AnonymousAuthenticationFilter - Set SecurityContextHolder to anonymous SecurityContext
2025-11-17 20:39:28.986 [http-nio-8080-exec-1] DEBUG o.s.s.w.s.HttpSessionRequestCache - Saved request http://localhost:8080/games?continue to session
2025-11-17 20:39:28.986 [http-nio-8080-exec-1] DEBUG o.s.s.web.DefaultRedirectStrategy - Redirecting to http://localhost:8080/login
2025-11-17 20:39:28.991 [http-nio-8080-exec-2] DEBUG o.s.security.web.FilterChainProxy - Securing GET /login
2025-11-17 20:39:29.010 [http-nio-8080-exec-3] DEBUG o.s.security.web.FilterChainProxy - Securing GET /default-ui.css
2025-11-17 20:39:31.012 [http-nio-8080-exec-4] DEBUG o.s.security.web.FilterChainProxy - Securing GET /games
2025-11-17 20:39:31.013 [http-nio-8080-exec-4] DEBUG o.s.s.w.a.AnonymousAuthenticationFilter - Set SecurityContextHolder to anonymous SecurityContext
2025-11-17 20:39:31.015 [http-nio-8080-exec-4] DEBUG o.s.s.w.s.HttpSessionRequestCache - Saved request http://localhost:8080/games?continue to session
2025-11-17 20:39:31.016 [http-nio-8080-exec-4] DEBUG o.s.s.web.DefaultRedirectStrategy - Redirecting to http://localhost:8080/login
2025-11-17 20:39:31.021 [http-nio-8080-exec-5] DEBUG o.s.security.web.FilterChainProxy - Securing GET /login
2025-11-17 20:39:31.038 [http-nio-8080-exec-6] DEBUG o.s.security.web.FilterChainProxy - Securing GET /default-ui.css
2025-11-17 20:40:16.336 [File Watcher] INFO  o.s.b.d.a.LocalDevToolsAutoConfiguration$RestartingClassPathChangeChangedEventListener - Restarting due to 1 class path change (0 additions, 0 deletions, 1 modification)
2025-11-17 20:40:16.350 [Thread-5] INFO  o.s.b.w.e.tomcat.GracefulShutdown - Commencing graceful shutdown. Waiting for active requests to complete
2025-11-17 20:40:16.357 [tomcat-shutdown] INFO  o.s.b.w.e.tomcat.GracefulShutdown - Graceful shutdown complete
2025-11-17 20:40:16.364 [Thread-5] INFO  o.s.o.j.LocalContainerEntityManagerFactoryBean - Closing JPA EntityManagerFactory for persistence unit 'default'
2025-11-17 20:40:16.370 [Thread-5] INFO  com.zaxxer.hikari.HikariDataSource - HikariPool-1 - Shutdown initiated...
2025-11-17 20:40:16.423 [Thread-5] INFO  com.zaxxer.hikari.HikariDataSource - HikariPool-1 - Shutdown completed.
2025-11-17 20:40:16.510 [restartedMain] INFO  com.gamescore.back.BackApplication - Starting BackApplication using Java 21.0.8 with PID 16600 (/Users/hug0gil/Desktop/DAW/DWESE/Proyectos/GameScore/back/target/classes started by hug0gil in /Users/hug0gil/Desktop/DAW/DWESE/Proyectos/GameScore/back)
2025-11-17 20:40:16.510 [restartedMain] DEBUG com.gamescore.back.BackApplication - Running with Spring Boot v3.5.7, Spring v6.2.12
2025-11-17 20:40:16.510 [restartedMain] INFO  com.gamescore.back.BackApplication - No active profile set, falling back to 1 default profile: "default"
2025-11-17 20:40:16.600 [restartedMain] INFO  o.s.d.r.c.RepositoryConfigurationDelegate - Bootstrapping Spring Data JPA repositories in DEFAULT mode.
2025-11-17 20:40:16.608 [restartedMain] INFO  o.s.d.r.c.RepositoryConfigurationDelegate - Finished Spring Data repository scanning in 7 ms. Found 4 JPA repository interfaces.
2025-11-17 20:40:16.671 [restartedMain] INFO  o.s.b.w.e.tomcat.TomcatWebServer - Tomcat initialized with port 8080 (http)
2025-11-17 20:40:16.672 [restartedMain] INFO  o.a.catalina.core.StandardService - Starting service [Tomcat]
2025-11-17 20:40:16.672 [restartedMain] INFO  o.a.catalina.core.StandardEngine - Starting Servlet engine: [Apache Tomcat/10.1.48]
2025-11-17 20:40:16.679 [restartedMain] INFO  o.a.c.c.C.[Tomcat].[localhost].[/] - Initializing Spring embedded WebApplicationContext
2025-11-17 20:40:16.679 [restartedMain] INFO  o.s.b.w.s.c.ServletWebServerApplicationContext - Root WebApplicationContext: initialization completed in 168 ms
2025-11-17 20:40:16.702 [restartedMain] INFO  o.h.jpa.internal.util.LogHelper - HHH000204: Processing PersistenceUnitInfo [name: default]
2025-11-17 20:40:16.703 [restartedMain] INFO  o.h.c.i.RegionFactoryInitiator - HHH000026: Second-level cache disabled
2025-11-17 20:40:16.707 [restartedMain] INFO  o.s.o.j.p.SpringPersistenceUnitInfo - No LoadTimeWeaver setup: ignoring JPA class transformer
2025-11-17 20:40:16.708 [restartedMain] INFO  com.zaxxer.hikari.HikariDataSource - HikariPool-2 - Starting...
2025-11-17 20:40:18.600 [restartedMain] INFO  com.zaxxer.hikari.pool.HikariPool - HikariPool-2 - Added connection com.mysql.cj.jdbc.ConnectionImpl@3ce633f5
2025-11-17 20:40:18.602 [restartedMain] INFO  com.zaxxer.hikari.HikariDataSource - HikariPool-2 - Start completed.
2025-11-17 20:40:18.790 [restartedMain] WARN  org.hibernate.orm.deprecation - HHH90000025: MySQLDialect does not need to be specified explicitly using 'hibernate.dialect' (remove the property setting and it will be selected by default)
2025-11-17 20:40:18.792 [restartedMain] INFO  o.hibernate.orm.connections.pooling - HHH10001005: Database info:
	Database JDBC URL [Connecting through datasource 'HikariDataSource (HikariPool-2)']
	Database driver: undefined/unknown
	Database version: 9.4
	Autocommit mode: undefined/unknown
	Isolation level: undefined/unknown
	Minimum pool size: undefined/unknown
	Maximum pool size: undefined/unknown
2025-11-17 20:40:18.900 [restartedMain] INFO  o.h.e.t.j.p.i.JtaPlatformInitiator - HHH000489: No JTA platform available (set 'hibernate.transaction.jta.platform' to enable JTA platform integration)
2025-11-17 20:40:22.518 [restartedMain] INFO  o.s.o.j.LocalContainerEntityManagerFactoryBean - Initialized JPA EntityManagerFactory for persistence unit 'default'
2025-11-17 20:40:22.686 [restartedMain] DEBUG o.s.s.c.a.a.c.AuthenticationConfiguration$DefaultPasswordEncoderAuthenticationManagerBuilder - No authenticationProviders and no parentAuthenticationManager defined. Returning null.
2025-11-17 20:40:22.703 [restartedMain] DEBUG o.s.s.web.DefaultSecurityFilterChain - Will secure any request with filters: DisableEncodeUrlFilter, WebAsyncManagerIntegrationFilter, SecurityContextHolderFilter, HeaderWriterFilter, CsrfFilter, LogoutFilter, OAuth2AuthorizationRequestRedirectFilter, OAuth2LoginAuthenticationFilter, UsernamePasswordAuthenticationFilter, DefaultResourcesFilter, DefaultLoginPageGeneratingFilter, DefaultLogoutPageGeneratingFilter, RequestCacheAwareFilter, SecurityContextHolderAwareRequestFilter, AnonymousAuthenticationFilter, ExceptionTranslationFilter, AuthorizationFilter
2025-11-17 20:40:22.733 [restartedMain] INFO  o.s.b.a.h.H2ConsoleAutoConfiguration - H2 console available at '/h2-console'. Database available at 'jdbc:mysql://root:tkLpBtTxRBVsqioSkUDlqnbgmFKxVtiE@crossover.proxy.rlwy.net:27029/railway'
2025-11-17 20:40:22.744 [restartedMain] INFO  o.s.b.d.a.OptionalLiveReloadServer - LiveReload server is running on port 35729
2025-11-17 20:40:22.749 [restartedMain] INFO  o.s.b.w.e.tomcat.TomcatWebServer - Tomcat started on port 8080 (http) with context path '/'
2025-11-17 20:40:22.751 [restartedMain] INFO  com.gamescore.back.BackApplication - Started BackApplication in 6.257 seconds (process running for 75.436)
2025-11-17 20:40:22.752 [restartedMain] INFO  o.s.b.d.a.ConditionEvaluationDeltaLoggingListener - Condition evaluation unchanged
2025-11-17 20:40:41.362 [File Watcher] INFO  o.s.b.d.a.LocalDevToolsAutoConfiguration$RestartingClassPathChangeChangedEventListener - Restarting due to 1 class path change (0 additions, 0 deletions, 1 modification)
2025-11-17 20:40:41.370 [Thread-7] INFO  o.s.b.w.e.tomcat.GracefulShutdown - Commencing graceful shutdown. Waiting for active requests to complete
2025-11-17 20:40:41.373 [tomcat-shutdown] INFO  o.s.b.w.e.tomcat.GracefulShutdown - Graceful shutdown complete
2025-11-17 20:40:41.381 [Thread-7] INFO  o.s.o.j.LocalContainerEntityManagerFactoryBean - Closing JPA EntityManagerFactory for persistence unit 'default'
2025-11-17 20:40:41.385 [Thread-7] INFO  com.zaxxer.hikari.HikariDataSource - HikariPool-2 - Shutdown initiated...
2025-11-17 20:40:41.432 [Thread-7] INFO  com.zaxxer.hikari.HikariDataSource - HikariPool-2 - Shutdown completed.
2025-11-17 20:40:44.474 [restartedMain] INFO  com.gamescore.back.BackApplication - Starting BackApplication using Java 21.0.8 with PID 18165 (/Users/hug0gil/Desktop/DAW/DWESE/Proyectos/GameScore/back/target/classes started by hug0gil in /Users/hug0gil/Desktop/DAW/DWESE/Proyectos/GameScore/back)
2025-11-17 20:40:44.474 [restartedMain] DEBUG com.gamescore.back.BackApplication - Running with Spring Boot v3.5.7, Spring v6.2.12
2025-11-17 20:40:44.475 [restartedMain] INFO  com.gamescore.back.BackApplication - No active profile set, falling back to 1 default profile: "default"
2025-11-17 20:40:44.496 [restartedMain] INFO  o.s.b.d.e.DevToolsPropertyDefaultsPostProcessor - Devtools property defaults active! Set 'spring.devtools.add-properties' to 'false' to disable
2025-11-17 20:40:44.496 [restartedMain] INFO  o.s.b.d.e.DevToolsPropertyDefaultsPostProcessor - For additional web related logging consider setting the 'logging.level.web' property to 'DEBUG'
2025-11-17 20:40:44.889 [restartedMain] INFO  o.s.d.r.c.RepositoryConfigurationDelegate - Bootstrapping Spring Data JPA repositories in DEFAULT mode.
2025-11-17 20:40:44.925 [restartedMain] INFO  o.s.d.r.c.RepositoryConfigurationDelegate - Finished Spring Data repository scanning in 27 ms. Found 4 JPA repository interfaces.
2025-11-17 20:40:45.282 [restartedMain] INFO  o.s.b.w.e.tomcat.TomcatWebServer - Tomcat initialized with port 8080 (http)
2025-11-17 20:40:45.294 [restartedMain] INFO  o.a.catalina.core.StandardService - Starting service [Tomcat]
2025-11-17 20:40:45.294 [restartedMain] INFO  o.a.catalina.core.StandardEngine - Starting Servlet engine: [Apache Tomcat/10.1.48]
2025-11-17 20:40:45.316 [restartedMain] INFO  o.a.c.c.C.[Tomcat].[localhost].[/] - Initializing Spring embedded WebApplicationContext
2025-11-17 20:40:45.317 [restartedMain] INFO  o.s.b.w.s.c.ServletWebServerApplicationContext - Root WebApplicationContext: initialization completed in 820 ms
2025-11-17 20:40:45.447 [restartedMain] INFO  o.h.jpa.internal.util.LogHelper - HHH000204: Processing PersistenceUnitInfo [name: default]
2025-11-17 20:40:45.476 [restartedMain] INFO  org.hibernate.Version - HHH000412: Hibernate ORM core version 6.6.33.Final
2025-11-17 20:40:45.494 [restartedMain] INFO  o.h.c.i.RegionFactoryInitiator - HHH000026: Second-level cache disabled
2025-11-17 20:40:45.627 [restartedMain] INFO  o.s.o.j.p.SpringPersistenceUnitInfo - No LoadTimeWeaver setup: ignoring JPA class transformer
2025-11-17 20:40:45.641 [restartedMain] INFO  com.zaxxer.hikari.HikariDataSource - HikariPool-1 - Starting...
2025-11-17 20:40:47.679 [restartedMain] INFO  com.zaxxer.hikari.pool.HikariPool - HikariPool-1 - Added connection com.mysql.cj.jdbc.ConnectionImpl@1edd2c31
2025-11-17 20:40:47.683 [restartedMain] INFO  com.zaxxer.hikari.HikariDataSource - HikariPool-1 - Start completed.
2025-11-17 20:40:48.108 [restartedMain] WARN  org.hibernate.orm.deprecation - HHH90000025: MySQLDialect does not need to be specified explicitly using 'hibernate.dialect' (remove the property setting and it will be selected by default)
2025-11-17 20:40:48.124 [restartedMain] INFO  o.hibernate.orm.connections.pooling - HHH10001005: Database info:
	Database JDBC URL [Connecting through datasource 'HikariDataSource (HikariPool-1)']
	Database driver: undefined/unknown
	Database version: 9.4
	Autocommit mode: undefined/unknown
	Isolation level: undefined/unknown
	Minimum pool size: undefined/unknown
	Maximum pool size: undefined/unknown
2025-11-17 20:40:48.590 [restartedMain] INFO  o.h.e.t.j.p.i.JtaPlatformInitiator - HHH000489: No JTA platform available (set 'hibernate.transaction.jta.platform' to enable JTA platform integration)
2025-11-17 20:40:52.362 [restartedMain] INFO  o.s.o.j.LocalContainerEntityManagerFactoryBean - Initialized JPA EntityManagerFactory for persistence unit 'default'
2025-11-17 20:40:52.554 [restartedMain] INFO  o.s.d.j.r.query.QueryEnhancerFactory - Hibernate is in classpath; If applicable, HQL parser will be used.
2025-11-17 20:40:53.257 [restartedMain] DEBUG o.s.s.c.a.a.c.AuthenticationConfiguration$DefaultPasswordEncoderAuthenticationManagerBuilder - No authenticationProviders and no parentAuthenticationManager defined. Returning null.
2025-11-17 20:40:53.306 [restartedMain] DEBUG o.s.s.web.DefaultSecurityFilterChain - Will secure any request with filters: DisableEncodeUrlFilter, WebAsyncManagerIntegrationFilter, SecurityContextHolderFilter, HeaderWriterFilter, CsrfFilter, LogoutFilter, UsernamePasswordAuthenticationFilter, RequestCacheAwareFilter, SecurityContextHolderAwareRequestFilter, AnonymousAuthenticationFilter, ExceptionTranslationFilter, AuthorizationFilter
2025-11-17 20:40:53.595 [restartedMain] INFO  o.s.b.a.h.H2ConsoleAutoConfiguration - H2 console available at '/h2-console'. Database available at 'jdbc:mysql://root:tkLpBtTxRBVsqioSkUDlqnbgmFKxVtiE@crossover.proxy.rlwy.net:27029/railway'
2025-11-17 20:40:53.634 [restartedMain] INFO  o.s.b.d.a.OptionalLiveReloadServer - LiveReload server is running on port 35729
2025-11-17 20:40:53.658 [restartedMain] INFO  o.s.b.w.e.tomcat.TomcatWebServer - Tomcat started on port 8080 (http) with context path '/'
2025-11-17 20:40:53.664 [restartedMain] INFO  com.gamescore.back.BackApplication - Started BackApplication in 9.391 seconds (process running for 9.715)
2025-11-17 20:40:54.940 [http-nio-8080-exec-1] INFO  o.a.c.c.C.[Tomcat].[localhost].[/] - Initializing Spring DispatcherServlet 'dispatcherServlet'
2025-11-17 20:40:54.940 [http-nio-8080-exec-1] INFO  o.s.web.servlet.DispatcherServlet - Initializing Servlet 'dispatcherServlet'
2025-11-17 20:40:54.941 [http-nio-8080-exec-1] INFO  o.s.web.servlet.DispatcherServlet - Completed initialization in 1 ms
2025-11-17 20:40:54.951 [http-nio-8080-exec-1] DEBUG o.s.security.web.FilterChainProxy - Securing GET /login
2025-11-17 20:40:54.955 [http-nio-8080-exec-1] DEBUG o.s.security.web.FilterChainProxy - Secured GET /login
2025-11-17 20:40:54.964 [http-nio-8080-exec-1] DEBUG o.s.s.w.a.AnonymousAuthenticationFilter - Set SecurityContextHolder to anonymous SecurityContext
2025-11-17 20:40:54.967 [http-nio-8080-exec-1] DEBUG o.s.security.web.FilterChainProxy - Securing GET /error
2025-11-17 20:40:54.969 [http-nio-8080-exec-1] DEBUG o.s.s.w.a.AnonymousAuthenticationFilter - Set SecurityContextHolder to anonymous SecurityContext
2025-11-17 20:40:54.971 [http-nio-8080-exec-1] DEBUG o.s.s.w.s.HttpSessionRequestCache - Saved request http://localhost:8080/error?continue to session
2025-11-17 20:40:54.972 [http-nio-8080-exec-1] DEBUG o.s.s.web.DefaultRedirectStrategy - Redirecting to http://localhost:8080/login
2025-11-17 20:40:54.975 [http-nio-8080-exec-2] DEBUG o.s.security.web.FilterChainProxy - Securing GET /login
2025-11-17 20:40:54.975 [http-nio-8080-exec-2] DEBUG o.s.security.web.FilterChainProxy - Secured GET /login
2025-11-17 20:40:54.976 [http-nio-8080-exec-2] DEBUG o.s.s.w.a.AnonymousAuthenticationFilter - Set SecurityContextHolder to anonymous SecurityContext
2025-11-17 20:40:54.977 [http-nio-8080-exec-2] DEBUG o.s.security.web.FilterChainProxy - Securing GET /error
2025-11-17 20:40:54.977 [http-nio-8080-exec-2] DEBUG o.s.s.w.a.AnonymousAuthenticationFilter - Set SecurityContextHolder to anonymous SecurityContext
2025-11-17 20:40:54.977 [http-nio-8080-exec-2] DEBUG o.s.s.w.s.HttpSessionRequestCache - Saved request http://localhost:8080/error?continue to session
2025-11-17 20:40:54.978 [http-nio-8080-exec-2] DEBUG o.s.s.web.DefaultRedirectStrategy - Redirecting to http://localhost:8080/login
2025-11-17 20:40:54.980 [http-nio-8080-exec-3] DEBUG o.s.security.web.FilterChainProxy - Securing GET /login
2025-11-17 20:40:54.980 [http-nio-8080-exec-3] DEBUG o.s.security.web.FilterChainProxy - Secured GET /login
2025-11-17 20:40:54.980 [http-nio-8080-exec-3] DEBUG o.s.s.w.a.AnonymousAuthenticationFilter - Set SecurityContextHolder to anonymous SecurityContext
2025-11-17 20:40:54.981 [http-nio-8080-exec-3] DEBUG o.s.security.web.FilterChainProxy - Securing GET /error
2025-11-17 20:40:54.981 [http-nio-8080-exec-3] DEBUG o.s.s.w.a.AnonymousAuthenticationFilter - Set SecurityContextHolder to anonymous SecurityContext
2025-11-17 20:40:54.982 [http-nio-8080-exec-3] DEBUG o.s.s.w.s.HttpSessionRequestCache - Saved request http://localhost:8080/error?continue to session
2025-11-17 20:40:54.982 [http-nio-8080-exec-3] DEBUG o.s.s.web.DefaultRedirectStrategy - Redirecting to http://localhost:8080/login
2025-11-17 20:40:54.985 [http-nio-8080-exec-4] DEBUG o.s.security.web.FilterChainProxy - Securing GET /login
2025-11-17 20:40:54.986 [http-nio-8080-exec-4] DEBUG o.s.security.web.FilterChainProxy - Secured GET /login
2025-11-17 20:40:54.986 [http-nio-8080-exec-4] DEBUG o.s.s.w.a.AnonymousAuthenticationFilter - Set SecurityContextHolder to anonymous SecurityContext
2025-11-17 20:40:54.987 [http-nio-8080-exec-4] DEBUG o.s.security.web.FilterChainProxy - Securing GET /error
2025-11-17 20:40:54.987 [http-nio-8080-exec-4] DEBUG o.s.s.w.a.AnonymousAuthenticationFilter - Set SecurityContextHolder to anonymous SecurityContext
2025-11-17 20:40:54.987 [http-nio-8080-exec-4] DEBUG o.s.s.w.s.HttpSessionRequestCache - Saved request http://localhost:8080/error?continue to session
2025-11-17 20:40:54.988 [http-nio-8080-exec-4] DEBUG o.s.s.web.DefaultRedirectStrategy - Redirecting to http://localhost:8080/login
2025-11-17 20:40:54.990 [http-nio-8080-exec-5] DEBUG o.s.security.web.FilterChainProxy - Securing GET /login
2025-11-17 20:40:54.990 [http-nio-8080-exec-5] DEBUG o.s.security.web.FilterChainProxy - Secured GET /login
2025-11-17 20:40:54.990 [http-nio-8080-exec-5] DEBUG o.s.s.w.a.AnonymousAuthenticationFilter - Set SecurityContextHolder to anonymous SecurityContext
2025-11-17 20:40:54.991 [http-nio-8080-exec-5] DEBUG o.s.security.web.FilterChainProxy - Securing GET /error
2025-11-17 20:40:54.991 [http-nio-8080-exec-5] DEBUG o.s.s.w.a.AnonymousAuthenticationFilter - Set SecurityContextHolder to anonymous SecurityContext
2025-11-17 20:40:54.991 [http-nio-8080-exec-5] DEBUG o.s.s.w.s.HttpSessionRequestCache - Saved request http://localhost:8080/error?continue to session
2025-11-17 20:40:54.991 [http-nio-8080-exec-5] DEBUG o.s.s.web.DefaultRedirectStrategy - Redirecting to http://localhost:8080/login
2025-11-17 20:40:54.994 [http-nio-8080-exec-6] DEBUG o.s.security.web.FilterChainProxy - Securing GET /login
2025-11-17 20:40:54.994 [http-nio-8080-exec-6] DEBUG o.s.security.web.FilterChainProxy - Secured GET /login
2025-11-17 20:40:54.994 [http-nio-8080-exec-6] DEBUG o.s.s.w.a.AnonymousAuthenticationFilter - Set SecurityContextHolder to anonymous SecurityContext
2025-11-17 20:40:54.995 [http-nio-8080-exec-6] DEBUG o.s.security.web.FilterChainProxy - Securing GET /error
2025-11-17 20:40:54.995 [http-nio-8080-exec-6] DEBUG o.s.s.w.a.AnonymousAuthenticationFilter - Set SecurityContextHolder to anonymous SecurityContext
2025-11-17 20:40:54.995 [http-nio-8080-exec-6] DEBUG o.s.s.w.s.HttpSessionRequestCache - Saved request http://localhost:8080/error?continue to session
2025-11-17 20:40:54.995 [http-nio-8080-exec-6] DEBUG o.s.s.web.DefaultRedirectStrategy - Redirecting to http://localhost:8080/login
2025-11-17 20:40:54.998 [http-nio-8080-exec-7] DEBUG o.s.security.web.FilterChainProxy - Securing GET /login
2025-11-17 20:40:54.998 [http-nio-8080-exec-7] DEBUG o.s.security.web.FilterChainProxy - Secured GET /login
2025-11-17 20:40:54.999 [http-nio-8080-exec-7] DEBUG o.s.s.w.a.AnonymousAuthenticationFilter - Set SecurityContextHolder to anonymous SecurityContext
2025-11-17 20:40:55.000 [http-nio-8080-exec-7] DEBUG o.s.security.web.FilterChainProxy - Securing GET /error
2025-11-17 20:40:55.000 [http-nio-8080-exec-7] DEBUG o.s.s.w.a.AnonymousAuthenticationFilter - Set SecurityContextHolder to anonymous SecurityContext
2025-11-17 20:40:55.000 [http-nio-8080-exec-7] DEBUG o.s.s.w.s.HttpSessionRequestCache - Saved request http://localhost:8080/error?continue to session
2025-11-17 20:40:55.000 [http-nio-8080-exec-7] DEBUG o.s.s.web.DefaultRedirectStrategy - Redirecting to http://localhost:8080/login
2025-11-17 20:40:55.002 [http-nio-8080-exec-8] DEBUG o.s.security.web.FilterChainProxy - Securing GET /login
2025-11-17 20:40:55.003 [http-nio-8080-exec-8] DEBUG o.s.security.web.FilterChainProxy - Secured GET /login
2025-11-17 20:40:55.003 [http-nio-8080-exec-8] DEBUG o.s.s.w.a.AnonymousAuthenticationFilter - Set SecurityContextHolder to anonymous SecurityContext
2025-11-17 20:40:55.004 [http-nio-8080-exec-8] DEBUG o.s.security.web.FilterChainProxy - Securing GET /error
2025-11-17 20:40:55.004 [http-nio-8080-exec-8] DEBUG o.s.s.w.a.AnonymousAuthenticationFilter - Set SecurityContextHolder to anonymous SecurityContext
2025-11-17 20:40:55.004 [http-nio-8080-exec-8] DEBUG o.s.s.w.s.HttpSessionRequestCache - Saved request http://localhost:8080/error?continue to session
2025-11-17 20:40:55.004 [http-nio-8080-exec-8] DEBUG o.s.s.web.DefaultRedirectStrategy - Redirecting to http://localhost:8080/login
2025-11-17 20:40:55.006 [http-nio-8080-exec-9] DEBUG o.s.security.web.FilterChainProxy - Securing GET /login
2025-11-17 20:40:55.006 [http-nio-8080-exec-9] DEBUG o.s.security.web.FilterChainProxy - Secured GET /login
2025-11-17 20:40:55.007 [http-nio-8080-exec-9] DEBUG o.s.s.w.a.AnonymousAuthenticationFilter - Set SecurityContextHolder to anonymous SecurityContext
2025-11-17 20:40:55.007 [http-nio-8080-exec-9] DEBUG o.s.security.web.FilterChainProxy - Securing GET /error
2025-11-17 20:40:55.007 [http-nio-8080-exec-9] DEBUG o.s.s.w.a.AnonymousAuthenticationFilter - Set SecurityContextHolder to anonymous SecurityContext
2025-11-17 20:40:55.008 [http-nio-8080-exec-9] DEBUG o.s.s.w.s.HttpSessionRequestCache - Saved request http://localhost:8080/error?continue to session
2025-11-17 20:40:55.008 [http-nio-8080-exec-9] DEBUG o.s.s.web.DefaultRedirectStrategy - Redirecting to http://localhost:8080/login
2025-11-17 20:40:55.010 [http-nio-8080-exec-10] DEBUG o.s.security.web.FilterChainProxy - Securing GET /login
2025-11-17 20:40:55.010 [http-nio-8080-exec-10] DEBUG o.s.security.web.FilterChainProxy - Secured GET /login
2025-11-17 20:40:55.010 [http-nio-8080-exec-10] DEBUG o.s.s.w.a.AnonymousAuthenticationFilter - Set SecurityContextHolder to anonymous SecurityContext
2025-11-17 20:40:55.011 [http-nio-8080-exec-10] DEBUG o.s.security.web.FilterChainProxy - Securing GET /error
2025-11-17 20:40:55.011 [http-nio-8080-exec-10] DEBUG o.s.s.w.a.AnonymousAuthenticationFilter - Set SecurityContextHolder to anonymous SecurityContext
2025-11-17 20:40:55.011 [http-nio-8080-exec-10] DEBUG o.s.s.w.s.HttpSessionRequestCache - Saved request http://localhost:8080/error?continue to session
2025-11-17 20:40:55.011 [http-nio-8080-exec-10] DEBUG o.s.s.web.DefaultRedirectStrategy - Redirecting to http://localhost:8080/login
2025-11-17 20:40:55.014 [http-nio-8080-exec-1] DEBUG o.s.security.web.FilterChainProxy - Securing GET /login
2025-11-17 20:40:55.014 [http-nio-8080-exec-1] DEBUG o.s.security.web.FilterChainProxy - Secured GET /login
2025-11-17 20:40:55.015 [http-nio-8080-exec-1] DEBUG o.s.s.w.a.AnonymousAuthenticationFilter - Set SecurityContextHolder to anonymous SecurityContext
2025-11-17 20:40:55.015 [http-nio-8080-exec-1] DEBUG o.s.security.web.FilterChainProxy - Securing GET /error
2025-11-17 20:40:55.015 [http-nio-8080-exec-1] DEBUG o.s.s.w.a.AnonymousAuthenticationFilter - Set SecurityContextHolder to anonymous SecurityContext
2025-11-17 20:40:55.015 [http-nio-8080-exec-1] DEBUG o.s.s.w.s.HttpSessionRequestCache - Saved request http://localhost:8080/error?continue to session
2025-11-17 20:40:55.016 [http-nio-8080-exec-1] DEBUG o.s.s.web.DefaultRedirectStrategy - Redirecting to http://localhost:8080/login
2025-11-17 20:40:55.019 [http-nio-8080-exec-2] DEBUG o.s.security.web.FilterChainProxy - Securing GET /login
2025-11-17 20:40:55.019 [http-nio-8080-exec-2] DEBUG o.s.security.web.FilterChainProxy - Secured GET /login
2025-11-17 20:40:55.019 [http-nio-8080-exec-2] DEBUG o.s.s.w.a.AnonymousAuthenticationFilter - Set SecurityContextHolder to anonymous SecurityContext
2025-11-17 20:40:55.020 [http-nio-8080-exec-2] DEBUG o.s.security.web.FilterChainProxy - Securing GET /error
2025-11-17 20:40:55.020 [http-nio-8080-exec-2] DEBUG o.s.s.w.a.AnonymousAuthenticationFilter - Set SecurityContextHolder to anonymous SecurityContext
2025-11-17 20:40:55.020 [http-nio-8080-exec-2] DEBUG o.s.s.w.s.HttpSessionRequestCache - Saved request http://localhost:8080/error?continue to session
2025-11-17 20:40:55.020 [http-nio-8080-exec-2] DEBUG o.s.s.web.DefaultRedirectStrategy - Redirecting to http://localhost:8080/login
2025-11-17 20:40:55.022 [http-nio-8080-exec-3] DEBUG o.s.security.web.FilterChainProxy - Securing GET /login
2025-11-17 20:40:55.022 [http-nio-8080-exec-3] DEBUG o.s.security.web.FilterChainProxy - Secured GET /login
2025-11-17 20:40:55.023 [http-nio-8080-exec-3] DEBUG o.s.s.w.a.AnonymousAuthenticationFilter - Set SecurityContextHolder to anonymous SecurityContext
2025-11-17 20:40:55.023 [http-nio-8080-exec-3] DEBUG o.s.security.web.FilterChainProxy - Securing GET /error
2025-11-17 20:40:55.023 [http-nio-8080-exec-3] DEBUG o.s.s.w.a.AnonymousAuthenticationFilter - Set SecurityContextHolder to anonymous SecurityContext
2025-11-17 20:40:55.023 [http-nio-8080-exec-3] DEBUG o.s.s.w.s.HttpSessionRequestCache - Saved request http://localhost:8080/error?continue to session
2025-11-17 20:40:55.023 [http-nio-8080-exec-3] DEBUG o.s.s.web.DefaultRedirectStrategy - Redirecting to http://localhost:8080/login
2025-11-17 20:40:55.025 [http-nio-8080-exec-4] DEBUG o.s.security.web.FilterChainProxy - Securing GET /login
2025-11-17 20:40:55.026 [http-nio-8080-exec-4] DEBUG o.s.security.web.FilterChainProxy - Secured GET /login
2025-11-17 20:40:55.026 [http-nio-8080-exec-4] DEBUG o.s.s.w.a.AnonymousAuthenticationFilter - Set SecurityContextHolder to anonymous SecurityContext
2025-11-17 20:40:55.026 [http-nio-8080-exec-4] DEBUG o.s.security.web.FilterChainProxy - Securing GET /error
2025-11-17 20:40:55.027 [http-nio-8080-exec-4] DEBUG o.s.s.w.a.AnonymousAuthenticationFilter - Set SecurityContextHolder to anonymous SecurityContext
2025-11-17 20:40:55.027 [http-nio-8080-exec-4] DEBUG o.s.s.w.s.HttpSessionRequestCache - Saved request http://localhost:8080/error?continue to session
2025-11-17 20:40:55.027 [http-nio-8080-exec-4] DEBUG o.s.s.web.DefaultRedirectStrategy - Redirecting to http://localhost:8080/login
2025-11-17 20:40:55.029 [http-nio-8080-exec-5] DEBUG o.s.security.web.FilterChainProxy - Securing GET /login
2025-11-17 20:40:55.029 [http-nio-8080-exec-5] DEBUG o.s.security.web.FilterChainProxy - Secured GET /login
2025-11-17 20:40:55.029 [http-nio-8080-exec-5] DEBUG o.s.s.w.a.AnonymousAuthenticationFilter - Set SecurityContextHolder to anonymous SecurityContext
2025-11-17 20:40:55.030 [http-nio-8080-exec-5] DEBUG o.s.security.web.FilterChainProxy - Securing GET /error
2025-11-17 20:40:55.030 [http-nio-8080-exec-5] DEBUG o.s.s.w.a.AnonymousAuthenticationFilter - Set SecurityContextHolder to anonymous SecurityContext
2025-11-17 20:40:55.030 [http-nio-8080-exec-5] DEBUG o.s.s.w.s.HttpSessionRequestCache - Saved request http://localhost:8080/error?continue to session
2025-11-17 20:40:55.030 [http-nio-8080-exec-5] DEBUG o.s.s.web.DefaultRedirectStrategy - Redirecting to http://localhost:8080/login
2025-11-17 20:40:55.034 [http-nio-8080-exec-6] DEBUG o.s.security.web.FilterChainProxy - Securing GET /login
2025-11-17 20:40:55.034 [http-nio-8080-exec-6] DEBUG o.s.security.web.FilterChainProxy - Secured GET /login
2025-11-17 20:40:55.035 [http-nio-8080-exec-6] DEBUG o.s.s.w.a.AnonymousAuthenticationFilter - Set SecurityContextHolder to anonymous SecurityContext
2025-11-17 20:40:55.035 [http-nio-8080-exec-6] DEBUG o.s.security.web.FilterChainProxy - Securing GET /error
2025-11-17 20:40:55.035 [http-nio-8080-exec-6] DEBUG o.s.s.w.a.AnonymousAuthenticationFilter - Set SecurityContextHolder to anonymous SecurityContext
2025-11-17 20:40:55.035 [http-nio-8080-exec-6] DEBUG o.s.s.w.s.HttpSessionRequestCache - Saved request http://localhost:8080/error?continue to session
2025-11-17 20:40:55.035 [http-nio-8080-exec-6] DEBUG o.s.s.web.DefaultRedirectStrategy - Redirecting to http://localhost:8080/login
2025-11-17 20:40:55.037 [http-nio-8080-exec-7] DEBUG o.s.security.web.FilterChainProxy - Securing GET /login
2025-11-17 20:40:55.037 [http-nio-8080-exec-7] DEBUG o.s.security.web.FilterChainProxy - Secured GET /login
2025-11-17 20:40:55.038 [http-nio-8080-exec-7] DEBUG o.s.s.w.a.AnonymousAuthenticationFilter - Set SecurityContextHolder to anonymous SecurityContext
2025-11-17 20:40:55.038 [http-nio-8080-exec-7] DEBUG o.s.security.web.FilterChainProxy - Securing GET /error
2025-11-17 20:40:55.038 [http-nio-8080-exec-7] DEBUG o.s.s.w.a.AnonymousAuthenticationFilter - Set SecurityContextHolder to anonymous SecurityContext
2025-11-17 20:40:55.038 [http-nio-8080-exec-7] DEBUG o.s.s.w.s.HttpSessionRequestCache - Saved request http://localhost:8080/error?continue to session
2025-11-17 20:40:55.038 [http-nio-8080-exec-7] DEBUG o.s.s.web.DefaultRedirectStrategy - Redirecting to http://localhost:8080/login
2025-11-17 20:40:55.040 [http-nio-8080-exec-8] DEBUG o.s.security.web.FilterChainProxy - Securing GET /login
2025-11-17 20:40:55.040 [http-nio-8080-exec-8] DEBUG o.s.security.web.FilterChainProxy - Secured GET /login
2025-11-17 20:40:55.040 [http-nio-8080-exec-8] DEBUG o.s.s.w.a.AnonymousAuthenticationFilter - Set SecurityContextHolder to anonymous SecurityContext
2025-11-17 20:40:55.041 [http-nio-8080-exec-8] DEBUG o.s.security.web.FilterChainProxy - Securing GET /error
2025-11-17 20:40:55.041 [http-nio-8080-exec-8] DEBUG o.s.s.w.a.AnonymousAuthenticationFilter - Set SecurityContextHolder to anonymous SecurityContext
2025-11-17 20:40:55.042 [http-nio-8080-exec-8] DEBUG o.s.s.w.s.HttpSessionRequestCache - Saved request http://localhost:8080/error?continue to session
2025-11-17 20:40:55.042 [http-nio-8080-exec-8] DEBUG o.s.s.web.DefaultRedirectStrategy - Redirecting to http://localhost:8080/login
2025-11-17 20:40:55.043 [http-nio-8080-exec-9] DEBUG o.s.security.web.FilterChainProxy - Securing GET /login
2025-11-17 20:40:55.044 [http-nio-8080-exec-9] DEBUG o.s.security.web.FilterChainProxy - Secured GET /login
2025-11-17 20:40:55.044 [http-nio-8080-exec-9] DEBUG o.s.s.w.a.AnonymousAuthenticationFilter - Set SecurityContextHolder to anonymous SecurityContext
2025-11-17 20:40:55.044 [http-nio-8080-exec-9] DEBUG o.s.security.web.FilterChainProxy - Securing GET /error
2025-11-17 20:40:55.045 [http-nio-8080-exec-9] DEBUG o.s.s.w.a.AnonymousAuthenticationFilter - Set SecurityContextHolder to anonymous SecurityContext
2025-11-17 20:40:55.045 [http-nio-8080-exec-9] DEBUG o.s.s.w.s.HttpSessionRequestCache - Saved request http://localhost:8080/error?continue to session
2025-11-17 20:40:55.045 [http-nio-8080-exec-9] DEBUG o.s.s.web.DefaultRedirectStrategy - Redirecting to http://localhost:8080/login
2025-11-17 20:40:55.048 [http-nio-8080-exec-10] DEBUG o.s.security.web.FilterChainProxy - Securing GET /login
2025-11-17 20:40:55.048 [http-nio-8080-exec-10] DEBUG o.s.security.web.FilterChainProxy - Secured GET /login
2025-11-17 20:40:55.048 [http-nio-8080-exec-10] DEBUG o.s.s.w.a.AnonymousAuthenticationFilter - Set SecurityContextHolder to anonymous SecurityContext
2025-11-17 20:40:55.049 [http-nio-8080-exec-10] DEBUG o.s.security.web.FilterChainProxy - Securing GET /error
2025-11-17 20:40:55.049 [http-nio-8080-exec-10] DEBUG o.s.s.w.a.AnonymousAuthenticationFilter - Set SecurityContextHolder to anonymous SecurityContext
2025-11-17 20:40:55.049 [http-nio-8080-exec-10] DEBUG o.s.s.w.s.HttpSessionRequestCache - Saved request http://localhost:8080/error?continue to session
2025-11-17 20:40:55.049 [http-nio-8080-exec-10] DEBUG o.s.s.web.DefaultRedirectStrategy - Redirecting to http://localhost:8080/login
2025-11-17 20:40:56.083 [http-nio-8080-exec-1] DEBUG o.s.security.web.FilterChainProxy - Securing GET /login
2025-11-17 20:40:56.084 [http-nio-8080-exec-1] DEBUG o.s.security.web.FilterChainProxy - Secured GET /login
2025-11-17 20:40:56.086 [http-nio-8080-exec-1] DEBUG o.s.s.w.a.AnonymousAuthenticationFilter - Set SecurityContextHolder to anonymous SecurityContext
2025-11-17 20:40:56.087 [http-nio-8080-exec-1] DEBUG o.s.security.web.FilterChainProxy - Securing GET /error
2025-11-17 20:40:56.087 [http-nio-8080-exec-1] DEBUG o.s.s.w.a.AnonymousAuthenticationFilter - Set SecurityContextHolder to anonymous SecurityContext
2025-11-17 20:40:56.088 [http-nio-8080-exec-1] DEBUG o.s.s.w.s.HttpSessionRequestCache - Saved request http://localhost:8080/error?continue to session
2025-11-17 20:40:56.088 [http-nio-8080-exec-1] DEBUG o.s.s.web.DefaultRedirectStrategy - Redirecting to http://localhost:8080/login
2025-11-17 20:40:56.092 [http-nio-8080-exec-2] DEBUG o.s.security.web.FilterChainProxy - Securing GET /login
2025-11-17 20:40:56.093 [http-nio-8080-exec-2] DEBUG o.s.security.web.FilterChainProxy - Secured GET /login
2025-11-17 20:40:56.094 [http-nio-8080-exec-2] DEBUG o.s.s.w.a.AnonymousAuthenticationFilter - Set SecurityContextHolder to anonymous SecurityContext
2025-11-17 20:40:56.095 [http-nio-8080-exec-2] DEBUG o.s.security.web.FilterChainProxy - Securing GET /error
2025-11-17 20:40:56.095 [http-nio-8080-exec-2] DEBUG o.s.s.w.a.AnonymousAuthenticationFilter - Set SecurityContextHolder to anonymous SecurityContext
2025-11-17 20:40:56.096 [http-nio-8080-exec-2] DEBUG o.s.s.w.s.HttpSessionRequestCache - Saved request http://localhost:8080/error?continue to session
2025-11-17 20:40:56.096 [http-nio-8080-exec-2] DEBUG o.s.s.web.DefaultRedirectStrategy - Redirecting to http://localhost:8080/login
2025-11-17 20:40:56.100 [http-nio-8080-exec-3] DEBUG o.s.security.web.FilterChainProxy - Securing GET /login
2025-11-17 20:40:56.101 [http-nio-8080-exec-3] DEBUG o.s.security.web.FilterChainProxy - Secured GET /login
2025-11-17 20:40:56.102 [http-nio-8080-exec-3] DEBUG o.s.s.w.a.AnonymousAuthenticationFilter - Set SecurityContextHolder to anonymous SecurityContext
2025-11-17 20:40:56.102 [http-nio-8080-exec-3] DEBUG o.s.security.web.FilterChainProxy - Securing GET /error
2025-11-17 20:40:56.103 [http-nio-8080-exec-3] DEBUG o.s.s.w.a.AnonymousAuthenticationFilter - Set SecurityContextHolder to anonymous SecurityContext
2025-11-17 20:40:56.103 [http-nio-8080-exec-3] DEBUG o.s.s.w.s.HttpSessionRequestCache - Saved request http://localhost:8080/error?continue to session
2025-11-17 20:40:56.103 [http-nio-8080-exec-3] DEBUG o.s.s.web.DefaultRedirectStrategy - Redirecting to http://localhost:8080/login
2025-11-17 20:40:56.107 [http-nio-8080-exec-4] DEBUG o.s.security.web.FilterChainProxy - Securing GET /login
2025-11-17 20:40:56.107 [http-nio-8080-exec-4] DEBUG o.s.security.web.FilterChainProxy - Secured GET /login
2025-11-17 20:40:56.108 [http-nio-8080-exec-4] DEBUG o.s.s.w.a.AnonymousAuthenticationFilter - Set SecurityContextHolder to anonymous SecurityContext
2025-11-17 20:40:56.109 [http-nio-8080-exec-4] DEBUG o.s.security.web.FilterChainProxy - Securing GET /error
2025-11-17 20:40:56.109 [http-nio-8080-exec-4] DEBUG o.s.s.w.a.AnonymousAuthenticationFilter - Set SecurityContextHolder to anonymous SecurityContext
2025-11-17 20:40:56.109 [http-nio-8080-exec-4] DEBUG o.s.s.w.s.HttpSessionRequestCache - Saved request http://localhost:8080/error?continue to session
2025-11-17 20:40:56.110 [http-nio-8080-exec-4] DEBUG o.s.s.web.DefaultRedirectStrategy - Redirecting to http://localhost:8080/login
2025-11-17 20:40:56.113 [http-nio-8080-exec-5] DEBUG o.s.security.web.FilterChainProxy - Securing GET /login
2025-11-17 20:40:56.113 [http-nio-8080-exec-5] DEBUG o.s.security.web.FilterChainProxy - Secured GET /login
2025-11-17 20:40:56.114 [http-nio-8080-exec-5] DEBUG o.s.s.w.a.AnonymousAuthenticationFilter - Set SecurityContextHolder to anonymous SecurityContext
2025-11-17 20:40:56.114 [http-nio-8080-exec-5] DEBUG o.s.security.web.FilterChainProxy - Securing GET /error
2025-11-17 20:40:56.115 [http-nio-8080-exec-5] DEBUG o.s.s.w.a.AnonymousAuthenticationFilter - Set SecurityContextHolder to anonymous SecurityContext
2025-11-17 20:40:56.115 [http-nio-8080-exec-5] DEBUG o.s.s.w.s.HttpSessionRequestCache - Saved request http://localhost:8080/error?continue to session
2025-11-17 20:40:56.115 [http-nio-8080-exec-5] DEBUG o.s.s.web.DefaultRedirectStrategy - Redirecting to http://localhost:8080/login
2025-11-17 20:40:56.119 [http-nio-8080-exec-6] DEBUG o.s.security.web.FilterChainProxy - Securing GET /login
2025-11-17 20:40:56.119 [http-nio-8080-exec-6] DEBUG o.s.security.web.FilterChainProxy - Secured GET /login
2025-11-17 20:40:56.120 [http-nio-8080-exec-6] DEBUG o.s.s.w.a.AnonymousAuthenticationFilter - Set SecurityContextHolder to anonymous SecurityContext
2025-11-17 20:40:56.121 [http-nio-8080-exec-6] DEBUG o.s.security.web.FilterChainProxy - Securing GET /error
2025-11-17 20:40:56.121 [http-nio-8080-exec-6] DEBUG o.s.s.w.a.AnonymousAuthenticationFilter - Set SecurityContextHolder to anonymous SecurityContext
2025-11-17 20:40:56.121 [http-nio-8080-exec-6] DEBUG o.s.s.w.s.HttpSessionRequestCache - Saved request http://localhost:8080/error?continue to session
2025-11-17 20:40:56.121 [http-nio-8080-exec-6] DEBUG o.s.s.web.DefaultRedirectStrategy - Redirecting to http://localhost:8080/login
2025-11-17 20:40:56.124 [http-nio-8080-exec-7] DEBUG o.s.security.web.FilterChainProxy - Securing GET /login
2025-11-17 20:40:56.124 [http-nio-8080-exec-7] DEBUG o.s.security.web.FilterChainProxy - Secured GET /login
2025-11-17 20:40:56.125 [http-nio-8080-exec-7] DEBUG o.s.s.w.a.AnonymousAuthenticationFilter - Set SecurityContextHolder to anonymous SecurityContext
2025-11-17 20:40:56.125 [http-nio-8080-exec-7] DEBUG o.s.security.web.FilterChainProxy - Securing GET /error
2025-11-17 20:40:56.125 [http-nio-8080-exec-7] DEBUG o.s.s.w.a.AnonymousAuthenticationFilter - Set SecurityContextHolder to anonymous SecurityContext
2025-11-17 20:40:56.126 [http-nio-8080-exec-7] DEBUG o.s.s.w.s.HttpSessionRequestCache - Saved request http://localhost:8080/error?continue to session
2025-11-17 20:40:56.126 [http-nio-8080-exec-7] DEBUG o.s.s.web.DefaultRedirectStrategy - Redirecting to http://localhost:8080/login
2025-11-17 20:40:56.128 [http-nio-8080-exec-8] DEBUG o.s.security.web.FilterChainProxy - Securing GET /login
2025-11-17 20:40:56.129 [http-nio-8080-exec-8] DEBUG o.s.security.web.FilterChainProxy - Secured GET /login
2025-11-17 20:40:56.129 [http-nio-8080-exec-8] DEBUG o.s.s.w.a.AnonymousAuthenticationFilter - Set SecurityContextHolder to anonymous SecurityContext
2025-11-17 20:40:56.130 [http-nio-8080-exec-8] DEBUG o.s.security.web.FilterChainProxy - Securing GET /error
2025-11-17 20:40:56.130 [http-nio-8080-exec-8] DEBUG o.s.s.w.a.AnonymousAuthenticationFilter - Set SecurityContextHolder to anonymous SecurityContext
2025-11-17 20:40:56.131 [http-nio-8080-exec-8] DEBUG o.s.s.w.s.HttpSessionRequestCache - Saved request http://localhost:8080/error?continue to session
2025-11-17 20:40:56.131 [http-nio-8080-exec-8] DEBUG o.s.s.web.DefaultRedirectStrategy - Redirecting to http://localhost:8080/login
2025-11-17 20:40:56.134 [http-nio-8080-exec-9] DEBUG o.s.security.web.FilterChainProxy - Securing GET /login
2025-11-17 20:40:56.134 [http-nio-8080-exec-9] DEBUG o.s.security.web.FilterChainProxy - Secured GET /login
2025-11-17 20:40:56.135 [http-nio-8080-exec-9] DEBUG o.s.s.w.a.AnonymousAuthenticationFilter - Set SecurityContextHolder to anonymous SecurityContext
2025-11-17 20:40:56.135 [http-nio-8080-exec-9] DEBUG o.s.security.web.FilterChainProxy - Securing GET /error
2025-11-17 20:40:56.135 [http-nio-8080-exec-9] DEBUG o.s.s.w.a.AnonymousAuthenticationFilter - Set SecurityContextHolder to anonymous SecurityContext
2025-11-17 20:40:56.136 [http-nio-8080-exec-9] DEBUG o.s.s.w.s.HttpSessionRequestCache - Saved request http://localhost:8080/error?continue to session
2025-11-17 20:40:56.136 [http-nio-8080-exec-9] DEBUG o.s.s.web.DefaultRedirectStrategy - Redirecting to http://localhost:8080/login
2025-11-17 20:40:56.138 [http-nio-8080-exec-10] DEBUG o.s.security.web.FilterChainProxy - Securing GET /login
2025-11-17 20:40:56.139 [http-nio-8080-exec-10] DEBUG o.s.security.web.FilterChainProxy - Secured GET /login
2025-11-17 20:40:56.139 [http-nio-8080-exec-10] DEBUG o.s.s.w.a.AnonymousAuthenticationFilter - Set SecurityContextHolder to anonymous SecurityContext
2025-11-17 20:40:56.140 [http-nio-8080-exec-10] DEBUG o.s.security.web.FilterChainProxy - Securing GET /error
2025-11-17 20:40:56.140 [http-nio-8080-exec-10] DEBUG o.s.s.w.a.AnonymousAuthenticationFilter - Set SecurityContextHolder to anonymous SecurityContext
2025-11-17 20:40:56.140 [http-nio-8080-exec-10] DEBUG o.s.s.w.s.HttpSessionRequestCache - Saved request http://localhost:8080/error?continue to session
2025-11-17 20:40:56.140 [http-nio-8080-exec-10] DEBUG o.s.s.web.DefaultRedirectStrategy - Redirecting to http://localhost:8080/login
2025-11-17 20:40:56.143 [http-nio-8080-exec-1] DEBUG o.s.security.web.FilterChainProxy - Securing GET /login
2025-11-17 20:40:56.143 [http-nio-8080-exec-1] DEBUG o.s.security.web.FilterChainProxy - Secured GET /login
2025-11-17 20:40:56.143 [http-nio-8080-exec-1] DEBUG o.s.s.w.a.AnonymousAuthenticationFilter - Set SecurityContextHolder to anonymous SecurityContext
2025-11-17 20:40:56.144 [http-nio-8080-exec-1] DEBUG o.s.security.web.FilterChainProxy - Securing GET /error
2025-11-17 20:40:56.144 [http-nio-8080-exec-1] DEBUG o.s.s.w.a.AnonymousAuthenticationFilter - Set SecurityContextHolder to anonymous SecurityContext
2025-11-17 20:40:56.144 [http-nio-8080-exec-1] DEBUG o.s.s.w.s.HttpSessionRequestCache - Saved request http://localhost:8080/error?continue to session
2025-11-17 20:40:56.144 [http-nio-8080-exec-1] DEBUG o.s.s.web.DefaultRedirectStrategy - Redirecting to http://localhost:8080/login
2025-11-17 20:40:56.146 [http-nio-8080-exec-2] DEBUG o.s.security.web.FilterChainProxy - Securing GET /login
2025-11-17 20:40:56.146 [http-nio-8080-exec-2] DEBUG o.s.security.web.FilterChainProxy - Secured GET /login
2025-11-17 20:40:56.147 [http-nio-8080-exec-2] DEBUG o.s.s.w.a.AnonymousAuthenticationFilter - Set SecurityContextHolder to anonymous SecurityContext
2025-11-17 20:40:56.147 [http-nio-8080-exec-2] DEBUG o.s.security.web.FilterChainProxy - Securing GET /error
2025-11-17 20:40:56.147 [http-nio-8080-exec-2] DEBUG o.s.s.w.a.AnonymousAuthenticationFilter - Set SecurityContextHolder to anonymous SecurityContext
2025-11-17 20:40:56.148 [http-nio-8080-exec-2] DEBUG o.s.s.w.s.HttpSessionRequestCache - Saved request http://localhost:8080/error?continue to session
2025-11-17 20:40:56.148 [http-nio-8080-exec-2] DEBUG o.s.s.web.DefaultRedirectStrategy - Redirecting to http://localhost:8080/login
2025-11-17 20:40:56.150 [http-nio-8080-exec-3] DEBUG o.s.security.web.FilterChainProxy - Securing GET /login
2025-11-17 20:40:56.151 [http-nio-8080-exec-3] DEBUG o.s.security.web.FilterChainProxy - Secured GET /login
2025-11-17 20:40:56.152 [http-nio-8080-exec-3] DEBUG o.s.s.w.a.AnonymousAuthenticationFilter - Set SecurityContextHolder to anonymous SecurityContext
2025-11-17 20:40:56.152 [http-nio-8080-exec-3] DEBUG o.s.security.web.FilterChainProxy - Securing GET /error
2025-11-17 20:40:56.153 [http-nio-8080-exec-3] DEBUG o.s.s.w.a.AnonymousAuthenticationFilter - Set SecurityContextHolder to anonymous SecurityContext
2025-11-17 20:40:56.153 [http-nio-8080-exec-3] DEBUG o.s.s.w.s.HttpSessionRequestCache - Saved request http://localhost:8080/error?continue to session
2025-11-17 20:40:56.153 [http-nio-8080-exec-3] DEBUG o.s.s.web.DefaultRedirectStrategy - Redirecting to http://localhost:8080/login
2025-11-17 20:40:56.155 [http-nio-8080-exec-4] DEBUG o.s.security.web.FilterChainProxy - Securing GET /login
2025-11-17 20:40:56.155 [http-nio-8080-exec-4] DEBUG o.s.security.web.FilterChainProxy - Secured GET /login
2025-11-17 20:40:56.156 [http-nio-8080-exec-4] DEBUG o.s.s.w.a.AnonymousAuthenticationFilter - Set SecurityContextHolder to anonymous SecurityContext
2025-11-17 20:40:56.156 [http-nio-8080-exec-4] DEBUG o.s.security.web.FilterChainProxy - Securing GET /error
2025-11-17 20:40:56.156 [http-nio-8080-exec-4] DEBUG o.s.s.w.a.AnonymousAuthenticationFilter - Set SecurityContextHolder to anonymous SecurityContext
2025-11-17 20:40:56.156 [http-nio-8080-exec-4] DEBUG o.s.s.w.s.HttpSessionRequestCache - Saved request http://localhost:8080/error?continue to session
2025-11-17 20:40:56.156 [http-nio-8080-exec-4] DEBUG o.s.s.web.DefaultRedirectStrategy - Redirecting to http://localhost:8080/login
2025-11-17 20:40:56.158 [http-nio-8080-exec-5] DEBUG o.s.security.web.FilterChainProxy - Securing GET /login
2025-11-17 20:40:56.159 [http-nio-8080-exec-5] DEBUG o.s.security.web.FilterChainProxy - Secured GET /login
2025-11-17 20:40:56.159 [http-nio-8080-exec-5] DEBUG o.s.s.w.a.AnonymousAuthenticationFilter - Set SecurityContextHolder to anonymous SecurityContext
2025-11-17 20:40:56.160 [http-nio-8080-exec-5] DEBUG o.s.security.web.FilterChainProxy - Securing GET /error
2025-11-17 20:40:56.160 [http-nio-8080-exec-5] DEBUG o.s.s.w.a.AnonymousAuthenticationFilter - Set SecurityContextHolder to anonymous SecurityContext
2025-11-17 20:40:56.160 [http-nio-8080-exec-5] DEBUG o.s.s.w.s.HttpSessionRequestCache - Saved request http://localhost:8080/error?continue to session
2025-11-17 20:40:56.160 [http-nio-8080-exec-5] DEBUG o.s.s.web.DefaultRedirectStrategy - Redirecting to http://localhost:8080/login
2025-11-17 20:40:56.163 [http-nio-8080-exec-6] DEBUG o.s.security.web.FilterChainProxy - Securing GET /login
2025-11-17 20:40:56.164 [http-nio-8080-exec-6] DEBUG o.s.security.web.FilterChainProxy - Secured GET /login
2025-11-17 20:40:56.164 [http-nio-8080-exec-6] DEBUG o.s.s.w.a.AnonymousAuthenticationFilter - Set SecurityContextHolder to anonymous SecurityContext
2025-11-17 20:40:56.165 [http-nio-8080-exec-6] DEBUG o.s.security.web.FilterChainProxy - Securing GET /error
2025-11-17 20:40:56.165 [http-nio-8080-exec-6] DEBUG o.s.s.w.a.AnonymousAuthenticationFilter - Set SecurityContextHolder to anonymous SecurityContext
2025-11-17 20:40:56.166 [http-nio-8080-exec-6] DEBUG o.s.s.w.s.HttpSessionRequestCache - Saved request http://localhost:8080/error?continue to session
2025-11-17 20:40:56.166 [http-nio-8080-exec-6] DEBUG o.s.s.web.DefaultRedirectStrategy - Redirecting to http://localhost:8080/login
2025-11-17 20:40:56.168 [http-nio-8080-exec-7] DEBUG o.s.security.web.FilterChainProxy - Securing GET /login
2025-11-17 20:40:56.168 [http-nio-8080-exec-7] DEBUG o.s.security.web.FilterChainProxy - Secured GET /login
2025-11-17 20:40:56.169 [http-nio-8080-exec-7] DEBUG o.s.s.w.a.AnonymousAuthenticationFilter - Set SecurityContextHolder to anonymous SecurityContext
2025-11-17 20:40:56.169 [http-nio-8080-exec-7] DEBUG o.s.security.web.FilterChainProxy - Securing GET /error
2025-11-17 20:40:56.169 [http-nio-8080-exec-7] DEBUG o.s.s.w.a.AnonymousAuthenticationFilter - Set SecurityContextHolder to anonymous SecurityContext
2025-11-17 20:40:56.170 [http-nio-8080-exec-7] DEBUG o.s.s.w.s.HttpSessionRequestCache - Saved request http://localhost:8080/error?continue to session
2025-11-17 20:40:56.170 [http-nio-8080-exec-7] DEBUG o.s.s.web.DefaultRedirectStrategy - Redirecting to http://localhost:8080/login
2025-11-17 20:40:56.172 [http-nio-8080-exec-8] DEBUG o.s.security.web.FilterChainProxy - Securing GET /login
2025-11-17 20:40:56.172 [http-nio-8080-exec-8] DEBUG o.s.security.web.FilterChainProxy - Secured GET /login
2025-11-17 20:40:56.172 [http-nio-8080-exec-8] DEBUG o.s.s.w.a.AnonymousAuthenticationFilter - Set SecurityContextHolder to anonymous SecurityContext
2025-11-17 20:40:56.172 [http-nio-8080-exec-8] DEBUG o.s.security.web.FilterChainProxy - Securing GET /error
2025-11-17 20:40:56.172 [http-nio-8080-exec-8] DEBUG o.s.s.w.a.AnonymousAuthenticationFilter - Set SecurityContextHolder to anonymous SecurityContext
2025-11-17 20:40:56.173 [http-nio-8080-exec-8] DEBUG o.s.s.w.s.HttpSessionRequestCache - Saved request http://localhost:8080/error?continue to session
2025-11-17 20:40:56.173 [http-nio-8080-exec-8] DEBUG o.s.s.web.DefaultRedirectStrategy - Redirecting to http://localhost:8080/login
2025-11-17 20:40:56.174 [http-nio-8080-exec-9] DEBUG o.s.security.web.FilterChainProxy - Securing GET /login
2025-11-17 20:40:56.175 [http-nio-8080-exec-9] DEBUG o.s.security.web.FilterChainProxy - Secured GET /login
2025-11-17 20:40:56.175 [http-nio-8080-exec-9] DEBUG o.s.s.w.a.AnonymousAuthenticationFilter - Set SecurityContextHolder to anonymous SecurityContext
2025-11-17 20:40:56.175 [http-nio-8080-exec-9] DEBUG o.s.security.web.FilterChainProxy - Securing GET /error
2025-11-17 20:40:56.176 [http-nio-8080-exec-9] DEBUG o.s.s.w.a.AnonymousAuthenticationFilter - Set SecurityContextHolder to anonymous SecurityContext
2025-11-17 20:40:56.176 [http-nio-8080-exec-9] DEBUG o.s.s.w.s.HttpSessionRequestCache - Saved request http://localhost:8080/error?continue to session
2025-11-17 20:40:56.176 [http-nio-8080-exec-9] DEBUG o.s.s.web.DefaultRedirectStrategy - Redirecting to http://localhost:8080/login
2025-11-17 20:40:56.178 [http-nio-8080-exec-10] DEBUG o.s.security.web.FilterChainProxy - Securing GET /login
2025-11-17 20:40:56.178 [http-nio-8080-exec-10] DEBUG o.s.security.web.FilterChainProxy - Secured GET /login
2025-11-17 20:40:56.178 [http-nio-8080-exec-10] DEBUG o.s.s.w.a.AnonymousAuthenticationFilter - Set SecurityContextHolder to anonymous SecurityContext
2025-11-17 20:40:56.178 [http-nio-8080-exec-10] DEBUG o.s.security.web.FilterChainProxy - Securing GET /error
2025-11-17 20:40:56.178 [http-nio-8080-exec-10] DEBUG o.s.s.w.a.AnonymousAuthenticationFilter - Set SecurityContextHolder to anonymous SecurityContext
2025-11-17 20:40:56.179 [http-nio-8080-exec-10] DEBUG o.s.s.w.s.HttpSessionRequestCache - Saved request http://localhost:8080/error?continue to session
2025-11-17 20:40:56.179 [http-nio-8080-exec-10] DEBUG o.s.s.web.DefaultRedirectStrategy - Redirecting to http://localhost:8080/login
2025-11-17 20:40:57.757 [http-nio-8080-exec-1] DEBUG o.s.security.web.FilterChainProxy - Securing GET /games
2025-11-17 20:40:57.757 [http-nio-8080-exec-1] DEBUG o.s.s.w.a.AnonymousAuthenticationFilter - Set SecurityContextHolder to anonymous SecurityContext
2025-11-17 20:40:57.759 [http-nio-8080-exec-1] DEBUG o.s.s.w.s.HttpSessionRequestCache - Saved request http://localhost:8080/games?continue to session
2025-11-17 20:40:57.759 [http-nio-8080-exec-1] DEBUG o.s.s.web.DefaultRedirectStrategy - Redirecting to http://localhost:8080/login
2025-11-17 20:40:57.763 [http-nio-8080-exec-2] DEBUG o.s.security.web.FilterChainProxy - Securing GET /login
2025-11-17 20:40:57.763 [http-nio-8080-exec-2] DEBUG o.s.security.web.FilterChainProxy - Secured GET /login
2025-11-17 20:40:57.764 [http-nio-8080-exec-2] DEBUG o.s.s.w.a.AnonymousAuthenticationFilter - Set SecurityContextHolder to anonymous SecurityContext
2025-11-17 20:40:57.765 [http-nio-8080-exec-2] DEBUG o.s.security.web.FilterChainProxy - Securing GET /error
2025-11-17 20:40:57.765 [http-nio-8080-exec-2] DEBUG o.s.s.w.a.AnonymousAuthenticationFilter - Set SecurityContextHolder to anonymous SecurityContext
2025-11-17 20:40:57.766 [http-nio-8080-exec-2] DEBUG o.s.s.w.s.HttpSessionRequestCache - Saved request http://localhost:8080/error?continue to session
2025-11-17 20:40:57.766 [http-nio-8080-exec-2] DEBUG o.s.s.web.DefaultRedirectStrategy - Redirecting to http://localhost:8080/login
2025-11-17 20:40:57.769 [http-nio-8080-exec-3] DEBUG o.s.security.web.FilterChainProxy - Securing GET /login
2025-11-17 20:40:57.769 [http-nio-8080-exec-3] DEBUG o.s.security.web.FilterChainProxy - Secured GET /login
2025-11-17 20:40:57.770 [http-nio-8080-exec-3] DEBUG o.s.s.w.a.AnonymousAuthenticationFilter - Set SecurityContextHolder to anonymous SecurityContext
2025-11-17 20:40:57.770 [http-nio-8080-exec-3] DEBUG o.s.security.web.FilterChainProxy - Securing GET /error
2025-11-17 20:40:57.770 [http-nio-8080-exec-3] DEBUG o.s.s.w.a.AnonymousAuthenticationFilter - Set SecurityContextHolder to anonymous SecurityContext
2025-11-17 20:40:57.771 [http-nio-8080-exec-3] DEBUG o.s.s.w.s.HttpSessionRequestCache - Saved request http://localhost:8080/error?continue to session
2025-11-17 20:40:57.771 [http-nio-8080-exec-3] DEBUG o.s.s.web.DefaultRedirectStrategy - Redirecting to http://localhost:8080/login
2025-11-17 20:40:57.773 [http-nio-8080-exec-4] DEBUG o.s.security.web.FilterChainProxy - Securing GET /login
2025-11-17 20:40:57.773 [http-nio-8080-exec-4] DEBUG o.s.security.web.FilterChainProxy - Secured GET /login
2025-11-17 20:40:57.773 [http-nio-8080-exec-4] DEBUG o.s.s.w.a.AnonymousAuthenticationFilter - Set SecurityContextHolder to anonymous SecurityContext
2025-11-17 20:40:57.774 [http-nio-8080-exec-4] DEBUG o.s.security.web.FilterChainProxy - Securing GET /error
2025-11-17 20:40:57.774 [http-nio-8080-exec-4] DEBUG o.s.s.w.a.AnonymousAuthenticationFilter - Set SecurityContextHolder to anonymous SecurityContext
2025-11-17 20:40:57.774 [http-nio-8080-exec-4] DEBUG o.s.s.w.s.HttpSessionRequestCache - Saved request http://localhost:8080/error?continue to session
2025-11-17 20:40:57.774 [http-nio-8080-exec-4] DEBUG o.s.s.web.DefaultRedirectStrategy - Redirecting to http://localhost:8080/login
2025-11-17 20:40:57.776 [http-nio-8080-exec-5] DEBUG o.s.security.web.FilterChainProxy - Securing GET /login
2025-11-17 20:40:57.777 [http-nio-8080-exec-5] DEBUG o.s.security.web.FilterChainProxy - Secured GET /login
2025-11-17 20:40:57.777 [http-nio-8080-exec-5] DEBUG o.s.s.w.a.AnonymousAuthenticationFilter - Set SecurityContextHolder to anonymous SecurityContext
2025-11-17 20:40:57.777 [http-nio-8080-exec-5] DEBUG o.s.security.web.FilterChainProxy - Securing GET /error
2025-11-17 20:40:57.777 [http-nio-8080-exec-5] DEBUG o.s.s.w.a.AnonymousAuthenticationFilter - Set SecurityContextHolder to anonymous SecurityContext
2025-11-17 20:40:57.778 [http-nio-8080-exec-5] DEBUG o.s.s.w.s.HttpSessionRequestCache - Saved request http://localhost:8080/error?continue to session
2025-11-17 20:40:57.778 [http-nio-8080-exec-5] DEBUG o.s.s.web.DefaultRedirectStrategy - Redirecting to http://localhost:8080/login
2025-11-17 20:40:57.780 [http-nio-8080-exec-6] DEBUG o.s.security.web.FilterChainProxy - Securing GET /login
2025-11-17 20:40:57.780 [http-nio-8080-exec-6] DEBUG o.s.security.web.FilterChainProxy - Secured GET /login
2025-11-17 20:40:57.780 [http-nio-8080-exec-6] DEBUG o.s.s.w.a.AnonymousAuthenticationFilter - Set SecurityContextHolder to anonymous SecurityContext
2025-11-17 20:40:57.781 [http-nio-8080-exec-6] DEBUG o.s.security.web.FilterChainProxy - Securing GET /error
2025-11-17 20:40:57.781 [http-nio-8080-exec-6] DEBUG o.s.s.w.a.AnonymousAuthenticationFilter - Set SecurityContextHolder to anonymous SecurityContext
2025-11-17 20:40:57.781 [http-nio-8080-exec-6] DEBUG o.s.s.w.s.HttpSessionRequestCache - Saved request http://localhost:8080/error?continue to session
2025-11-17 20:40:57.781 [http-nio-8080-exec-6] DEBUG o.s.s.web.DefaultRedirectStrategy - Redirecting to http://localhost:8080/login
2025-11-17 20:40:57.783 [http-nio-8080-exec-7] DEBUG o.s.security.web.FilterChainProxy - Securing GET /login
2025-11-17 20:40:57.783 [http-nio-8080-exec-7] DEBUG o.s.security.web.FilterChainProxy - Secured GET /login
2025-11-17 20:40:57.784 [http-nio-8080-exec-7] DEBUG o.s.s.w.a.AnonymousAuthenticationFilter - Set SecurityContextHolder to anonymous SecurityContext
2025-11-17 20:40:57.784 [http-nio-8080-exec-7] DEBUG o.s.security.web.FilterChainProxy - Securing GET /error
2025-11-17 20:40:57.785 [http-nio-8080-exec-7] DEBUG o.s.s.w.a.AnonymousAuthenticationFilter - Set SecurityContextHolder to anonymous SecurityContext
2025-11-17 20:40:57.785 [http-nio-8080-exec-7] DEBUG o.s.s.w.s.HttpSessionRequestCache - Saved request http://localhost:8080/error?continue to session
2025-11-17 20:40:57.785 [http-nio-8080-exec-7] DEBUG o.s.s.web.DefaultRedirectStrategy - Redirecting to http://localhost:8080/login
2025-11-17 20:40:57.787 [http-nio-8080-exec-8] DEBUG o.s.security.web.FilterChainProxy - Securing GET /login
2025-11-17 20:40:57.787 [http-nio-8080-exec-8] DEBUG o.s.security.web.FilterChainProxy - Secured GET /login
2025-11-17 20:40:57.788 [http-nio-8080-exec-8] DEBUG o.s.s.w.a.AnonymousAuthenticationFilter - Set SecurityContextHolder to anonymous SecurityContext
2025-11-17 20:40:57.788 [http-nio-8080-exec-8] DEBUG o.s.security.web.FilterChainProxy - Securing GET /error
2025-11-17 20:40:57.788 [http-nio-8080-exec-8] DEBUG o.s.s.w.a.AnonymousAuthenticationFilter - Set SecurityContextHolder to anonymous SecurityContext
2025-11-17 20:40:57.788 [http-nio-8080-exec-8] DEBUG o.s.s.w.s.HttpSessionRequestCache - Saved request http://localhost:8080/error?continue to session
2025-11-17 20:40:57.788 [http-nio-8080-exec-8] DEBUG o.s.s.web.DefaultRedirectStrategy - Redirecting to http://localhost:8080/login
2025-11-17 20:40:57.791 [http-nio-8080-exec-9] DEBUG o.s.security.web.FilterChainProxy - Securing GET /login
2025-11-17 20:40:57.791 [http-nio-8080-exec-9] DEBUG o.s.security.web.FilterChainProxy - Secured GET /login
2025-11-17 20:40:57.791 [http-nio-8080-exec-9] DEBUG o.s.s.w.a.AnonymousAuthenticationFilter - Set SecurityContextHolder to anonymous SecurityContext
2025-11-17 20:40:57.792 [http-nio-8080-exec-9] DEBUG o.s.security.web.FilterChainProxy - Securing GET /error
2025-11-17 20:40:57.792 [http-nio-8080-exec-9] DEBUG o.s.s.w.a.AnonymousAuthenticationFilter - Set SecurityContextHolder to anonymous SecurityContext
2025-11-17 20:40:57.792 [http-nio-8080-exec-9] DEBUG o.s.s.w.s.HttpSessionRequestCache - Saved request http://localhost:8080/error?continue to session
2025-11-17 20:40:57.792 [http-nio-8080-exec-9] DEBUG o.s.s.web.DefaultRedirectStrategy - Redirecting to http://localhost:8080/login
2025-11-17 20:40:57.795 [http-nio-8080-exec-10] DEBUG o.s.security.web.FilterChainProxy - Securing GET /login
2025-11-17 20:40:57.795 [http-nio-8080-exec-10] DEBUG o.s.security.web.FilterChainProxy - Secured GET /login
2025-11-17 20:40:57.795 [http-nio-8080-exec-10] DEBUG o.s.s.w.a.AnonymousAuthenticationFilter - Set SecurityContextHolder to anonymous SecurityContext
2025-11-17 20:40:57.795 [http-nio-8080-exec-10] DEBUG o.s.security.web.FilterChainProxy - Securing GET /error
2025-11-17 20:40:57.795 [http-nio-8080-exec-10] DEBUG o.s.s.w.a.AnonymousAuthenticationFilter - Set SecurityContextHolder to anonymous SecurityContext
2025-11-17 20:40:57.796 [http-nio-8080-exec-10] DEBUG o.s.s.w.s.HttpSessionRequestCache - Saved request http://localhost:8080/error?continue to session
2025-11-17 20:40:57.796 [http-nio-8080-exec-10] DEBUG o.s.s.web.DefaultRedirectStrategy - Redirecting to http://localhost:8080/login
2025-11-17 20:40:57.798 [http-nio-8080-exec-1] DEBUG o.s.security.web.FilterChainProxy - Securing GET /login
2025-11-17 20:40:57.798 [http-nio-8080-exec-1] DEBUG o.s.security.web.FilterChainProxy - Secured GET /login
2025-11-17 20:40:57.798 [http-nio-8080-exec-1] DEBUG o.s.s.w.a.AnonymousAuthenticationFilter - Set SecurityContextHolder to anonymous SecurityContext
2025-11-17 20:40:57.798 [http-nio-8080-exec-1] DEBUG o.s.security.web.FilterChainProxy - Securing GET /error
2025-11-17 20:40:57.799 [http-nio-8080-exec-1] DEBUG o.s.s.w.a.AnonymousAuthenticationFilter - Set SecurityContextHolder to anonymous SecurityContext
2025-11-17 20:40:57.799 [http-nio-8080-exec-1] DEBUG o.s.s.w.s.HttpSessionRequestCache - Saved request http://localhost:8080/error?continue to session
2025-11-17 20:40:57.799 [http-nio-8080-exec-1] DEBUG o.s.s.web.DefaultRedirectStrategy - Redirecting to http://localhost:8080/login
2025-11-17 20:40:57.802 [http-nio-8080-exec-2] DEBUG o.s.security.web.FilterChainProxy - Securing GET /login
2025-11-17 20:40:57.802 [http-nio-8080-exec-2] DEBUG o.s.security.web.FilterChainProxy - Secured GET /login
2025-11-17 20:40:57.803 [http-nio-8080-exec-2] DEBUG o.s.s.w.a.AnonymousAuthenticationFilter - Set SecurityContextHolder to anonymous SecurityContext
2025-11-17 20:40:57.803 [http-nio-8080-exec-2] DEBUG o.s.security.web.FilterChainProxy - Securing GET /error
2025-11-17 20:40:57.803 [http-nio-8080-exec-2] DEBUG o.s.s.w.a.AnonymousAuthenticationFilter - Set SecurityContextHolder to anonymous SecurityContext
2025-11-17 20:40:57.803 [http-nio-8080-exec-2] DEBUG o.s.s.w.s.HttpSessionRequestCache - Saved request http://localhost:8080/error?continue to session
2025-11-17 20:40:57.803 [http-nio-8080-exec-2] DEBUG o.s.s.web.DefaultRedirectStrategy - Redirecting to http://localhost:8080/login
2025-11-17 20:40:57.805 [http-nio-8080-exec-3] DEBUG o.s.security.web.FilterChainProxy - Securing GET /login
2025-11-17 20:40:57.805 [http-nio-8080-exec-3] DEBUG o.s.security.web.FilterChainProxy - Secured GET /login
2025-11-17 20:40:57.806 [http-nio-8080-exec-3] DEBUG o.s.s.w.a.AnonymousAuthenticationFilter - Set SecurityContextHolder to anonymous SecurityContext
2025-11-17 20:40:57.806 [http-nio-8080-exec-3] DEBUG o.s.security.web.FilterChainProxy - Securing GET /error
2025-11-17 20:40:57.806 [http-nio-8080-exec-3] DEBUG o.s.s.w.a.AnonymousAuthenticationFilter - Set SecurityContextHolder to anonymous SecurityContext
2025-11-17 20:40:57.806 [http-nio-8080-exec-3] DEBUG o.s.s.w.s.HttpSessionRequestCache - Saved request http://localhost:8080/error?continue to session
2025-11-17 20:40:57.806 [http-nio-8080-exec-3] DEBUG o.s.s.web.DefaultRedirectStrategy - Redirecting to http://localhost:8080/login
2025-11-17 20:40:57.808 [http-nio-8080-exec-4] DEBUG o.s.security.web.FilterChainProxy - Securing GET /login
2025-11-17 20:40:57.808 [http-nio-8080-exec-4] DEBUG o.s.security.web.FilterChainProxy - Secured GET /login
2025-11-17 20:40:57.809 [http-nio-8080-exec-4] DEBUG o.s.s.w.a.AnonymousAuthenticationFilter - Set SecurityContextHolder to anonymous SecurityContext
2025-11-17 20:40:57.810 [http-nio-8080-exec-4] DEBUG o.s.security.web.FilterChainProxy - Securing GET /error
2025-11-17 20:40:57.810 [http-nio-8080-exec-4] DEBUG o.s.s.w.a.AnonymousAuthenticationFilter - Set SecurityContextHolder to anonymous SecurityContext
2025-11-17 20:40:57.811 [http-nio-8080-exec-4] DEBUG o.s.s.w.s.HttpSessionRequestCache - Saved request http://localhost:8080/error?continue to session
2025-11-17 20:40:57.811 [http-nio-8080-exec-4] DEBUG o.s.s.web.DefaultRedirectStrategy - Redirecting to http://localhost:8080/login
2025-11-17 20:40:57.813 [http-nio-8080-exec-5] DEBUG o.s.security.web.FilterChainProxy - Securing GET /login
2025-11-17 20:40:57.813 [http-nio-8080-exec-5] DEBUG o.s.security.web.FilterChainProxy - Secured GET /login
2025-11-17 20:40:57.813 [http-nio-8080-exec-5] DEBUG o.s.s.w.a.AnonymousAuthenticationFilter - Set SecurityContextHolder to anonymous SecurityContext
2025-11-17 20:40:57.814 [http-nio-8080-exec-5] DEBUG o.s.security.web.FilterChainProxy - Securing GET /error
2025-11-17 20:40:57.814 [http-nio-8080-exec-5] DEBUG o.s.s.w.a.AnonymousAuthenticationFilter - Set SecurityContextHolder to anonymous SecurityContext
2025-11-17 20:40:57.814 [http-nio-8080-exec-5] DEBUG o.s.s.w.s.HttpSessionRequestCache - Saved request http://localhost:8080/error?continue to session
2025-11-17 20:40:57.815 [http-nio-8080-exec-5] DEBUG o.s.s.web.DefaultRedirectStrategy - Redirecting to http://localhost:8080/login
2025-11-17 20:40:57.817 [http-nio-8080-exec-6] DEBUG o.s.security.web.FilterChainProxy - Securing GET /login
2025-11-17 20:40:57.818 [http-nio-8080-exec-6] DEBUG o.s.security.web.FilterChainProxy - Secured GET /login
2025-11-17 20:40:57.818 [http-nio-8080-exec-6] DEBUG o.s.s.w.a.AnonymousAuthenticationFilter - Set SecurityContextHolder to anonymous SecurityContext
2025-11-17 20:40:57.818 [http-nio-8080-exec-6] DEBUG o.s.security.web.FilterChainProxy - Securing GET /error
2025-11-17 20:40:57.819 [http-nio-8080-exec-6] DEBUG o.s.s.w.a.AnonymousAuthenticationFilter - Set SecurityContextHolder to anonymous SecurityContext
2025-11-17 20:40:57.819 [http-nio-8080-exec-6] DEBUG o.s.s.w.s.HttpSessionRequestCache - Saved request http://localhost:8080/error?continue to session
2025-11-17 20:40:57.819 [http-nio-8080-exec-6] DEBUG o.s.s.web.DefaultRedirectStrategy - Redirecting to http://localhost:8080/login
2025-11-17 20:40:57.821 [http-nio-8080-exec-7] DEBUG o.s.security.web.FilterChainProxy - Securing GET /login
2025-11-17 20:40:57.821 [http-nio-8080-exec-7] DEBUG o.s.security.web.FilterChainProxy - Secured GET /login
2025-11-17 20:40:57.821 [http-nio-8080-exec-7] DEBUG o.s.s.w.a.AnonymousAuthenticationFilter - Set SecurityContextHolder to anonymous SecurityContext
2025-11-17 20:40:57.822 [http-nio-8080-exec-7] DEBUG o.s.security.web.FilterChainProxy - Securing GET /error
2025-11-17 20:40:57.822 [http-nio-8080-exec-7] DEBUG o.s.s.w.a.AnonymousAuthenticationFilter - Set SecurityContextHolder to anonymous SecurityContext
2025-11-17 20:40:57.822 [http-nio-8080-exec-7] DEBUG o.s.s.w.s.HttpSessionRequestCache - Saved request http://localhost:8080/error?continue to session
2025-11-17 20:40:57.822 [http-nio-8080-exec-7] DEBUG o.s.s.web.DefaultRedirectStrategy - Redirecting to http://localhost:8080/login
2025-11-17 20:40:57.824 [http-nio-8080-exec-8] DEBUG o.s.security.web.FilterChainProxy - Securing GET /login
2025-11-17 20:40:57.824 [http-nio-8080-exec-8] DEBUG o.s.security.web.FilterChainProxy - Secured GET /login
2025-11-17 20:40:57.824 [http-nio-8080-exec-8] DEBUG o.s.s.w.a.AnonymousAuthenticationFilter - Set SecurityContextHolder to anonymous SecurityContext
2025-11-17 20:40:57.825 [http-nio-8080-exec-8] DEBUG o.s.security.web.FilterChainProxy - Securing GET /error
2025-11-17 20:40:57.825 [http-nio-8080-exec-8] DEBUG o.s.s.w.a.AnonymousAuthenticationFilter - Set SecurityContextHolder to anonymous SecurityContext
2025-11-17 20:40:57.825 [http-nio-8080-exec-8] DEBUG o.s.s.w.s.HttpSessionRequestCache - Saved request http://localhost:8080/error?continue to session
2025-11-17 20:40:57.825 [http-nio-8080-exec-8] DEBUG o.s.s.web.DefaultRedirectStrategy - Redirecting to http://localhost:8080/login
2025-11-17 20:40:57.827 [http-nio-8080-exec-9] DEBUG o.s.security.web.FilterChainProxy - Securing GET /login
2025-11-17 20:40:57.827 [http-nio-8080-exec-9] DEBUG o.s.security.web.FilterChainProxy - Secured GET /login
2025-11-17 20:40:57.827 [http-nio-8080-exec-9] DEBUG o.s.s.w.a.AnonymousAuthenticationFilter - Set SecurityContextHolder to anonymous SecurityContext
2025-11-17 20:40:57.828 [http-nio-8080-exec-9] DEBUG o.s.security.web.FilterChainProxy - Securing GET /error
2025-11-17 20:40:57.828 [http-nio-8080-exec-9] DEBUG o.s.s.w.a.AnonymousAuthenticationFilter - Set SecurityContextHolder to anonymous SecurityContext
2025-11-17 20:40:57.828 [http-nio-8080-exec-9] DEBUG o.s.s.w.s.HttpSessionRequestCache - Saved request http://localhost:8080/error?continue to session
2025-11-17 20:40:57.828 [http-nio-8080-exec-9] DEBUG o.s.s.web.DefaultRedirectStrategy - Redirecting to http://localhost:8080/login
2025-11-17 20:40:57.830 [http-nio-8080-exec-10] DEBUG o.s.security.web.FilterChainProxy - Securing GET /login
2025-11-17 20:40:57.830 [http-nio-8080-exec-10] DEBUG o.s.security.web.FilterChainProxy - Secured GET /login
2025-11-17 20:40:57.831 [http-nio-8080-exec-10] DEBUG o.s.s.w.a.AnonymousAuthenticationFilter - Set SecurityContextHolder to anonymous SecurityContext
2025-11-17 20:40:57.831 [http-nio-8080-exec-10] DEBUG o.s.security.web.FilterChainProxy - Securing GET /error
2025-11-17 20:40:57.831 [http-nio-8080-exec-10] DEBUG o.s.s.w.a.AnonymousAuthenticationFilter - Set SecurityContextHolder to anonymous SecurityContext
2025-11-17 20:40:57.831 [http-nio-8080-exec-10] DEBUG o.s.s.w.s.HttpSessionRequestCache - Saved request http://localhost:8080/error?continue to session
2025-11-17 20:40:57.831 [http-nio-8080-exec-10] DEBUG o.s.s.web.DefaultRedirectStrategy - Redirecting to http://localhost:8080/login
2025-11-17 20:40:58.419 [http-nio-8080-exec-1] DEBUG o.s.security.web.FilterChainProxy - Securing GET /login
2025-11-17 20:40:58.419 [http-nio-8080-exec-1] DEBUG o.s.security.web.FilterChainProxy - Secured GET /login
2025-11-17 20:40:58.420 [http-nio-8080-exec-1] DEBUG o.s.s.w.a.AnonymousAuthenticationFilter - Set SecurityContextHolder to anonymous SecurityContext
2025-11-17 20:40:58.421 [http-nio-8080-exec-1] DEBUG o.s.security.web.FilterChainProxy - Securing GET /error
2025-11-17 20:40:58.421 [http-nio-8080-exec-1] DEBUG o.s.s.w.a.AnonymousAuthenticationFilter - Set SecurityContextHolder to anonymous SecurityContext
2025-11-17 20:40:58.422 [http-nio-8080-exec-1] DEBUG o.s.s.w.s.HttpSessionRequestCache - Saved request http://localhost:8080/error?continue to session
2025-11-17 20:40:58.422 [http-nio-8080-exec-1] DEBUG o.s.s.web.DefaultRedirectStrategy - Redirecting to http://localhost:8080/login
2025-11-17 20:40:58.426 [http-nio-8080-exec-2] DEBUG o.s.security.web.FilterChainProxy - Securing GET /login
2025-11-17 20:40:58.427 [http-nio-8080-exec-2] DEBUG o.s.security.web.FilterChainProxy - Secured GET /login
2025-11-17 20:40:58.428 [http-nio-8080-exec-2] DEBUG o.s.s.w.a.AnonymousAuthenticationFilter - Set SecurityContextHolder to anonymous SecurityContext
2025-11-17 20:40:58.429 [http-nio-8080-exec-2] DEBUG o.s.security.web.FilterChainProxy - Securing GET /error
2025-11-17 20:40:58.430 [http-nio-8080-exec-2] DEBUG o.s.s.w.a.AnonymousAuthenticationFilter - Set SecurityContextHolder to anonymous SecurityContext
2025-11-17 20:40:58.430 [http-nio-8080-exec-2] DEBUG o.s.s.w.s.HttpSessionRequestCache - Saved request http://localhost:8080/error?continue to session
2025-11-17 20:40:58.430 [http-nio-8080-exec-2] DEBUG o.s.s.web.DefaultRedirectStrategy - Redirecting to http://localhost:8080/login
2025-11-17 20:40:58.433 [http-nio-8080-exec-3] DEBUG o.s.security.web.FilterChainProxy - Securing GET /login
2025-11-17 20:40:58.434 [http-nio-8080-exec-3] DEBUG o.s.security.web.FilterChainProxy - Secured GET /login
2025-11-17 20:40:58.435 [http-nio-8080-exec-3] DEBUG o.s.s.w.a.AnonymousAuthenticationFilter - Set SecurityContextHolder to anonymous SecurityContext
2025-11-17 20:40:58.436 [http-nio-8080-exec-3] DEBUG o.s.security.web.FilterChainProxy - Securing GET /error
2025-11-17 20:40:58.436 [http-nio-8080-exec-3] DEBUG o.s.s.w.a.AnonymousAuthenticationFilter - Set SecurityContextHolder to anonymous SecurityContext
2025-11-17 20:40:58.436 [http-nio-8080-exec-3] DEBUG o.s.s.w.s.HttpSessionRequestCache - Saved request http://localhost:8080/error?continue to session
2025-11-17 20:40:58.436 [http-nio-8080-exec-3] DEBUG o.s.s.web.DefaultRedirectStrategy - Redirecting to http://localhost:8080/login
2025-11-17 20:40:58.439 [http-nio-8080-exec-4] DEBUG o.s.security.web.FilterChainProxy - Securing GET /login
2025-11-17 20:40:58.440 [http-nio-8080-exec-4] DEBUG o.s.security.web.FilterChainProxy - Secured GET /login
2025-11-17 20:40:58.441 [http-nio-8080-exec-4] DEBUG o.s.s.w.a.AnonymousAuthenticationFilter - Set SecurityContextHolder to anonymous SecurityContext
2025-11-17 20:40:58.441 [http-nio-8080-exec-4] DEBUG o.s.security.web.FilterChainProxy - Securing GET /error
2025-11-17 20:40:58.442 [http-nio-8080-exec-4] DEBUG o.s.s.w.a.AnonymousAuthenticationFilter - Set SecurityContextHolder to anonymous SecurityContext
2025-11-17 20:40:58.442 [http-nio-8080-exec-4] DEBUG o.s.s.w.s.HttpSessionRequestCache - Saved request http://localhost:8080/error?continue to session
2025-11-17 20:40:58.442 [http-nio-8080-exec-4] DEBUG o.s.s.web.DefaultRedirectStrategy - Redirecting to http://localhost:8080/login
2025-11-17 20:40:58.445 [http-nio-8080-exec-5] DEBUG o.s.security.web.FilterChainProxy - Securing GET /login
2025-11-17 20:40:58.445 [http-nio-8080-exec-5] DEBUG o.s.security.web.FilterChainProxy - Secured GET /login
2025-11-17 20:40:58.446 [http-nio-8080-exec-5] DEBUG o.s.s.w.a.AnonymousAuthenticationFilter - Set SecurityContextHolder to anonymous SecurityContext
2025-11-17 20:40:58.446 [http-nio-8080-exec-5] DEBUG o.s.security.web.FilterChainProxy - Securing GET /error
2025-11-17 20:40:58.447 [http-nio-8080-exec-5] DEBUG o.s.s.w.a.AnonymousAuthenticationFilter - Set SecurityContextHolder to anonymous SecurityContext
2025-11-17 20:40:58.447 [http-nio-8080-exec-5] DEBUG o.s.s.w.s.HttpSessionRequestCache - Saved request http://localhost:8080/error?continue to session
2025-11-17 20:40:58.447 [http-nio-8080-exec-5] DEBUG o.s.s.web.DefaultRedirectStrategy - Redirecting to http://localhost:8080/login
2025-11-17 20:40:58.449 [http-nio-8080-exec-6] DEBUG o.s.security.web.FilterChainProxy - Securing GET /login
2025-11-17 20:40:58.450 [http-nio-8080-exec-6] DEBUG o.s.security.web.FilterChainProxy - Secured GET /login
2025-11-17 20:40:58.450 [http-nio-8080-exec-6] DEBUG o.s.s.w.a.AnonymousAuthenticationFilter - Set SecurityContextHolder to anonymous SecurityContext
2025-11-17 20:40:58.451 [http-nio-8080-exec-6] DEBUG o.s.security.web.FilterChainProxy - Securing GET /error
2025-11-17 20:40:58.451 [http-nio-8080-exec-6] DEBUG o.s.s.w.a.AnonymousAuthenticationFilter - Set SecurityContextHolder to anonymous SecurityContext
2025-11-17 20:40:58.452 [http-nio-8080-exec-6] DEBUG o.s.s.w.s.HttpSessionRequestCache - Saved request http://localhost:8080/error?continue to session
2025-11-17 20:40:58.452 [http-nio-8080-exec-6] DEBUG o.s.s.web.DefaultRedirectStrategy - Redirecting to http://localhost:8080/login
2025-11-17 20:40:58.454 [http-nio-8080-exec-7] DEBUG o.s.security.web.FilterChainProxy - Securing GET /login
2025-11-17 20:40:58.454 [http-nio-8080-exec-7] DEBUG o.s.security.web.FilterChainProxy - Secured GET /login
2025-11-17 20:40:58.455 [http-nio-8080-exec-7] DEBUG o.s.s.w.a.AnonymousAuthenticationFilter - Set SecurityContextHolder to anonymous SecurityContext
2025-11-17 20:40:58.455 [http-nio-8080-exec-7] DEBUG o.s.security.web.FilterChainProxy - Securing GET /error
2025-11-17 20:40:58.455 [http-nio-8080-exec-7] DEBUG o.s.s.w.a.AnonymousAuthenticationFilter - Set SecurityContextHolder to anonymous SecurityContext
2025-11-17 20:40:58.456 [http-nio-8080-exec-7] DEBUG o.s.s.w.s.HttpSessionRequestCache - Saved request http://localhost:8080/error?continue to session
2025-11-17 20:40:58.456 [http-nio-8080-exec-7] DEBUG o.s.s.web.DefaultRedirectStrategy - Redirecting to http://localhost:8080/login
2025-11-17 20:40:58.458 [http-nio-8080-exec-8] DEBUG o.s.security.web.FilterChainProxy - Securing GET /login
2025-11-17 20:40:58.458 [http-nio-8080-exec-8] DEBUG o.s.security.web.FilterChainProxy - Secured GET /login
2025-11-17 20:40:58.459 [http-nio-8080-exec-8] DEBUG o.s.s.w.a.AnonymousAuthenticationFilter - Set SecurityContextHolder to anonymous SecurityContext
2025-11-17 20:40:58.459 [http-nio-8080-exec-8] DEBUG o.s.security.web.FilterChainProxy - Securing GET /error
2025-11-17 20:40:58.459 [http-nio-8080-exec-8] DEBUG o.s.s.w.a.AnonymousAuthenticationFilter - Set SecurityContextHolder to anonymous SecurityContext
2025-11-17 20:40:58.459 [http-nio-8080-exec-8] DEBUG o.s.s.w.s.HttpSessionRequestCache - Saved request http://localhost:8080/error?continue to session
2025-11-17 20:40:58.459 [http-nio-8080-exec-8] DEBUG o.s.s.web.DefaultRedirectStrategy - Redirecting to http://localhost:8080/login
2025-11-17 20:40:58.461 [http-nio-8080-exec-9] DEBUG o.s.security.web.FilterChainProxy - Securing GET /login
2025-11-17 20:40:58.462 [http-nio-8080-exec-9] DEBUG o.s.security.web.FilterChainProxy - Secured GET /login
2025-11-17 20:40:58.462 [http-nio-8080-exec-9] DEBUG o.s.s.w.a.AnonymousAuthenticationFilter - Set SecurityContextHolder to anonymous SecurityContext
2025-11-17 20:40:58.462 [http-nio-8080-exec-9] DEBUG o.s.security.web.FilterChainProxy - Securing GET /error
2025-11-17 20:40:58.463 [http-nio-8080-exec-9] DEBUG o.s.s.w.a.AnonymousAuthenticationFilter - Set SecurityContextHolder to anonymous SecurityContext
2025-11-17 20:40:58.463 [http-nio-8080-exec-9] DEBUG o.s.s.w.s.HttpSessionRequestCache - Saved request http://localhost:8080/error?continue to session
2025-11-17 20:40:58.463 [http-nio-8080-exec-9] DEBUG o.s.s.web.DefaultRedirectStrategy - Redirecting to http://localhost:8080/login
2025-11-17 20:40:58.465 [http-nio-8080-exec-10] DEBUG o.s.security.web.FilterChainProxy - Securing GET /login
2025-11-17 20:40:58.466 [http-nio-8080-exec-10] DEBUG o.s.security.web.FilterChainProxy - Secured GET /login
2025-11-17 20:40:58.467 [http-nio-8080-exec-10] DEBUG o.s.s.w.a.AnonymousAuthenticationFilter - Set SecurityContextHolder to anonymous SecurityContext
2025-11-17 20:40:58.468 [http-nio-8080-exec-10] DEBUG o.s.security.web.FilterChainProxy - Securing GET /error
2025-11-17 20:40:58.468 [http-nio-8080-exec-10] DEBUG o.s.s.w.a.AnonymousAuthenticationFilter - Set SecurityContextHolder to anonymous SecurityContext
2025-11-17 20:40:58.468 [http-nio-8080-exec-10] DEBUG o.s.s.w.s.HttpSessionRequestCache - Saved request http://localhost:8080/error?continue to session
2025-11-17 20:40:58.468 [http-nio-8080-exec-10] DEBUG o.s.s.web.DefaultRedirectStrategy - Redirecting to http://localhost:8080/login
2025-11-17 20:40:58.470 [http-nio-8080-exec-1] DEBUG o.s.security.web.FilterChainProxy - Securing GET /login
2025-11-17 20:40:58.470 [http-nio-8080-exec-1] DEBUG o.s.security.web.FilterChainProxy - Secured GET /login
2025-11-17 20:40:58.471 [http-nio-8080-exec-1] DEBUG o.s.s.w.a.AnonymousAuthenticationFilter - Set SecurityContextHolder to anonymous SecurityContext
2025-11-17 20:40:58.471 [http-nio-8080-exec-1] DEBUG o.s.security.web.FilterChainProxy - Securing GET /error
2025-11-17 20:40:58.471 [http-nio-8080-exec-1] DEBUG o.s.s.w.a.AnonymousAuthenticationFilter - Set SecurityContextHolder to anonymous SecurityContext
2025-11-17 20:40:58.472 [http-nio-8080-exec-1] DEBUG o.s.s.w.s.HttpSessionRequestCache - Saved request http://localhost:8080/error?continue to session
2025-11-17 20:40:58.472 [http-nio-8080-exec-1] DEBUG o.s.s.web.DefaultRedirectStrategy - Redirecting to http://localhost:8080/login
2025-11-17 20:40:58.474 [http-nio-8080-exec-2] DEBUG o.s.security.web.FilterChainProxy - Securing GET /login
2025-11-17 20:40:58.474 [http-nio-8080-exec-2] DEBUG o.s.security.web.FilterChainProxy - Secured GET /login
2025-11-17 20:40:58.474 [http-nio-8080-exec-2] DEBUG o.s.s.w.a.AnonymousAuthenticationFilter - Set SecurityContextHolder to anonymous SecurityContext
2025-11-17 20:40:58.474 [http-nio-8080-exec-2] DEBUG o.s.security.web.FilterChainProxy - Securing GET /error
2025-11-17 20:40:58.475 [http-nio-8080-exec-2] DEBUG o.s.s.w.a.AnonymousAuthenticationFilter - Set SecurityContextHolder to anonymous SecurityContext
2025-11-17 20:40:58.475 [http-nio-8080-exec-2] DEBUG o.s.s.w.s.HttpSessionRequestCache - Saved request http://localhost:8080/error?continue to session
2025-11-17 20:40:58.475 [http-nio-8080-exec-2] DEBUG o.s.s.web.DefaultRedirectStrategy - Redirecting to http://localhost:8080/login
2025-11-17 20:40:58.477 [http-nio-8080-exec-3] DEBUG o.s.security.web.FilterChainProxy - Securing GET /login
2025-11-17 20:40:58.477 [http-nio-8080-exec-3] DEBUG o.s.security.web.FilterChainProxy - Secured GET /login
2025-11-17 20:40:58.477 [http-nio-8080-exec-3] DEBUG o.s.s.w.a.AnonymousAuthenticationFilter - Set SecurityContextHolder to anonymous SecurityContext
2025-11-17 20:40:58.478 [http-nio-8080-exec-3] DEBUG o.s.security.web.FilterChainProxy - Securing GET /error
2025-11-17 20:40:58.478 [http-nio-8080-exec-3] DEBUG o.s.s.w.a.AnonymousAuthenticationFilter - Set SecurityContextHolder to anonymous SecurityContext
2025-11-17 20:40:58.478 [http-nio-8080-exec-3] DEBUG o.s.s.w.s.HttpSessionRequestCache - Saved request http://localhost:8080/error?continue to session
2025-11-17 20:40:58.478 [http-nio-8080-exec-3] DEBUG o.s.s.web.DefaultRedirectStrategy - Redirecting to http://localhost:8080/login
2025-11-17 20:40:58.480 [http-nio-8080-exec-4] DEBUG o.s.security.web.FilterChainProxy - Securing GET /login
2025-11-17 20:40:58.480 [http-nio-8080-exec-4] DEBUG o.s.security.web.FilterChainProxy - Secured GET /login
2025-11-17 20:40:58.481 [http-nio-8080-exec-4] DEBUG o.s.s.w.a.AnonymousAuthenticationFilter - Set SecurityContextHolder to anonymous SecurityContext
2025-11-17 20:40:58.481 [http-nio-8080-exec-4] DEBUG o.s.security.web.FilterChainProxy - Securing GET /error
2025-11-17 20:40:58.481 [http-nio-8080-exec-4] DEBUG o.s.s.w.a.AnonymousAuthenticationFilter - Set SecurityContextHolder to anonymous SecurityContext
2025-11-17 20:40:58.481 [http-nio-8080-exec-4] DEBUG o.s.s.w.s.HttpSessionRequestCache - Saved request http://localhost:8080/error?continue to session
2025-11-17 20:40:58.481 [http-nio-8080-exec-4] DEBUG o.s.s.web.DefaultRedirectStrategy - Redirecting to http://localhost:8080/login
2025-11-17 20:40:58.483 [http-nio-8080-exec-5] DEBUG o.s.security.web.FilterChainProxy - Securing GET /login
2025-11-17 20:40:58.483 [http-nio-8080-exec-5] DEBUG o.s.security.web.FilterChainProxy - Secured GET /login
2025-11-17 20:40:58.484 [http-nio-8080-exec-5] DEBUG o.s.s.w.a.AnonymousAuthenticationFilter - Set SecurityContextHolder to anonymous SecurityContext
2025-11-17 20:40:58.484 [http-nio-8080-exec-5] DEBUG o.s.security.web.FilterChainProxy - Securing GET /error
2025-11-17 20:40:58.485 [http-nio-8080-exec-5] DEBUG o.s.s.w.a.AnonymousAuthenticationFilter - Set SecurityContextHolder to anonymous SecurityContext
2025-11-17 20:40:58.485 [http-nio-8080-exec-5] DEBUG o.s.s.w.s.HttpSessionRequestCache - Saved request http://localhost:8080/error?continue to session
2025-11-17 20:40:58.485 [http-nio-8080-exec-5] DEBUG o.s.s.web.DefaultRedirectStrategy - Redirecting to http://localhost:8080/login
2025-11-17 20:40:58.487 [http-nio-8080-exec-6] DEBUG o.s.security.web.FilterChainProxy - Securing GET /login
2025-11-17 20:40:58.487 [http-nio-8080-exec-6] DEBUG o.s.security.web.FilterChainProxy - Secured GET /login
2025-11-17 20:40:58.488 [http-nio-8080-exec-6] DEBUG o.s.s.w.a.AnonymousAuthenticationFilter - Set SecurityContextHolder to anonymous SecurityContext
2025-11-17 20:40:58.488 [http-nio-8080-exec-6] DEBUG o.s.security.web.FilterChainProxy - Securing GET /error
2025-11-17 20:40:58.488 [http-nio-8080-exec-6] DEBUG o.s.s.w.a.AnonymousAuthenticationFilter - Set SecurityContextHolder to anonymous SecurityContext
2025-11-17 20:40:58.488 [http-nio-8080-exec-6] DEBUG o.s.s.w.s.HttpSessionRequestCache - Saved request http://localhost:8080/error?continue to session
2025-11-17 20:40:58.488 [http-nio-8080-exec-6] DEBUG o.s.s.web.DefaultRedirectStrategy - Redirecting to http://localhost:8080/login
2025-11-17 20:40:58.490 [http-nio-8080-exec-7] DEBUG o.s.security.web.FilterChainProxy - Securing GET /login
2025-11-17 20:40:58.491 [http-nio-8080-exec-7] DEBUG o.s.security.web.FilterChainProxy - Secured GET /login
2025-11-17 20:40:58.492 [http-nio-8080-exec-7] DEBUG o.s.s.w.a.AnonymousAuthenticationFilter - Set SecurityContextHolder to anonymous SecurityContext
2025-11-17 20:40:58.492 [http-nio-8080-exec-7] DEBUG o.s.security.web.FilterChainProxy - Securing GET /error
2025-11-17 20:40:58.492 [http-nio-8080-exec-7] DEBUG o.s.s.w.a.AnonymousAuthenticationFilter - Set SecurityContextHolder to anonymous SecurityContext
2025-11-17 20:40:58.492 [http-nio-8080-exec-7] DEBUG o.s.s.w.s.HttpSessionRequestCache - Saved request http://localhost:8080/error?continue to session
2025-11-17 20:40:58.492 [http-nio-8080-exec-7] DEBUG o.s.s.web.DefaultRedirectStrategy - Redirecting to http://localhost:8080/login
2025-11-17 20:40:58.494 [http-nio-8080-exec-8] DEBUG o.s.security.web.FilterChainProxy - Securing GET /login
2025-11-17 20:40:58.494 [http-nio-8080-exec-8] DEBUG o.s.security.web.FilterChainProxy - Secured GET /login
2025-11-17 20:40:58.495 [http-nio-8080-exec-8] DEBUG o.s.s.w.a.AnonymousAuthenticationFilter - Set SecurityContextHolder to anonymous SecurityContext
2025-11-17 20:40:58.495 [http-nio-8080-exec-8] DEBUG o.s.security.web.FilterChainProxy - Securing GET /error
2025-11-17 20:40:58.495 [http-nio-8080-exec-8] DEBUG o.s.s.w.a.AnonymousAuthenticationFilter - Set SecurityContextHolder to anonymous SecurityContext
2025-11-17 20:40:58.495 [http-nio-8080-exec-8] DEBUG o.s.s.w.s.HttpSessionRequestCache - Saved request http://localhost:8080/error?continue to session
2025-11-17 20:40:58.495 [http-nio-8080-exec-8] DEBUG o.s.s.web.DefaultRedirectStrategy - Redirecting to http://localhost:8080/login
2025-11-17 20:40:58.497 [http-nio-8080-exec-9] DEBUG o.s.security.web.FilterChainProxy - Securing GET /login
2025-11-17 20:40:58.497 [http-nio-8080-exec-9] DEBUG o.s.security.web.FilterChainProxy - Secured GET /login
2025-11-17 20:40:58.497 [http-nio-8080-exec-9] DEBUG o.s.s.w.a.AnonymousAuthenticationFilter - Set SecurityContextHolder to anonymous SecurityContext
2025-11-17 20:40:58.497 [http-nio-8080-exec-9] DEBUG o.s.security.web.FilterChainProxy - Securing GET /error
2025-11-17 20:40:58.497 [http-nio-8080-exec-9] DEBUG o.s.s.w.a.AnonymousAuthenticationFilter - Set SecurityContextHolder to anonymous SecurityContext
2025-11-17 20:40:58.498 [http-nio-8080-exec-9] DEBUG o.s.s.w.s.HttpSessionRequestCache - Saved request http://localhost:8080/error?continue to session
2025-11-17 20:40:58.498 [http-nio-8080-exec-9] DEBUG o.s.s.web.DefaultRedirectStrategy - Redirecting to http://localhost:8080/login
2025-11-17 20:40:58.499 [http-nio-8080-exec-10] DEBUG o.s.security.web.FilterChainProxy - Securing GET /login
2025-11-17 20:40:58.499 [http-nio-8080-exec-10] DEBUG o.s.security.web.FilterChainProxy - Secured GET /login
2025-11-17 20:40:58.500 [http-nio-8080-exec-10] DEBUG o.s.s.w.a.AnonymousAuthenticationFilter - Set SecurityContextHolder to anonymous SecurityContext
2025-11-17 20:40:58.500 [http-nio-8080-exec-10] DEBUG o.s.security.web.FilterChainProxy - Securing GET /error
2025-11-17 20:40:58.500 [http-nio-8080-exec-10] DEBUG o.s.s.w.a.AnonymousAuthenticationFilter - Set SecurityContextHolder to anonymous SecurityContext
2025-11-17 20:40:58.501 [http-nio-8080-exec-10] DEBUG o.s.s.w.s.HttpSessionRequestCache - Saved request http://localhost:8080/error?continue to session
2025-11-17 20:40:58.501 [http-nio-8080-exec-10] DEBUG o.s.s.web.DefaultRedirectStrategy - Redirecting to http://localhost:8080/login
2025-11-17 20:40:58.767 [http-nio-8080-exec-1] DEBUG o.s.security.web.FilterChainProxy - Securing GET /login
2025-11-17 20:40:58.767 [http-nio-8080-exec-1] DEBUG o.s.security.web.FilterChainProxy - Secured GET /login
2025-11-17 20:40:58.768 [http-nio-8080-exec-1] DEBUG o.s.s.w.a.AnonymousAuthenticationFilter - Set SecurityContextHolder to anonymous SecurityContext
2025-11-17 20:40:58.769 [http-nio-8080-exec-1] DEBUG o.s.security.web.FilterChainProxy - Securing GET /error
2025-11-17 20:40:58.769 [http-nio-8080-exec-1] DEBUG o.s.s.w.a.AnonymousAuthenticationFilter - Set SecurityContextHolder to anonymous SecurityContext
2025-11-17 20:40:58.770 [http-nio-8080-exec-1] DEBUG o.s.s.w.s.HttpSessionRequestCache - Saved request http://localhost:8080/error?continue to session
2025-11-17 20:40:58.770 [http-nio-8080-exec-1] DEBUG o.s.s.web.DefaultRedirectStrategy - Redirecting to http://localhost:8080/login
2025-11-17 20:40:58.773 [http-nio-8080-exec-2] DEBUG o.s.security.web.FilterChainProxy - Securing GET /login
2025-11-17 20:40:58.773 [http-nio-8080-exec-2] DEBUG o.s.security.web.FilterChainProxy - Secured GET /login
2025-11-17 20:40:58.775 [http-nio-8080-exec-2] DEBUG o.s.s.w.a.AnonymousAuthenticationFilter - Set SecurityContextHolder to anonymous SecurityContext
2025-11-17 20:40:58.776 [http-nio-8080-exec-2] DEBUG o.s.security.web.FilterChainProxy - Securing GET /error
2025-11-17 20:40:58.777 [http-nio-8080-exec-2] DEBUG o.s.s.w.a.AnonymousAuthenticationFilter - Set SecurityContextHolder to anonymous SecurityContext
2025-11-17 20:40:58.778 [http-nio-8080-exec-2] DEBUG o.s.s.w.s.HttpSessionRequestCache - Saved request http://localhost:8080/error?continue to session
2025-11-17 20:40:58.778 [http-nio-8080-exec-2] DEBUG o.s.s.web.DefaultRedirectStrategy - Redirecting to http://localhost:8080/login
2025-11-17 20:40:58.781 [http-nio-8080-exec-3] DEBUG o.s.security.web.FilterChainProxy - Securing GET /login
2025-11-17 20:40:58.781 [http-nio-8080-exec-3] DEBUG o.s.security.web.FilterChainProxy - Secured GET /login
2025-11-17 20:40:58.782 [http-nio-8080-exec-3] DEBUG o.s.s.w.a.AnonymousAuthenticationFilter - Set SecurityContextHolder to anonymous SecurityContext
2025-11-17 20:40:58.783 [http-nio-8080-exec-3] DEBUG o.s.security.web.FilterChainProxy - Securing GET /error
2025-11-17 20:40:58.783 [http-nio-8080-exec-3] DEBUG o.s.s.w.a.AnonymousAuthenticationFilter - Set SecurityContextHolder to anonymous SecurityContext
2025-11-17 20:40:58.783 [http-nio-8080-exec-3] DEBUG o.s.s.w.s.HttpSessionRequestCache - Saved request http://localhost:8080/error?continue to session
2025-11-17 20:40:58.783 [http-nio-8080-exec-3] DEBUG o.s.s.web.DefaultRedirectStrategy - Redirecting to http://localhost:8080/login
2025-11-17 20:40:58.787 [http-nio-8080-exec-4] DEBUG o.s.security.web.FilterChainProxy - Securing GET /login
2025-11-17 20:40:58.787 [http-nio-8080-exec-4] DEBUG o.s.security.web.FilterChainProxy - Secured GET /login
2025-11-17 20:40:58.788 [http-nio-8080-exec-4] DEBUG o.s.s.w.a.AnonymousAuthenticationFilter - Set SecurityContextHolder to anonymous SecurityContext
2025-11-17 20:40:58.789 [http-nio-8080-exec-4] DEBUG o.s.security.web.FilterChainProxy - Securing GET /error
2025-11-17 20:40:58.789 [http-nio-8080-exec-4] DEBUG o.s.s.w.a.AnonymousAuthenticationFilter - Set SecurityContextHolder to anonymous SecurityContext
2025-11-17 20:40:58.789 [http-nio-8080-exec-4] DEBUG o.s.s.w.s.HttpSessionRequestCache - Saved request http://localhost:8080/error?continue to session
2025-11-17 20:40:58.789 [http-nio-8080-exec-4] DEBUG o.s.s.web.DefaultRedirectStrategy - Redirecting to http://localhost:8080/login
2025-11-17 20:40:58.792 [http-nio-8080-exec-5] DEBUG o.s.security.web.FilterChainProxy - Securing GET /login
2025-11-17 20:40:58.792 [http-nio-8080-exec-5] DEBUG o.s.security.web.FilterChainProxy - Secured GET /login
2025-11-17 20:40:58.792 [http-nio-8080-exec-5] DEBUG o.s.s.w.a.AnonymousAuthenticationFilter - Set SecurityContextHolder to anonymous SecurityContext
2025-11-17 20:40:58.793 [http-nio-8080-exec-5] DEBUG o.s.security.web.FilterChainProxy - Securing GET /error
2025-11-17 20:40:58.793 [http-nio-8080-exec-5] DEBUG o.s.s.w.a.AnonymousAuthenticationFilter - Set SecurityContextHolder to anonymous SecurityContext
2025-11-17 20:40:58.793 [http-nio-8080-exec-5] DEBUG o.s.s.w.s.HttpSessionRequestCache - Saved request http://localhost:8080/error?continue to session
2025-11-17 20:40:58.793 [http-nio-8080-exec-5] DEBUG o.s.s.web.DefaultRedirectStrategy - Redirecting to http://localhost:8080/login
2025-11-17 20:40:58.796 [http-nio-8080-exec-6] DEBUG o.s.security.web.FilterChainProxy - Securing GET /login
2025-11-17 20:40:58.796 [http-nio-8080-exec-6] DEBUG o.s.security.web.FilterChainProxy - Secured GET /login
2025-11-17 20:40:58.797 [http-nio-8080-exec-6] DEBUG o.s.s.w.a.AnonymousAuthenticationFilter - Set SecurityContextHolder to anonymous SecurityContext
2025-11-17 20:40:58.797 [http-nio-8080-exec-6] DEBUG o.s.security.web.FilterChainProxy - Securing GET /error
2025-11-17 20:40:58.797 [http-nio-8080-exec-6] DEBUG o.s.s.w.a.AnonymousAuthenticationFilter - Set SecurityContextHolder to anonymous SecurityContext
2025-11-17 20:40:58.797 [http-nio-8080-exec-6] DEBUG o.s.s.w.s.HttpSessionRequestCache - Saved request http://localhost:8080/error?continue to session
2025-11-17 20:40:58.798 [http-nio-8080-exec-6] DEBUG o.s.s.web.DefaultRedirectStrategy - Redirecting to http://localhost:8080/login
2025-11-17 20:40:58.800 [http-nio-8080-exec-7] DEBUG o.s.security.web.FilterChainProxy - Securing GET /login
2025-11-17 20:40:58.801 [http-nio-8080-exec-7] DEBUG o.s.security.web.FilterChainProxy - Secured GET /login
2025-11-17 20:40:58.802 [http-nio-8080-exec-7] DEBUG o.s.s.w.a.AnonymousAuthenticationFilter - Set SecurityContextHolder to anonymous SecurityContext
2025-11-17 20:40:58.802 [http-nio-8080-exec-7] DEBUG o.s.security.web.FilterChainProxy - Securing GET /error
2025-11-17 20:40:58.802 [http-nio-8080-exec-7] DEBUG o.s.s.w.a.AnonymousAuthenticationFilter - Set SecurityContextHolder to anonymous SecurityContext
2025-11-17 20:40:58.803 [http-nio-8080-exec-7] DEBUG o.s.s.w.s.HttpSessionRequestCache - Saved request http://localhost:8080/error?continue to session
2025-11-17 20:40:58.803 [http-nio-8080-exec-7] DEBUG o.s.s.web.DefaultRedirectStrategy - Redirecting to http://localhost:8080/login
2025-11-17 20:40:58.805 [http-nio-8080-exec-8] DEBUG o.s.security.web.FilterChainProxy - Securing GET /login
2025-11-17 20:40:58.805 [http-nio-8080-exec-8] DEBUG o.s.security.web.FilterChainProxy - Secured GET /login
2025-11-17 20:40:58.806 [http-nio-8080-exec-8] DEBUG o.s.s.w.a.AnonymousAuthenticationFilter - Set SecurityContextHolder to anonymous SecurityContext
2025-11-17 20:40:58.806 [http-nio-8080-exec-8] DEBUG o.s.security.web.FilterChainProxy - Securing GET /error
2025-11-17 20:40:58.806 [http-nio-8080-exec-8] DEBUG o.s.s.w.a.AnonymousAuthenticationFilter - Set SecurityContextHolder to anonymous SecurityContext
2025-11-17 20:40:58.807 [http-nio-8080-exec-8] DEBUG o.s.s.w.s.HttpSessionRequestCache - Saved request http://localhost:8080/error?continue to session
2025-11-17 20:40:58.807 [http-nio-8080-exec-8] DEBUG o.s.s.web.DefaultRedirectStrategy - Redirecting to http://localhost:8080/login
2025-11-17 20:40:58.809 [http-nio-8080-exec-9] DEBUG o.s.security.web.FilterChainProxy - Securing GET /login
2025-11-17 20:40:58.809 [http-nio-8080-exec-9] DEBUG o.s.security.web.FilterChainProxy - Secured GET /login
2025-11-17 20:40:58.809 [http-nio-8080-exec-9] DEBUG o.s.s.w.a.AnonymousAuthenticationFilter - Set SecurityContextHolder to anonymous SecurityContext
2025-11-17 20:40:58.810 [http-nio-8080-exec-9] DEBUG o.s.security.web.FilterChainProxy - Securing GET /error
2025-11-17 20:40:58.810 [http-nio-8080-exec-9] DEBUG o.s.s.w.a.AnonymousAuthenticationFilter - Set SecurityContextHolder to anonymous SecurityContext
2025-11-17 20:40:58.810 [http-nio-8080-exec-9] DEBUG o.s.s.w.s.HttpSessionRequestCache - Saved request http://localhost:8080/error?continue to session
2025-11-17 20:40:58.810 [http-nio-8080-exec-9] DEBUG o.s.s.web.DefaultRedirectStrategy - Redirecting to http://localhost:8080/login
2025-11-17 20:40:58.812 [http-nio-8080-exec-10] DEBUG o.s.security.web.FilterChainProxy - Securing GET /login
2025-11-17 20:40:58.812 [http-nio-8080-exec-10] DEBUG o.s.security.web.FilterChainProxy - Secured GET /login
2025-11-17 20:40:58.813 [http-nio-8080-exec-10] DEBUG o.s.s.w.a.AnonymousAuthenticationFilter - Set SecurityContextHolder to anonymous SecurityContext
2025-11-17 20:40:58.813 [http-nio-8080-exec-10] DEBUG o.s.security.web.FilterChainProxy - Securing GET /error
2025-11-17 20:40:58.813 [http-nio-8080-exec-10] DEBUG o.s.s.w.a.AnonymousAuthenticationFilter - Set SecurityContextHolder to anonymous SecurityContext
2025-11-17 20:40:58.814 [http-nio-8080-exec-10] DEBUG o.s.s.w.s.HttpSessionRequestCache - Saved request http://localhost:8080/error?continue to session
2025-11-17 20:40:58.814 [http-nio-8080-exec-10] DEBUG o.s.s.web.DefaultRedirectStrategy - Redirecting to http://localhost:8080/login
2025-11-17 20:40:58.816 [http-nio-8080-exec-1] DEBUG o.s.security.web.FilterChainProxy - Securing GET /login
2025-11-17 20:40:58.816 [http-nio-8080-exec-1] DEBUG o.s.security.web.FilterChainProxy - Secured GET /login
2025-11-17 20:40:58.817 [http-nio-8080-exec-1] DEBUG o.s.s.w.a.AnonymousAuthenticationFilter - Set SecurityContextHolder to anonymous SecurityContext
2025-11-17 20:40:58.817 [http-nio-8080-exec-1] DEBUG o.s.security.web.FilterChainProxy - Securing GET /error
2025-11-17 20:40:58.818 [http-nio-8080-exec-1] DEBUG o.s.s.w.a.AnonymousAuthenticationFilter - Set SecurityContextHolder to anonymous SecurityContext
2025-11-17 20:40:58.818 [http-nio-8080-exec-1] DEBUG o.s.s.w.s.HttpSessionRequestCache - Saved request http://localhost:8080/error?continue to session
2025-11-17 20:40:58.818 [http-nio-8080-exec-1] DEBUG o.s.s.web.DefaultRedirectStrategy - Redirecting to http://localhost:8080/login
2025-11-17 20:40:58.820 [http-nio-8080-exec-2] DEBUG o.s.security.web.FilterChainProxy - Securing GET /login
2025-11-17 20:40:58.820 [http-nio-8080-exec-2] DEBUG o.s.security.web.FilterChainProxy - Secured GET /login
2025-11-17 20:40:58.821 [http-nio-8080-exec-2] DEBUG o.s.s.w.a.AnonymousAuthenticationFilter - Set SecurityContextHolder to anonymous SecurityContext
2025-11-17 20:40:58.821 [http-nio-8080-exec-2] DEBUG o.s.security.web.FilterChainProxy - Securing GET /error
2025-11-17 20:40:58.821 [http-nio-8080-exec-2] DEBUG o.s.s.w.a.AnonymousAuthenticationFilter - Set SecurityContextHolder to anonymous SecurityContext
2025-11-17 20:40:58.821 [http-nio-8080-exec-2] DEBUG o.s.s.w.s.HttpSessionRequestCache - Saved request http://localhost:8080/error?continue to session
2025-11-17 20:40:58.821 [http-nio-8080-exec-2] DEBUG o.s.s.web.DefaultRedirectStrategy - Redirecting to http://localhost:8080/login
2025-11-17 20:40:58.823 [http-nio-8080-exec-3] DEBUG o.s.security.web.FilterChainProxy - Securing GET /login
2025-11-17 20:40:58.823 [http-nio-8080-exec-3] DEBUG o.s.security.web.FilterChainProxy - Secured GET /login
2025-11-17 20:40:58.824 [http-nio-8080-exec-3] DEBUG o.s.s.w.a.AnonymousAuthenticationFilter - Set SecurityContextHolder to anonymous SecurityContext
2025-11-17 20:40:58.824 [http-nio-8080-exec-3] DEBUG o.s.security.web.FilterChainProxy - Securing GET /error
2025-11-17 20:40:58.824 [http-nio-8080-exec-3] DEBUG o.s.s.w.a.AnonymousAuthenticationFilter - Set SecurityContextHolder to anonymous SecurityContext
2025-11-17 20:40:58.824 [http-nio-8080-exec-3] DEBUG o.s.s.w.s.HttpSessionRequestCache - Saved request http://localhost:8080/error?continue to session
2025-11-17 20:40:58.824 [http-nio-8080-exec-3] DEBUG o.s.s.web.DefaultRedirectStrategy - Redirecting to http://localhost:8080/login
2025-11-17 20:40:58.826 [http-nio-8080-exec-4] DEBUG o.s.security.web.FilterChainProxy - Securing GET /login
2025-11-17 20:40:58.826 [http-nio-8080-exec-4] DEBUG o.s.security.web.FilterChainProxy - Secured GET /login
2025-11-17 20:40:58.827 [http-nio-8080-exec-4] DEBUG o.s.s.w.a.AnonymousAuthenticationFilter - Set SecurityContextHolder to anonymous SecurityContext
2025-11-17 20:40:58.827 [http-nio-8080-exec-4] DEBUG o.s.security.web.FilterChainProxy - Securing GET /error
2025-11-17 20:40:58.827 [http-nio-8080-exec-4] DEBUG o.s.s.w.a.AnonymousAuthenticationFilter - Set SecurityContextHolder to anonymous SecurityContext
2025-11-17 20:40:58.828 [http-nio-8080-exec-4] DEBUG o.s.s.w.s.HttpSessionRequestCache - Saved request http://localhost:8080/error?continue to session
2025-11-17 20:40:58.828 [http-nio-8080-exec-4] DEBUG o.s.s.web.DefaultRedirectStrategy - Redirecting to http://localhost:8080/login
2025-11-17 20:40:58.829 [http-nio-8080-exec-5] DEBUG o.s.security.web.FilterChainProxy - Securing GET /login
2025-11-17 20:40:58.829 [http-nio-8080-exec-5] DEBUG o.s.security.web.FilterChainProxy - Secured GET /login
2025-11-17 20:40:58.830 [http-nio-8080-exec-5] DEBUG o.s.s.w.a.AnonymousAuthenticationFilter - Set SecurityContextHolder to anonymous SecurityContext
2025-11-17 20:40:58.830 [http-nio-8080-exec-5] DEBUG o.s.security.web.FilterChainProxy - Securing GET /error
2025-11-17 20:40:58.830 [http-nio-8080-exec-5] DEBUG o.s.s.w.a.AnonymousAuthenticationFilter - Set SecurityContextHolder to anonymous SecurityContext
2025-11-17 20:40:58.830 [http-nio-8080-exec-5] DEBUG o.s.s.w.s.HttpSessionRequestCache - Saved request http://localhost:8080/error?continue to session
2025-11-17 20:40:58.830 [http-nio-8080-exec-5] DEBUG o.s.s.web.DefaultRedirectStrategy - Redirecting to http://localhost:8080/login
2025-11-17 20:40:58.832 [http-nio-8080-exec-6] DEBUG o.s.security.web.FilterChainProxy - Securing GET /login
2025-11-17 20:40:58.833 [http-nio-8080-exec-6] DEBUG o.s.security.web.FilterChainProxy - Secured GET /login
2025-11-17 20:40:58.834 [http-nio-8080-exec-6] DEBUG o.s.s.w.a.AnonymousAuthenticationFilter - Set SecurityContextHolder to anonymous SecurityContext
2025-11-17 20:40:58.834 [http-nio-8080-exec-6] DEBUG o.s.security.web.FilterChainProxy - Securing GET /error
2025-11-17 20:40:58.834 [http-nio-8080-exec-6] DEBUG o.s.s.w.a.AnonymousAuthenticationFilter - Set SecurityContextHolder to anonymous SecurityContext
2025-11-17 20:40:58.835 [http-nio-8080-exec-6] DEBUG o.s.s.w.s.HttpSessionRequestCache - Saved request http://localhost:8080/error?continue to session
2025-11-17 20:40:58.835 [http-nio-8080-exec-6] DEBUG o.s.s.web.DefaultRedirectStrategy - Redirecting to http://localhost:8080/login
2025-11-17 20:40:58.837 [http-nio-8080-exec-7] DEBUG o.s.security.web.FilterChainProxy - Securing GET /login
2025-11-17 20:40:58.837 [http-nio-8080-exec-7] DEBUG o.s.security.web.FilterChainProxy - Secured GET /login
2025-11-17 20:40:58.837 [http-nio-8080-exec-7] DEBUG o.s.s.w.a.AnonymousAuthenticationFilter - Set SecurityContextHolder to anonymous SecurityContext
2025-11-17 20:40:58.838 [http-nio-8080-exec-7] DEBUG o.s.security.web.FilterChainProxy - Securing GET /error
2025-11-17 20:40:58.838 [http-nio-8080-exec-7] DEBUG o.s.s.w.a.AnonymousAuthenticationFilter - Set SecurityContextHolder to anonymous SecurityContext
2025-11-17 20:40:58.838 [http-nio-8080-exec-7] DEBUG o.s.s.w.s.HttpSessionRequestCache - Saved request http://localhost:8080/error?continue to session
2025-11-17 20:40:58.838 [http-nio-8080-exec-7] DEBUG o.s.s.web.DefaultRedirectStrategy - Redirecting to http://localhost:8080/login
2025-11-17 20:40:58.840 [http-nio-8080-exec-8] DEBUG o.s.security.web.FilterChainProxy - Securing GET /login
2025-11-17 20:40:58.840 [http-nio-8080-exec-8] DEBUG o.s.security.web.FilterChainProxy - Secured GET /login
2025-11-17 20:40:58.841 [http-nio-8080-exec-8] DEBUG o.s.s.w.a.AnonymousAuthenticationFilter - Set SecurityContextHolder to anonymous SecurityContext
2025-11-17 20:40:58.841 [http-nio-8080-exec-8] DEBUG o.s.security.web.FilterChainProxy - Securing GET /error
2025-11-17 20:40:58.841 [http-nio-8080-exec-8] DEBUG o.s.s.w.a.AnonymousAuthenticationFilter - Set SecurityContextHolder to anonymous SecurityContext
2025-11-17 20:40:58.841 [http-nio-8080-exec-8] DEBUG o.s.s.w.s.HttpSessionRequestCache - Saved request http://localhost:8080/error?continue to session
2025-11-17 20:40:58.842 [http-nio-8080-exec-8] DEBUG o.s.s.web.DefaultRedirectStrategy - Redirecting to http://localhost:8080/login
2025-11-17 20:40:58.844 [http-nio-8080-exec-9] DEBUG o.s.security.web.FilterChainProxy - Securing GET /login
2025-11-17 20:40:58.844 [http-nio-8080-exec-9] DEBUG o.s.security.web.FilterChainProxy - Secured GET /login
2025-11-17 20:40:58.844 [http-nio-8080-exec-9] DEBUG o.s.s.w.a.AnonymousAuthenticationFilter - Set SecurityContextHolder to anonymous SecurityContext
2025-11-17 20:40:58.844 [http-nio-8080-exec-9] DEBUG o.s.security.web.FilterChainProxy - Securing GET /error
2025-11-17 20:40:58.844 [http-nio-8080-exec-9] DEBUG o.s.s.w.a.AnonymousAuthenticationFilter - Set SecurityContextHolder to anonymous SecurityContext
2025-11-17 20:40:58.845 [http-nio-8080-exec-9] DEBUG o.s.s.w.s.HttpSessionRequestCache - Saved request http://localhost:8080/error?continue to session
2025-11-17 20:40:58.845 [http-nio-8080-exec-9] DEBUG o.s.s.web.DefaultRedirectStrategy - Redirecting to http://localhost:8080/login
2025-11-17 20:40:58.846 [http-nio-8080-exec-10] DEBUG o.s.security.web.FilterChainProxy - Securing GET /login
2025-11-17 20:40:58.846 [http-nio-8080-exec-10] DEBUG o.s.security.web.FilterChainProxy - Secured GET /login
2025-11-17 20:40:58.847 [http-nio-8080-exec-10] DEBUG o.s.s.w.a.AnonymousAuthenticationFilter - Set SecurityContextHolder to anonymous SecurityContext
2025-11-17 20:40:58.847 [http-nio-8080-exec-10] DEBUG o.s.security.web.FilterChainProxy - Securing GET /error
2025-11-17 20:40:58.847 [http-nio-8080-exec-10] DEBUG o.s.s.w.a.AnonymousAuthenticationFilter - Set SecurityContextHolder to anonymous SecurityContext
2025-11-17 20:40:58.847 [http-nio-8080-exec-10] DEBUG o.s.s.w.s.HttpSessionRequestCache - Saved request http://localhost:8080/error?continue to session
2025-11-17 20:40:58.847 [http-nio-8080-exec-10] DEBUG o.s.s.web.DefaultRedirectStrategy - Redirecting to http://localhost:8080/login
2025-11-17 20:40:58.974 [http-nio-8080-exec-1] DEBUG o.s.security.web.FilterChainProxy - Securing GET /login
2025-11-17 20:40:58.975 [http-nio-8080-exec-1] DEBUG o.s.security.web.FilterChainProxy - Secured GET /login
2025-11-17 20:40:58.975 [http-nio-8080-exec-1] DEBUG o.s.s.w.a.AnonymousAuthenticationFilter - Set SecurityContextHolder to anonymous SecurityContext
2025-11-17 20:40:58.976 [http-nio-8080-exec-1] DEBUG o.s.security.web.FilterChainProxy - Securing GET /error
2025-11-17 20:40:58.976 [http-nio-8080-exec-1] DEBUG o.s.s.w.a.AnonymousAuthenticationFilter - Set SecurityContextHolder to anonymous SecurityContext
2025-11-17 20:40:58.976 [http-nio-8080-exec-1] DEBUG o.s.s.w.s.HttpSessionRequestCache - Saved request http://localhost:8080/error?continue to session
2025-11-17 20:40:58.976 [http-nio-8080-exec-1] DEBUG o.s.s.web.DefaultRedirectStrategy - Redirecting to http://localhost:8080/login
2025-11-17 20:40:58.978 [http-nio-8080-exec-2] DEBUG o.s.security.web.FilterChainProxy - Securing GET /login
2025-11-17 20:40:58.978 [http-nio-8080-exec-2] DEBUG o.s.security.web.FilterChainProxy - Secured GET /login
2025-11-17 20:40:58.979 [http-nio-8080-exec-2] DEBUG o.s.s.w.a.AnonymousAuthenticationFilter - Set SecurityContextHolder to anonymous SecurityContext
2025-11-17 20:40:58.979 [http-nio-8080-exec-2] DEBUG o.s.security.web.FilterChainProxy - Securing GET /error
2025-11-17 20:40:58.979 [http-nio-8080-exec-2] DEBUG o.s.s.w.a.AnonymousAuthenticationFilter - Set SecurityContextHolder to anonymous SecurityContext
2025-11-17 20:40:58.980 [http-nio-8080-exec-2] DEBUG o.s.s.w.s.HttpSessionRequestCache - Saved request http://localhost:8080/error?continue to session
2025-11-17 20:40:58.980 [http-nio-8080-exec-2] DEBUG o.s.s.web.DefaultRedirectStrategy - Redirecting to http://localhost:8080/login
2025-11-17 20:40:58.982 [http-nio-8080-exec-3] DEBUG o.s.security.web.FilterChainProxy - Securing GET /login
2025-11-17 20:40:58.982 [http-nio-8080-exec-3] DEBUG o.s.security.web.FilterChainProxy - Secured GET /login
2025-11-17 20:40:58.982 [http-nio-8080-exec-3] DEBUG o.s.s.w.a.AnonymousAuthenticationFilter - Set SecurityContextHolder to anonymous SecurityContext
2025-11-17 20:40:58.983 [http-nio-8080-exec-3] DEBUG o.s.security.web.FilterChainProxy - Securing GET /error
2025-11-17 20:40:58.983 [http-nio-8080-exec-3] DEBUG o.s.s.w.a.AnonymousAuthenticationFilter - Set SecurityContextHolder to anonymous SecurityContext
2025-11-17 20:40:58.983 [http-nio-8080-exec-3] DEBUG o.s.s.w.s.HttpSessionRequestCache - Saved request http://localhost:8080/error?continue to session
2025-11-17 20:40:58.983 [http-nio-8080-exec-3] DEBUG o.s.s.web.DefaultRedirectStrategy - Redirecting to http://localhost:8080/login
2025-11-17 20:40:58.985 [http-nio-8080-exec-4] DEBUG o.s.security.web.FilterChainProxy - Securing GET /login
2025-11-17 20:40:58.986 [http-nio-8080-exec-4] DEBUG o.s.security.web.FilterChainProxy - Secured GET /login
2025-11-17 20:40:58.986 [http-nio-8080-exec-4] DEBUG o.s.s.w.a.AnonymousAuthenticationFilter - Set SecurityContextHolder to anonymous SecurityContext
2025-11-17 20:40:58.986 [http-nio-8080-exec-4] DEBUG o.s.security.web.FilterChainProxy - Securing GET /error
2025-11-17 20:40:58.986 [http-nio-8080-exec-4] DEBUG o.s.s.w.a.AnonymousAuthenticationFilter - Set SecurityContextHolder to anonymous SecurityContext
2025-11-17 20:40:58.987 [http-nio-8080-exec-4] DEBUG o.s.s.w.s.HttpSessionRequestCache - Saved request http://localhost:8080/error?continue to session
2025-11-17 20:40:58.987 [http-nio-8080-exec-4] DEBUG o.s.s.web.DefaultRedirectStrategy - Redirecting to http://localhost:8080/login
2025-11-17 20:40:58.989 [http-nio-8080-exec-5] DEBUG o.s.security.web.FilterChainProxy - Securing GET /login
2025-11-17 20:40:58.989 [http-nio-8080-exec-5] DEBUG o.s.security.web.FilterChainProxy - Secured GET /login
2025-11-17 20:40:58.989 [http-nio-8080-exec-5] DEBUG o.s.s.w.a.AnonymousAuthenticationFilter - Set SecurityContextHolder to anonymous SecurityContext
2025-11-17 20:40:58.990 [http-nio-8080-exec-5] DEBUG o.s.security.web.FilterChainProxy - Securing GET /error
2025-11-17 20:40:58.990 [http-nio-8080-exec-5] DEBUG o.s.s.w.a.AnonymousAuthenticationFilter - Set SecurityContextHolder to anonymous SecurityContext
2025-11-17 20:40:58.990 [http-nio-8080-exec-5] DEBUG o.s.s.w.s.HttpSessionRequestCache - Saved request http://localhost:8080/error?continue to session
2025-11-17 20:40:58.990 [http-nio-8080-exec-5] DEBUG o.s.s.web.DefaultRedirectStrategy - Redirecting to http://localhost:8080/login
2025-11-17 20:40:58.992 [http-nio-8080-exec-6] DEBUG o.s.security.web.FilterChainProxy - Securing GET /login
2025-11-17 20:40:58.992 [http-nio-8080-exec-6] DEBUG o.s.security.web.FilterChainProxy - Secured GET /login
2025-11-17 20:40:58.993 [http-nio-8080-exec-6] DEBUG o.s.s.w.a.AnonymousAuthenticationFilter - Set SecurityContextHolder to anonymous SecurityContext
2025-11-17 20:40:58.993 [http-nio-8080-exec-6] DEBUG o.s.security.web.FilterChainProxy - Securing GET /error
2025-11-17 20:40:58.993 [http-nio-8080-exec-6] DEBUG o.s.s.w.a.AnonymousAuthenticationFilter - Set SecurityContextHolder to anonymous SecurityContext
2025-11-17 20:40:58.993 [http-nio-8080-exec-6] DEBUG o.s.s.w.s.HttpSessionRequestCache - Saved request http://localhost:8080/error?continue to session
2025-11-17 20:40:58.994 [http-nio-8080-exec-6] DEBUG o.s.s.web.DefaultRedirectStrategy - Redirecting to http://localhost:8080/login
2025-11-17 20:40:58.995 [http-nio-8080-exec-7] DEBUG o.s.security.web.FilterChainProxy - Securing GET /login
2025-11-17 20:40:58.995 [http-nio-8080-exec-7] DEBUG o.s.security.web.FilterChainProxy - Secured GET /login
2025-11-17 20:40:58.996 [http-nio-8080-exec-7] DEBUG o.s.s.w.a.AnonymousAuthenticationFilter - Set SecurityContextHolder to anonymous SecurityContext
2025-11-17 20:40:58.996 [http-nio-8080-exec-7] DEBUG o.s.security.web.FilterChainProxy - Securing GET /error
2025-11-17 20:40:58.996 [http-nio-8080-exec-7] DEBUG o.s.s.w.a.AnonymousAuthenticationFilter - Set SecurityContextHolder to anonymous SecurityContext
2025-11-17 20:40:58.997 [http-nio-8080-exec-7] DEBUG o.s.s.w.s.HttpSessionRequestCache - Saved request http://localhost:8080/error?continue to session
2025-11-17 20:40:58.997 [http-nio-8080-exec-7] DEBUG o.s.s.web.DefaultRedirectStrategy - Redirecting to http://localhost:8080/login
2025-11-17 20:40:58.999 [http-nio-8080-exec-8] DEBUG o.s.security.web.FilterChainProxy - Securing GET /login
2025-11-17 20:40:58.999 [http-nio-8080-exec-8] DEBUG o.s.security.web.FilterChainProxy - Secured GET /login
2025-11-17 20:40:58.999 [http-nio-8080-exec-8] DEBUG o.s.s.w.a.AnonymousAuthenticationFilter - Set SecurityContextHolder to anonymous SecurityContext
2025-11-17 20:40:58.999 [http-nio-8080-exec-8] DEBUG o.s.security.web.FilterChainProxy - Securing GET /error
2025-11-17 20:40:59.000 [http-nio-8080-exec-8] DEBUG o.s.s.w.a.AnonymousAuthenticationFilter - Set SecurityContextHolder to anonymous SecurityContext
2025-11-17 20:40:59.000 [http-nio-8080-exec-8] DEBUG o.s.s.w.s.HttpSessionRequestCache - Saved request http://localhost:8080/error?continue to session
2025-11-17 20:40:59.000 [http-nio-8080-exec-8] DEBUG o.s.s.web.DefaultRedirectStrategy - Redirecting to http://localhost:8080/login
2025-11-17 20:40:59.002 [http-nio-8080-exec-9] DEBUG o.s.security.web.FilterChainProxy - Securing GET /login
2025-11-17 20:40:59.002 [http-nio-8080-exec-9] DEBUG o.s.security.web.FilterChainProxy - Secured GET /login
2025-11-17 20:40:59.003 [http-nio-8080-exec-9] DEBUG o.s.s.w.a.AnonymousAuthenticationFilter - Set SecurityContextHolder to anonymous SecurityContext
2025-11-17 20:40:59.003 [http-nio-8080-exec-9] DEBUG o.s.security.web.FilterChainProxy - Securing GET /error
2025-11-17 20:40:59.003 [http-nio-8080-exec-9] DEBUG o.s.s.w.a.AnonymousAuthenticationFilter - Set SecurityContextHolder to anonymous SecurityContext
2025-11-17 20:40:59.003 [http-nio-8080-exec-9] DEBUG o.s.s.w.s.HttpSessionRequestCache - Saved request http://localhost:8080/error?continue to session
2025-11-17 20:40:59.003 [http-nio-8080-exec-9] DEBUG o.s.s.web.DefaultRedirectStrategy - Redirecting to http://localhost:8080/login
2025-11-17 20:40:59.005 [http-nio-8080-exec-10] DEBUG o.s.security.web.FilterChainProxy - Securing GET /login
2025-11-17 20:40:59.005 [http-nio-8080-exec-10] DEBUG o.s.security.web.FilterChainProxy - Secured GET /login
2025-11-17 20:40:59.006 [http-nio-8080-exec-10] DEBUG o.s.s.w.a.AnonymousAuthenticationFilter - Set SecurityContextHolder to anonymous SecurityContext
2025-11-17 20:40:59.006 [http-nio-8080-exec-10] DEBUG o.s.security.web.FilterChainProxy - Securing GET /error
2025-11-17 20:40:59.006 [http-nio-8080-exec-10] DEBUG o.s.s.w.a.AnonymousAuthenticationFilter - Set SecurityContextHolder to anonymous SecurityContext
2025-11-17 20:40:59.006 [http-nio-8080-exec-10] DEBUG o.s.s.w.s.HttpSessionRequestCache - Saved request http://localhost:8080/error?continue to session
2025-11-17 20:40:59.006 [http-nio-8080-exec-10] DEBUG o.s.s.web.DefaultRedirectStrategy - Redirecting to http://localhost:8080/login
2025-11-17 20:40:59.008 [http-nio-8080-exec-1] DEBUG o.s.security.web.FilterChainProxy - Securing GET /login
2025-11-17 20:40:59.008 [http-nio-8080-exec-1] DEBUG o.s.security.web.FilterChainProxy - Secured GET /login
2025-11-17 20:40:59.008 [http-nio-8080-exec-1] DEBUG o.s.s.w.a.AnonymousAuthenticationFilter - Set SecurityContextHolder to anonymous SecurityContext
2025-11-17 20:40:59.009 [http-nio-8080-exec-1] DEBUG o.s.security.web.FilterChainProxy - Securing GET /error
2025-11-17 20:40:59.009 [http-nio-8080-exec-1] DEBUG o.s.s.w.a.AnonymousAuthenticationFilter - Set SecurityContextHolder to anonymous SecurityContext
2025-11-17 20:40:59.009 [http-nio-8080-exec-1] DEBUG o.s.s.w.s.HttpSessionRequestCache - Saved request http://localhost:8080/error?continue to session
2025-11-17 20:40:59.009 [http-nio-8080-exec-1] DEBUG o.s.s.web.DefaultRedirectStrategy - Redirecting to http://localhost:8080/login
2025-11-17 20:40:59.011 [http-nio-8080-exec-2] DEBUG o.s.security.web.FilterChainProxy - Securing GET /login
2025-11-17 20:40:59.012 [http-nio-8080-exec-2] DEBUG o.s.security.web.FilterChainProxy - Secured GET /login
2025-11-17 20:40:59.012 [http-nio-8080-exec-2] DEBUG o.s.s.w.a.AnonymousAuthenticationFilter - Set SecurityContextHolder to anonymous SecurityContext
2025-11-17 20:40:59.012 [http-nio-8080-exec-2] DEBUG o.s.security.web.FilterChainProxy - Securing GET /error
2025-11-17 20:40:59.012 [http-nio-8080-exec-2] DEBUG o.s.s.w.a.AnonymousAuthenticationFilter - Set SecurityContextHolder to anonymous SecurityContext
2025-11-17 20:40:59.013 [http-nio-8080-exec-2] DEBUG o.s.s.w.s.HttpSessionRequestCache - Saved request http://localhost:8080/error?continue to session
2025-11-17 20:40:59.013 [http-nio-8080-exec-2] DEBUG o.s.s.web.DefaultRedirectStrategy - Redirecting to http://localhost:8080/login
2025-11-17 20:40:59.014 [http-nio-8080-exec-3] DEBUG o.s.security.web.FilterChainProxy - Securing GET /login
2025-11-17 20:40:59.014 [http-nio-8080-exec-3] DEBUG o.s.security.web.FilterChainProxy - Secured GET /login
2025-11-17 20:40:59.015 [http-nio-8080-exec-3] DEBUG o.s.s.w.a.AnonymousAuthenticationFilter - Set SecurityContextHolder to anonymous SecurityContext
2025-11-17 20:40:59.015 [http-nio-8080-exec-3] DEBUG o.s.security.web.FilterChainProxy - Securing GET /error
2025-11-17 20:40:59.015 [http-nio-8080-exec-3] DEBUG o.s.s.w.a.AnonymousAuthenticationFilter - Set SecurityContextHolder to anonymous SecurityContext
2025-11-17 20:40:59.015 [http-nio-8080-exec-3] DEBUG o.s.s.w.s.HttpSessionRequestCache - Saved request http://localhost:8080/error?continue to session
2025-11-17 20:40:59.015 [http-nio-8080-exec-3] DEBUG o.s.s.web.DefaultRedirectStrategy - Redirecting to http://localhost:8080/login
2025-11-17 20:40:59.018 [http-nio-8080-exec-4] DEBUG o.s.security.web.FilterChainProxy - Securing GET /login
2025-11-17 20:40:59.018 [http-nio-8080-exec-4] DEBUG o.s.security.web.FilterChainProxy - Secured GET /login
2025-11-17 20:40:59.019 [http-nio-8080-exec-4] DEBUG o.s.s.w.a.AnonymousAuthenticationFilter - Set SecurityContextHolder to anonymous SecurityContext
2025-11-17 20:40:59.019 [http-nio-8080-exec-4] DEBUG o.s.security.web.FilterChainProxy - Securing GET /error
2025-11-17 20:40:59.019 [http-nio-8080-exec-4] DEBUG o.s.s.w.a.AnonymousAuthenticationFilter - Set SecurityContextHolder to anonymous SecurityContext
2025-11-17 20:40:59.019 [http-nio-8080-exec-4] DEBUG o.s.s.w.s.HttpSessionRequestCache - Saved request http://localhost:8080/error?continue to session
2025-11-17 20:40:59.019 [http-nio-8080-exec-4] DEBUG o.s.s.web.DefaultRedirectStrategy - Redirecting to http://localhost:8080/login
2025-11-17 20:40:59.021 [http-nio-8080-exec-5] DEBUG o.s.security.web.FilterChainProxy - Securing GET /login
2025-11-17 20:40:59.021 [http-nio-8080-exec-5] DEBUG o.s.security.web.FilterChainProxy - Secured GET /login
2025-11-17 20:40:59.021 [http-nio-8080-exec-5] DEBUG o.s.s.w.a.AnonymousAuthenticationFilter - Set SecurityContextHolder to anonymous SecurityContext
2025-11-17 20:40:59.022 [http-nio-8080-exec-5] DEBUG o.s.security.web.FilterChainProxy - Securing GET /error
2025-11-17 20:40:59.022 [http-nio-8080-exec-5] DEBUG o.s.s.w.a.AnonymousAuthenticationFilter - Set SecurityContextHolder to anonymous SecurityContext
2025-11-17 20:40:59.022 [http-nio-8080-exec-5] DEBUG o.s.s.w.s.HttpSessionRequestCache - Saved request http://localhost:8080/error?continue to session
2025-11-17 20:40:59.022 [http-nio-8080-exec-5] DEBUG o.s.s.web.DefaultRedirectStrategy - Redirecting to http://localhost:8080/login
2025-11-17 20:40:59.024 [http-nio-8080-exec-6] DEBUG o.s.security.web.FilterChainProxy - Securing GET /login
2025-11-17 20:40:59.024 [http-nio-8080-exec-6] DEBUG o.s.security.web.FilterChainProxy - Secured GET /login
2025-11-17 20:40:59.024 [http-nio-8080-exec-6] DEBUG o.s.s.w.a.AnonymousAuthenticationFilter - Set SecurityContextHolder to anonymous SecurityContext
2025-11-17 20:40:59.024 [http-nio-8080-exec-6] DEBUG o.s.security.web.FilterChainProxy - Securing GET /error
2025-11-17 20:40:59.024 [http-nio-8080-exec-6] DEBUG o.s.s.w.a.AnonymousAuthenticationFilter - Set SecurityContextHolder to anonymous SecurityContext
2025-11-17 20:40:59.025 [http-nio-8080-exec-6] DEBUG o.s.s.w.s.HttpSessionRequestCache - Saved request http://localhost:8080/error?continue to session
2025-11-17 20:40:59.025 [http-nio-8080-exec-6] DEBUG o.s.s.web.DefaultRedirectStrategy - Redirecting to http://localhost:8080/login
2025-11-17 20:40:59.027 [http-nio-8080-exec-7] DEBUG o.s.security.web.FilterChainProxy - Securing GET /login
2025-11-17 20:40:59.027 [http-nio-8080-exec-7] DEBUG o.s.security.web.FilterChainProxy - Secured GET /login
2025-11-17 20:40:59.027 [http-nio-8080-exec-7] DEBUG o.s.s.w.a.AnonymousAuthenticationFilter - Set SecurityContextHolder to anonymous SecurityContext
2025-11-17 20:40:59.027 [http-nio-8080-exec-7] DEBUG o.s.security.web.FilterChainProxy - Securing GET /error
2025-11-17 20:40:59.027 [http-nio-8080-exec-7] DEBUG o.s.s.w.a.AnonymousAuthenticationFilter - Set SecurityContextHolder to anonymous SecurityContext
2025-11-17 20:40:59.027 [http-nio-8080-exec-7] DEBUG o.s.s.w.s.HttpSessionRequestCache - Saved request http://localhost:8080/error?continue to session
2025-11-17 20:40:59.027 [http-nio-8080-exec-7] DEBUG o.s.s.web.DefaultRedirectStrategy - Redirecting to http://localhost:8080/login
2025-11-17 20:40:59.029 [http-nio-8080-exec-8] DEBUG o.s.security.web.FilterChainProxy - Securing GET /login
2025-11-17 20:40:59.029 [http-nio-8080-exec-8] DEBUG o.s.security.web.FilterChainProxy - Secured GET /login
2025-11-17 20:40:59.030 [http-nio-8080-exec-8] DEBUG o.s.s.w.a.AnonymousAuthenticationFilter - Set SecurityContextHolder to anonymous SecurityContext
2025-11-17 20:40:59.030 [http-nio-8080-exec-8] DEBUG o.s.security.web.FilterChainProxy - Securing GET /error
2025-11-17 20:40:59.030 [http-nio-8080-exec-8] DEBUG o.s.s.w.a.AnonymousAuthenticationFilter - Set SecurityContextHolder to anonymous SecurityContext
2025-11-17 20:40:59.030 [http-nio-8080-exec-8] DEBUG o.s.s.w.s.HttpSessionRequestCache - Saved request http://localhost:8080/error?continue to session
2025-11-17 20:40:59.030 [http-nio-8080-exec-8] DEBUG o.s.s.web.DefaultRedirectStrategy - Redirecting to http://localhost:8080/login
2025-11-17 20:40:59.032 [http-nio-8080-exec-9] DEBUG o.s.security.web.FilterChainProxy - Securing GET /login
2025-11-17 20:40:59.032 [http-nio-8080-exec-9] DEBUG o.s.security.web.FilterChainProxy - Secured GET /login
2025-11-17 20:40:59.033 [http-nio-8080-exec-9] DEBUG o.s.s.w.a.AnonymousAuthenticationFilter - Set SecurityContextHolder to anonymous SecurityContext
2025-11-17 20:40:59.034 [http-nio-8080-exec-9] DEBUG o.s.security.web.FilterChainProxy - Securing GET /error
2025-11-17 20:40:59.034 [http-nio-8080-exec-9] DEBUG o.s.s.w.a.AnonymousAuthenticationFilter - Set SecurityContextHolder to anonymous SecurityContext
2025-11-17 20:40:59.034 [http-nio-8080-exec-9] DEBUG o.s.s.w.s.HttpSessionRequestCache - Saved request http://localhost:8080/error?continue to session
2025-11-17 20:40:59.035 [http-nio-8080-exec-9] DEBUG o.s.s.web.DefaultRedirectStrategy - Redirecting to http://localhost:8080/login
2025-11-17 20:40:59.036 [http-nio-8080-exec-10] DEBUG o.s.security.web.FilterChainProxy - Securing GET /login
2025-11-17 20:40:59.037 [http-nio-8080-exec-10] DEBUG o.s.security.web.FilterChainProxy - Secured GET /login
2025-11-17 20:40:59.037 [http-nio-8080-exec-10] DEBUG o.s.s.w.a.AnonymousAuthenticationFilter - Set SecurityContextHolder to anonymous SecurityContext
2025-11-17 20:40:59.037 [http-nio-8080-exec-10] DEBUG o.s.security.web.FilterChainProxy - Securing GET /error
2025-11-17 20:40:59.037 [http-nio-8080-exec-10] DEBUG o.s.s.w.a.AnonymousAuthenticationFilter - Set SecurityContextHolder to anonymous SecurityContext
2025-11-17 20:40:59.038 [http-nio-8080-exec-10] DEBUG o.s.s.w.s.HttpSessionRequestCache - Saved request http://localhost:8080/error?continue to session
2025-11-17 20:40:59.038 [http-nio-8080-exec-10] DEBUG o.s.s.web.DefaultRedirectStrategy - Redirecting to http://localhost:8080/login
2025-11-17 20:40:59.156 [http-nio-8080-exec-1] DEBUG o.s.security.web.FilterChainProxy - Securing GET /login
2025-11-17 20:40:59.156 [http-nio-8080-exec-1] DEBUG o.s.security.web.FilterChainProxy - Secured GET /login
2025-11-17 20:40:59.157 [http-nio-8080-exec-1] DEBUG o.s.s.w.a.AnonymousAuthenticationFilter - Set SecurityContextHolder to anonymous SecurityContext
2025-11-17 20:40:59.157 [http-nio-8080-exec-1] DEBUG o.s.security.web.FilterChainProxy - Securing GET /error
2025-11-17 20:40:59.158 [http-nio-8080-exec-1] DEBUG o.s.s.w.a.AnonymousAuthenticationFilter - Set SecurityContextHolder to anonymous SecurityContext
2025-11-17 20:40:59.158 [http-nio-8080-exec-1] DEBUG o.s.s.w.s.HttpSessionRequestCache - Saved request http://localhost:8080/error?continue to session
2025-11-17 20:40:59.158 [http-nio-8080-exec-1] DEBUG o.s.s.web.DefaultRedirectStrategy - Redirecting to http://localhost:8080/login
2025-11-17 20:40:59.160 [http-nio-8080-exec-2] DEBUG o.s.security.web.FilterChainProxy - Securing GET /login
2025-11-17 20:40:59.160 [http-nio-8080-exec-2] DEBUG o.s.security.web.FilterChainProxy - Secured GET /login
2025-11-17 20:40:59.161 [http-nio-8080-exec-2] DEBUG o.s.s.w.a.AnonymousAuthenticationFilter - Set SecurityContextHolder to anonymous SecurityContext
2025-11-17 20:40:59.161 [http-nio-8080-exec-2] DEBUG o.s.security.web.FilterChainProxy - Securing GET /error
2025-11-17 20:40:59.161 [http-nio-8080-exec-2] DEBUG o.s.s.w.a.AnonymousAuthenticationFilter - Set SecurityContextHolder to anonymous SecurityContext
2025-11-17 20:40:59.161 [http-nio-8080-exec-2] DEBUG o.s.s.w.s.HttpSessionRequestCache - Saved request http://localhost:8080/error?continue to session
2025-11-17 20:40:59.161 [http-nio-8080-exec-2] DEBUG o.s.s.web.DefaultRedirectStrategy - Redirecting to http://localhost:8080/login
2025-11-17 20:40:59.163 [http-nio-8080-exec-3] DEBUG o.s.security.web.FilterChainProxy - Securing GET /login
2025-11-17 20:40:59.163 [http-nio-8080-exec-3] DEBUG o.s.security.web.FilterChainProxy - Secured GET /login
2025-11-17 20:40:59.164 [http-nio-8080-exec-3] DEBUG o.s.s.w.a.AnonymousAuthenticationFilter - Set SecurityContextHolder to anonymous SecurityContext
2025-11-17 20:40:59.164 [http-nio-8080-exec-3] DEBUG o.s.security.web.FilterChainProxy - Securing GET /error
2025-11-17 20:40:59.164 [http-nio-8080-exec-3] DEBUG o.s.s.w.a.AnonymousAuthenticationFilter - Set SecurityContextHolder to anonymous SecurityContext
2025-11-17 20:40:59.165 [http-nio-8080-exec-3] DEBUG o.s.s.w.s.HttpSessionRequestCache - Saved request http://localhost:8080/error?continue to session
2025-11-17 20:40:59.165 [http-nio-8080-exec-3] DEBUG o.s.s.web.DefaultRedirectStrategy - Redirecting to http://localhost:8080/login
2025-11-17 20:40:59.166 [http-nio-8080-exec-4] DEBUG o.s.security.web.FilterChainProxy - Securing GET /login
2025-11-17 20:40:59.167 [http-nio-8080-exec-4] DEBUG o.s.security.web.FilterChainProxy - Secured GET /login
2025-11-17 20:40:59.167 [http-nio-8080-exec-4] DEBUG o.s.s.w.a.AnonymousAuthenticationFilter - Set SecurityContextHolder to anonymous SecurityContext
2025-11-17 20:40:59.168 [http-nio-8080-exec-4] DEBUG o.s.security.web.FilterChainProxy - Securing GET /error
2025-11-17 20:40:59.168 [http-nio-8080-exec-4] DEBUG o.s.s.w.a.AnonymousAuthenticationFilter - Set SecurityContextHolder to anonymous SecurityContext
2025-11-17 20:40:59.168 [http-nio-8080-exec-4] DEBUG o.s.s.w.s.HttpSessionRequestCache - Saved request http://localhost:8080/error?continue to session
2025-11-17 20:40:59.168 [http-nio-8080-exec-4] DEBUG o.s.s.web.DefaultRedirectStrategy - Redirecting to http://localhost:8080/login
2025-11-17 20:40:59.170 [http-nio-8080-exec-5] DEBUG o.s.security.web.FilterChainProxy - Securing GET /login
2025-11-17 20:40:59.170 [http-nio-8080-exec-5] DEBUG o.s.security.web.FilterChainProxy - Secured GET /login
2025-11-17 20:40:59.171 [http-nio-8080-exec-5] DEBUG o.s.s.w.a.AnonymousAuthenticationFilter - Set SecurityContextHolder to anonymous SecurityContext
2025-11-17 20:40:59.171 [http-nio-8080-exec-5] DEBUG o.s.security.web.FilterChainProxy - Securing GET /error
2025-11-17 20:40:59.171 [http-nio-8080-exec-5] DEBUG o.s.s.w.a.AnonymousAuthenticationFilter - Set SecurityContextHolder to anonymous SecurityContext
2025-11-17 20:40:59.171 [http-nio-8080-exec-5] DEBUG o.s.s.w.s.HttpSessionRequestCache - Saved request http://localhost:8080/error?continue to session
2025-11-17 20:40:59.171 [http-nio-8080-exec-5] DEBUG o.s.s.web.DefaultRedirectStrategy - Redirecting to http://localhost:8080/login
2025-11-17 20:40:59.173 [http-nio-8080-exec-6] DEBUG o.s.security.web.FilterChainProxy - Securing GET /login
2025-11-17 20:40:59.173 [http-nio-8080-exec-6] DEBUG o.s.security.web.FilterChainProxy - Secured GET /login
2025-11-17 20:40:59.173 [http-nio-8080-exec-6] DEBUG o.s.s.w.a.AnonymousAuthenticationFilter - Set SecurityContextHolder to anonymous SecurityContext
2025-11-17 20:40:59.174 [http-nio-8080-exec-6] DEBUG o.s.security.web.FilterChainProxy - Securing GET /error
2025-11-17 20:40:59.174 [http-nio-8080-exec-6] DEBUG o.s.s.w.a.AnonymousAuthenticationFilter - Set SecurityContextHolder to anonymous SecurityContext
2025-11-17 20:40:59.174 [http-nio-8080-exec-6] DEBUG o.s.s.w.s.HttpSessionRequestCache - Saved request http://localhost:8080/error?continue to session
2025-11-17 20:40:59.174 [http-nio-8080-exec-6] DEBUG o.s.s.web.DefaultRedirectStrategy - Redirecting to http://localhost:8080/login
2025-11-17 20:40:59.176 [http-nio-8080-exec-7] DEBUG o.s.security.web.FilterChainProxy - Securing GET /login
2025-11-17 20:40:59.176 [http-nio-8080-exec-7] DEBUG o.s.security.web.FilterChainProxy - Secured GET /login
2025-11-17 20:40:59.177 [http-nio-8080-exec-7] DEBUG o.s.s.w.a.AnonymousAuthenticationFilter - Set SecurityContextHolder to anonymous SecurityContext
2025-11-17 20:40:59.177 [http-nio-8080-exec-7] DEBUG o.s.security.web.FilterChainProxy - Securing GET /error
2025-11-17 20:40:59.177 [http-nio-8080-exec-7] DEBUG o.s.s.w.a.AnonymousAuthenticationFilter - Set SecurityContextHolder to anonymous SecurityContext
2025-11-17 20:40:59.177 [http-nio-8080-exec-7] DEBUG o.s.s.w.s.HttpSessionRequestCache - Saved request http://localhost:8080/error?continue to session
2025-11-17 20:40:59.177 [http-nio-8080-exec-7] DEBUG o.s.s.web.DefaultRedirectStrategy - Redirecting to http://localhost:8080/login
2025-11-17 20:40:59.179 [http-nio-8080-exec-8] DEBUG o.s.security.web.FilterChainProxy - Securing GET /login
2025-11-17 20:40:59.179 [http-nio-8080-exec-8] DEBUG o.s.security.web.FilterChainProxy - Secured GET /login
2025-11-17 20:40:59.180 [http-nio-8080-exec-8] DEBUG o.s.s.w.a.AnonymousAuthenticationFilter - Set SecurityContextHolder to anonymous SecurityContext
2025-11-17 20:40:59.180 [http-nio-8080-exec-8] DEBUG o.s.security.web.FilterChainProxy - Securing GET /error
2025-11-17 20:40:59.180 [http-nio-8080-exec-8] DEBUG o.s.s.w.a.AnonymousAuthenticationFilter - Set SecurityContextHolder to anonymous SecurityContext
2025-11-17 20:40:59.180 [http-nio-8080-exec-8] DEBUG o.s.s.w.s.HttpSessionRequestCache - Saved request http://localhost:8080/error?continue to session
2025-11-17 20:40:59.180 [http-nio-8080-exec-8] DEBUG o.s.s.web.DefaultRedirectStrategy - Redirecting to http://localhost:8080/login
2025-11-17 20:40:59.182 [http-nio-8080-exec-9] DEBUG o.s.security.web.FilterChainProxy - Securing GET /login
2025-11-17 20:40:59.183 [http-nio-8080-exec-9] DEBUG o.s.security.web.FilterChainProxy - Secured GET /login
2025-11-17 20:40:59.183 [http-nio-8080-exec-9] DEBUG o.s.s.w.a.AnonymousAuthenticationFilter - Set SecurityContextHolder to anonymous SecurityContext
2025-11-17 20:40:59.184 [http-nio-8080-exec-9] DEBUG o.s.security.web.FilterChainProxy - Securing GET /error
2025-11-17 20:40:59.184 [http-nio-8080-exec-9] DEBUG o.s.s.w.a.AnonymousAuthenticationFilter - Set SecurityContextHolder to anonymous SecurityContext
2025-11-17 20:40:59.184 [http-nio-8080-exec-9] DEBUG o.s.s.w.s.HttpSessionRequestCache - Saved request http://localhost:8080/error?continue to session
2025-11-17 20:40:59.185 [http-nio-8080-exec-9] DEBUG o.s.s.web.DefaultRedirectStrategy - Redirecting to http://localhost:8080/login
2025-11-17 20:40:59.187 [http-nio-8080-exec-10] DEBUG o.s.security.web.FilterChainProxy - Securing GET /login
2025-11-17 20:40:59.187 [http-nio-8080-exec-10] DEBUG o.s.security.web.FilterChainProxy - Secured GET /login
2025-11-17 20:40:59.187 [http-nio-8080-exec-10] DEBUG o.s.s.w.a.AnonymousAuthenticationFilter - Set SecurityContextHolder to anonymous SecurityContext
2025-11-17 20:40:59.188 [http-nio-8080-exec-10] DEBUG o.s.security.web.FilterChainProxy - Securing GET /error
2025-11-17 20:40:59.188 [http-nio-8080-exec-10] DEBUG o.s.s.w.a.AnonymousAuthenticationFilter - Set SecurityContextHolder to anonymous SecurityContext
2025-11-17 20:40:59.188 [http-nio-8080-exec-10] DEBUG o.s.s.w.s.HttpSessionRequestCache - Saved request http://localhost:8080/error?continue to session
2025-11-17 20:40:59.188 [http-nio-8080-exec-10] DEBUG o.s.s.web.DefaultRedirectStrategy - Redirecting to http://localhost:8080/login
2025-11-17 20:40:59.190 [http-nio-8080-exec-1] DEBUG o.s.security.web.FilterChainProxy - Securing GET /login
2025-11-17 20:40:59.190 [http-nio-8080-exec-1] DEBUG o.s.security.web.FilterChainProxy - Secured GET /login
2025-11-17 20:40:59.190 [http-nio-8080-exec-1] DEBUG o.s.s.w.a.AnonymousAuthenticationFilter - Set SecurityContextHolder to anonymous SecurityContext
2025-11-17 20:40:59.191 [http-nio-8080-exec-1] DEBUG o.s.security.web.FilterChainProxy - Securing GET /error
2025-11-17 20:40:59.191 [http-nio-8080-exec-1] DEBUG o.s.s.w.a.AnonymousAuthenticationFilter - Set SecurityContextHolder to anonymous SecurityContext
2025-11-17 20:40:59.191 [http-nio-8080-exec-1] DEBUG o.s.s.w.s.HttpSessionRequestCache - Saved request http://localhost:8080/error?continue to session
2025-11-17 20:40:59.191 [http-nio-8080-exec-1] DEBUG o.s.s.web.DefaultRedirectStrategy - Redirecting to http://localhost:8080/login
2025-11-17 20:40:59.193 [http-nio-8080-exec-2] DEBUG o.s.security.web.FilterChainProxy - Securing GET /login
2025-11-17 20:40:59.194 [http-nio-8080-exec-2] DEBUG o.s.security.web.FilterChainProxy - Secured GET /login
2025-11-17 20:40:59.194 [http-nio-8080-exec-2] DEBUG o.s.s.w.a.AnonymousAuthenticationFilter - Set SecurityContextHolder to anonymous SecurityContext
2025-11-17 20:40:59.194 [http-nio-8080-exec-2] DEBUG o.s.security.web.FilterChainProxy - Securing GET /error
2025-11-17 20:40:59.194 [http-nio-8080-exec-2] DEBUG o.s.s.w.a.AnonymousAuthenticationFilter - Set SecurityContextHolder to anonymous SecurityContext
2025-11-17 20:40:59.195 [http-nio-8080-exec-2] DEBUG o.s.s.w.s.HttpSessionRequestCache - Saved request http://localhost:8080/error?continue to session
2025-11-17 20:40:59.195 [http-nio-8080-exec-2] DEBUG o.s.s.web.DefaultRedirectStrategy - Redirecting to http://localhost:8080/login
2025-11-17 20:40:59.196 [http-nio-8080-exec-3] DEBUG o.s.security.web.FilterChainProxy - Securing GET /login
2025-11-17 20:40:59.196 [http-nio-8080-exec-3] DEBUG o.s.security.web.FilterChainProxy - Secured GET /login
2025-11-17 20:40:59.197 [http-nio-8080-exec-3] DEBUG o.s.s.w.a.AnonymousAuthenticationFilter - Set SecurityContextHolder to anonymous SecurityContext
2025-11-17 20:40:59.197 [http-nio-8080-exec-3] DEBUG o.s.security.web.FilterChainProxy - Securing GET /error
2025-11-17 20:40:59.197 [http-nio-8080-exec-3] DEBUG o.s.s.w.a.AnonymousAuthenticationFilter - Set SecurityContextHolder to anonymous SecurityContext
2025-11-17 20:40:59.197 [http-nio-8080-exec-3] DEBUG o.s.s.w.s.HttpSessionRequestCache - Saved request http://localhost:8080/error?continue to session
2025-11-17 20:40:59.197 [http-nio-8080-exec-3] DEBUG o.s.s.web.DefaultRedirectStrategy - Redirecting to http://localhost:8080/login
2025-11-17 20:40:59.198 [http-nio-8080-exec-4] DEBUG o.s.security.web.FilterChainProxy - Securing GET /login
2025-11-17 20:40:59.198 [http-nio-8080-exec-4] DEBUG o.s.security.web.FilterChainProxy - Secured GET /login
2025-11-17 20:40:59.199 [http-nio-8080-exec-4] DEBUG o.s.s.w.a.AnonymousAuthenticationFilter - Set SecurityContextHolder to anonymous SecurityContext
2025-11-17 20:40:59.199 [http-nio-8080-exec-4] DEBUG o.s.security.web.FilterChainProxy - Securing GET /error
2025-11-17 20:40:59.199 [http-nio-8080-exec-4] DEBUG o.s.s.w.a.AnonymousAuthenticationFilter - Set SecurityContextHolder to anonymous SecurityContext
2025-11-17 20:40:59.199 [http-nio-8080-exec-4] DEBUG o.s.s.w.s.HttpSessionRequestCache - Saved request http://localhost:8080/error?continue to session
2025-11-17 20:40:59.199 [http-nio-8080-exec-4] DEBUG o.s.s.web.DefaultRedirectStrategy - Redirecting to http://localhost:8080/login
2025-11-17 20:40:59.201 [http-nio-8080-exec-5] DEBUG o.s.security.web.FilterChainProxy - Securing GET /login
2025-11-17 20:40:59.201 [http-nio-8080-exec-5] DEBUG o.s.security.web.FilterChainProxy - Secured GET /login
2025-11-17 20:40:59.201 [http-nio-8080-exec-5] DEBUG o.s.s.w.a.AnonymousAuthenticationFilter - Set SecurityContextHolder to anonymous SecurityContext
2025-11-17 20:40:59.202 [http-nio-8080-exec-5] DEBUG o.s.security.web.FilterChainProxy - Securing GET /error
2025-11-17 20:40:59.202 [http-nio-8080-exec-5] DEBUG o.s.s.w.a.AnonymousAuthenticationFilter - Set SecurityContextHolder to anonymous SecurityContext
2025-11-17 20:40:59.202 [http-nio-8080-exec-5] DEBUG o.s.s.w.s.HttpSessionRequestCache - Saved request http://localhost:8080/error?continue to session
2025-11-17 20:40:59.202 [http-nio-8080-exec-5] DEBUG o.s.s.web.DefaultRedirectStrategy - Redirecting to http://localhost:8080/login
2025-11-17 20:40:59.203 [http-nio-8080-exec-6] DEBUG o.s.security.web.FilterChainProxy - Securing GET /login
2025-11-17 20:40:59.203 [http-nio-8080-exec-6] DEBUG o.s.security.web.FilterChainProxy - Secured GET /login
2025-11-17 20:40:59.204 [http-nio-8080-exec-6] DEBUG o.s.s.w.a.AnonymousAuthenticationFilter - Set SecurityContextHolder to anonymous SecurityContext
2025-11-17 20:40:59.204 [http-nio-8080-exec-6] DEBUG o.s.security.web.FilterChainProxy - Securing GET /error
2025-11-17 20:40:59.204 [http-nio-8080-exec-6] DEBUG o.s.s.w.a.AnonymousAuthenticationFilter - Set SecurityContextHolder to anonymous SecurityContext
2025-11-17 20:40:59.204 [http-nio-8080-exec-6] DEBUG o.s.s.w.s.HttpSessionRequestCache - Saved request http://localhost:8080/error?continue to session
2025-11-17 20:40:59.204 [http-nio-8080-exec-6] DEBUG o.s.s.web.DefaultRedirectStrategy - Redirecting to http://localhost:8080/login
2025-11-17 20:40:59.206 [http-nio-8080-exec-7] DEBUG o.s.security.web.FilterChainProxy - Securing GET /login
2025-11-17 20:40:59.206 [http-nio-8080-exec-7] DEBUG o.s.security.web.FilterChainProxy - Secured GET /login
2025-11-17 20:40:59.206 [http-nio-8080-exec-7] DEBUG o.s.s.w.a.AnonymousAuthenticationFilter - Set SecurityContextHolder to anonymous SecurityContext
2025-11-17 20:40:59.207 [http-nio-8080-exec-7] DEBUG o.s.security.web.FilterChainProxy - Securing GET /error
2025-11-17 20:40:59.207 [http-nio-8080-exec-7] DEBUG o.s.s.w.a.AnonymousAuthenticationFilter - Set SecurityContextHolder to anonymous SecurityContext
2025-11-17 20:40:59.207 [http-nio-8080-exec-7] DEBUG o.s.s.w.s.HttpSessionRequestCache - Saved request http://localhost:8080/error?continue to session
2025-11-17 20:40:59.207 [http-nio-8080-exec-7] DEBUG o.s.s.web.DefaultRedirectStrategy - Redirecting to http://localhost:8080/login
2025-11-17 20:40:59.208 [http-nio-8080-exec-8] DEBUG o.s.security.web.FilterChainProxy - Securing GET /login
2025-11-17 20:40:59.209 [http-nio-8080-exec-8] DEBUG o.s.security.web.FilterChainProxy - Secured GET /login
2025-11-17 20:40:59.209 [http-nio-8080-exec-8] DEBUG o.s.s.w.a.AnonymousAuthenticationFilter - Set SecurityContextHolder to anonymous SecurityContext
2025-11-17 20:40:59.209 [http-nio-8080-exec-8] DEBUG o.s.security.web.FilterChainProxy - Securing GET /error
2025-11-17 20:40:59.209 [http-nio-8080-exec-8] DEBUG o.s.s.w.a.AnonymousAuthenticationFilter - Set SecurityContextHolder to anonymous SecurityContext
2025-11-17 20:40:59.210 [http-nio-8080-exec-8] DEBUG o.s.s.w.s.HttpSessionRequestCache - Saved request http://localhost:8080/error?continue to session
2025-11-17 20:40:59.210 [http-nio-8080-exec-8] DEBUG o.s.s.web.DefaultRedirectStrategy - Redirecting to http://localhost:8080/login
2025-11-17 20:40:59.212 [http-nio-8080-exec-9] DEBUG o.s.security.web.FilterChainProxy - Securing GET /login
2025-11-17 20:40:59.212 [http-nio-8080-exec-9] DEBUG o.s.security.web.FilterChainProxy - Secured GET /login
2025-11-17 20:40:59.212 [http-nio-8080-exec-9] DEBUG o.s.s.w.a.AnonymousAuthenticationFilter - Set SecurityContextHolder to anonymous SecurityContext
2025-11-17 20:40:59.212 [http-nio-8080-exec-9] DEBUG o.s.security.web.FilterChainProxy - Securing GET /error
2025-11-17 20:40:59.212 [http-nio-8080-exec-9] DEBUG o.s.s.w.a.AnonymousAuthenticationFilter - Set SecurityContextHolder to anonymous SecurityContext
2025-11-17 20:40:59.213 [http-nio-8080-exec-9] DEBUG o.s.s.w.s.HttpSessionRequestCache - Saved request http://localhost:8080/error?continue to session
2025-11-17 20:40:59.213 [http-nio-8080-exec-9] DEBUG o.s.s.web.DefaultRedirectStrategy - Redirecting to http://localhost:8080/login
2025-11-17 20:40:59.214 [http-nio-8080-exec-10] DEBUG o.s.security.web.FilterChainProxy - Securing GET /login
2025-11-17 20:40:59.215 [http-nio-8080-exec-10] DEBUG o.s.security.web.FilterChainProxy - Secured GET /login
2025-11-17 20:40:59.215 [http-nio-8080-exec-10] DEBUG o.s.s.w.a.AnonymousAuthenticationFilter - Set SecurityContextHolder to anonymous SecurityContext
2025-11-17 20:40:59.215 [http-nio-8080-exec-10] DEBUG o.s.security.web.FilterChainProxy - Securing GET /error
2025-11-17 20:40:59.215 [http-nio-8080-exec-10] DEBUG o.s.s.w.a.AnonymousAuthenticationFilter - Set SecurityContextHolder to anonymous SecurityContext
2025-11-17 20:40:59.216 [http-nio-8080-exec-10] DEBUG o.s.s.w.s.HttpSessionRequestCache - Saved request http://localhost:8080/error?continue to session
2025-11-17 20:40:59.216 [http-nio-8080-exec-10] DEBUG o.s.s.web.DefaultRedirectStrategy - Redirecting to http://localhost:8080/login
2025-11-17 20:40:59.293 [http-nio-8080-exec-1] DEBUG o.s.security.web.FilterChainProxy - Securing GET /login
2025-11-17 20:40:59.293 [http-nio-8080-exec-1] DEBUG o.s.security.web.FilterChainProxy - Secured GET /login
2025-11-17 20:40:59.293 [http-nio-8080-exec-1] DEBUG o.s.s.w.a.AnonymousAuthenticationFilter - Set SecurityContextHolder to anonymous SecurityContext
2025-11-17 20:40:59.294 [http-nio-8080-exec-1] DEBUG o.s.security.web.FilterChainProxy - Securing GET /error
2025-11-17 20:40:59.294 [http-nio-8080-exec-1] DEBUG o.s.s.w.a.AnonymousAuthenticationFilter - Set SecurityContextHolder to anonymous SecurityContext
2025-11-17 20:40:59.294 [http-nio-8080-exec-1] DEBUG o.s.s.w.s.HttpSessionRequestCache - Saved request http://localhost:8080/error?continue to session
2025-11-17 20:40:59.294 [http-nio-8080-exec-1] DEBUG o.s.s.web.DefaultRedirectStrategy - Redirecting to http://localhost:8080/login
2025-11-17 20:40:59.296 [http-nio-8080-exec-2] DEBUG o.s.security.web.FilterChainProxy - Securing GET /login
2025-11-17 20:40:59.296 [http-nio-8080-exec-2] DEBUG o.s.security.web.FilterChainProxy - Secured GET /login
2025-11-17 20:40:59.296 [http-nio-8080-exec-2] DEBUG o.s.s.w.a.AnonymousAuthenticationFilter - Set SecurityContextHolder to anonymous SecurityContext
2025-11-17 20:40:59.296 [http-nio-8080-exec-2] DEBUG o.s.security.web.FilterChainProxy - Securing GET /error
2025-11-17 20:40:59.297 [http-nio-8080-exec-2] DEBUG o.s.s.w.a.AnonymousAuthenticationFilter - Set SecurityContextHolder to anonymous SecurityContext
2025-11-17 20:40:59.297 [http-nio-8080-exec-2] DEBUG o.s.s.w.s.HttpSessionRequestCache - Saved request http://localhost:8080/error?continue to session
2025-11-17 20:40:59.297 [http-nio-8080-exec-2] DEBUG o.s.s.web.DefaultRedirectStrategy - Redirecting to http://localhost:8080/login
2025-11-17 20:40:59.298 [http-nio-8080-exec-3] DEBUG o.s.security.web.FilterChainProxy - Securing GET /login
2025-11-17 20:40:59.299 [http-nio-8080-exec-3] DEBUG o.s.security.web.FilterChainProxy - Secured GET /login
2025-11-17 20:40:59.299 [http-nio-8080-exec-3] DEBUG o.s.s.w.a.AnonymousAuthenticationFilter - Set SecurityContextHolder to anonymous SecurityContext
2025-11-17 20:40:59.299 [http-nio-8080-exec-3] DEBUG o.s.security.web.FilterChainProxy - Securing GET /error
2025-11-17 20:40:59.299 [http-nio-8080-exec-3] DEBUG o.s.s.w.a.AnonymousAuthenticationFilter - Set SecurityContextHolder to anonymous SecurityContext
2025-11-17 20:40:59.299 [http-nio-8080-exec-3] DEBUG o.s.s.w.s.HttpSessionRequestCache - Saved request http://localhost:8080/error?continue to session
2025-11-17 20:40:59.300 [http-nio-8080-exec-3] DEBUG o.s.s.web.DefaultRedirectStrategy - Redirecting to http://localhost:8080/login
2025-11-17 20:40:59.303 [http-nio-8080-exec-4] DEBUG o.s.security.web.FilterChainProxy - Securing GET /login
2025-11-17 20:40:59.303 [http-nio-8080-exec-4] DEBUG o.s.security.web.FilterChainProxy - Secured GET /login
2025-11-17 20:40:59.303 [http-nio-8080-exec-4] DEBUG o.s.s.w.a.AnonymousAuthenticationFilter - Set SecurityContextHolder to anonymous SecurityContext
2025-11-17 20:40:59.304 [http-nio-8080-exec-4] DEBUG o.s.security.web.FilterChainProxy - Securing GET /error
2025-11-17 20:40:59.304 [http-nio-8080-exec-4] DEBUG o.s.s.w.a.AnonymousAuthenticationFilter - Set SecurityContextHolder to anonymous SecurityContext
2025-11-17 20:40:59.304 [http-nio-8080-exec-4] DEBUG o.s.s.w.s.HttpSessionRequestCache - Saved request http://localhost:8080/error?continue to session
2025-11-17 20:40:59.304 [http-nio-8080-exec-4] DEBUG o.s.s.web.DefaultRedirectStrategy - Redirecting to http://localhost:8080/login
2025-11-17 20:40:59.306 [http-nio-8080-exec-5] DEBUG o.s.security.web.FilterChainProxy - Securing GET /login
2025-11-17 20:40:59.306 [http-nio-8080-exec-5] DEBUG o.s.security.web.FilterChainProxy - Secured GET /login
2025-11-17 20:40:59.306 [http-nio-8080-exec-5] DEBUG o.s.s.w.a.AnonymousAuthenticationFilter - Set SecurityContextHolder to anonymous SecurityContext
2025-11-17 20:40:59.306 [http-nio-8080-exec-5] DEBUG o.s.security.web.FilterChainProxy - Securing GET /error
2025-11-17 20:40:59.307 [http-nio-8080-exec-5] DEBUG o.s.s.w.a.AnonymousAuthenticationFilter - Set SecurityContextHolder to anonymous SecurityContext
2025-11-17 20:40:59.307 [http-nio-8080-exec-5] DEBUG o.s.s.w.s.HttpSessionRequestCache - Saved request http://localhost:8080/error?continue to session
2025-11-17 20:40:59.307 [http-nio-8080-exec-5] DEBUG o.s.s.web.DefaultRedirectStrategy - Redirecting to http://localhost:8080/login
2025-11-17 20:40:59.309 [http-nio-8080-exec-6] DEBUG o.s.security.web.FilterChainProxy - Securing GET /login
2025-11-17 20:40:59.309 [http-nio-8080-exec-6] DEBUG o.s.security.web.FilterChainProxy - Secured GET /login
2025-11-17 20:40:59.309 [http-nio-8080-exec-6] DEBUG o.s.s.w.a.AnonymousAuthenticationFilter - Set SecurityContextHolder to anonymous SecurityContext
2025-11-17 20:40:59.309 [http-nio-8080-exec-6] DEBUG o.s.security.web.FilterChainProxy - Securing GET /error
2025-11-17 20:40:59.309 [http-nio-8080-exec-6] DEBUG o.s.s.w.a.AnonymousAuthenticationFilter - Set SecurityContextHolder to anonymous SecurityContext
2025-11-17 20:40:59.310 [http-nio-8080-exec-6] DEBUG o.s.s.w.s.HttpSessionRequestCache - Saved request http://localhost:8080/error?continue to session
2025-11-17 20:40:59.310 [http-nio-8080-exec-6] DEBUG o.s.s.web.DefaultRedirectStrategy - Redirecting to http://localhost:8080/login
2025-11-17 20:40:59.311 [http-nio-8080-exec-7] DEBUG o.s.security.web.FilterChainProxy - Securing GET /login
2025-11-17 20:40:59.312 [http-nio-8080-exec-7] DEBUG o.s.security.web.FilterChainProxy - Secured GET /login
2025-11-17 20:40:59.312 [http-nio-8080-exec-7] DEBUG o.s.s.w.a.AnonymousAuthenticationFilter - Set SecurityContextHolder to anonymous SecurityContext
2025-11-17 20:40:59.312 [http-nio-8080-exec-7] DEBUG o.s.security.web.FilterChainProxy - Securing GET /error
2025-11-17 20:40:59.312 [http-nio-8080-exec-7] DEBUG o.s.s.w.a.AnonymousAuthenticationFilter - Set SecurityContextHolder to anonymous SecurityContext
2025-11-17 20:40:59.313 [http-nio-8080-exec-7] DEBUG o.s.s.w.s.HttpSessionRequestCache - Saved request http://localhost:8080/error?continue to session
2025-11-17 20:40:59.313 [http-nio-8080-exec-7] DEBUG o.s.s.web.DefaultRedirectStrategy - Redirecting to http://localhost:8080/login
2025-11-17 20:40:59.314 [http-nio-8080-exec-8] DEBUG o.s.security.web.FilterChainProxy - Securing GET /login
2025-11-17 20:40:59.314 [http-nio-8080-exec-8] DEBUG o.s.security.web.FilterChainProxy - Secured GET /login
2025-11-17 20:40:59.315 [http-nio-8080-exec-8] DEBUG o.s.s.w.a.AnonymousAuthenticationFilter - Set SecurityContextHolder to anonymous SecurityContext
2025-11-17 20:40:59.315 [http-nio-8080-exec-8] DEBUG o.s.security.web.FilterChainProxy - Securing GET /error
2025-11-17 20:40:59.315 [http-nio-8080-exec-8] DEBUG o.s.s.w.a.AnonymousAuthenticationFilter - Set SecurityContextHolder to anonymous SecurityContext
2025-11-17 20:40:59.315 [http-nio-8080-exec-8] DEBUG o.s.s.w.s.HttpSessionRequestCache - Saved request http://localhost:8080/error?continue to session
2025-11-17 20:40:59.315 [http-nio-8080-exec-8] DEBUG o.s.s.web.DefaultRedirectStrategy - Redirecting to http://localhost:8080/login
2025-11-17 20:40:59.318 [http-nio-8080-exec-9] DEBUG o.s.security.web.FilterChainProxy - Securing GET /login
2025-11-17 20:40:59.318 [http-nio-8080-exec-9] DEBUG o.s.security.web.FilterChainProxy - Secured GET /login
2025-11-17 20:40:59.319 [http-nio-8080-exec-9] DEBUG o.s.s.w.a.AnonymousAuthenticationFilter - Set SecurityContextHolder to anonymous SecurityContext
2025-11-17 20:40:59.319 [http-nio-8080-exec-9] DEBUG o.s.security.web.FilterChainProxy - Securing GET /error
2025-11-17 20:40:59.319 [http-nio-8080-exec-9] DEBUG o.s.s.w.a.AnonymousAuthenticationFilter - Set SecurityContextHolder to anonymous SecurityContext
2025-11-17 20:40:59.319 [http-nio-8080-exec-9] DEBUG o.s.s.w.s.HttpSessionRequestCache - Saved request http://localhost:8080/error?continue to session
2025-11-17 20:40:59.319 [http-nio-8080-exec-9] DEBUG o.s.s.web.DefaultRedirectStrategy - Redirecting to http://localhost:8080/login
2025-11-17 20:40:59.321 [http-nio-8080-exec-10] DEBUG o.s.security.web.FilterChainProxy - Securing GET /login
2025-11-17 20:40:59.321 [http-nio-8080-exec-10] DEBUG o.s.security.web.FilterChainProxy - Secured GET /login
2025-11-17 20:40:59.321 [http-nio-8080-exec-10] DEBUG o.s.s.w.a.AnonymousAuthenticationFilter - Set SecurityContextHolder to anonymous SecurityContext
2025-11-17 20:40:59.322 [http-nio-8080-exec-10] DEBUG o.s.security.web.FilterChainProxy - Securing GET /error
2025-11-17 20:40:59.322 [http-nio-8080-exec-10] DEBUG o.s.s.w.a.AnonymousAuthenticationFilter - Set SecurityContextHolder to anonymous SecurityContext
2025-11-17 20:40:59.322 [http-nio-8080-exec-10] DEBUG o.s.s.w.s.HttpSessionRequestCache - Saved request http://localhost:8080/error?continue to session
2025-11-17 20:40:59.322 [http-nio-8080-exec-10] DEBUG o.s.s.web.DefaultRedirectStrategy - Redirecting to http://localhost:8080/login
2025-11-17 20:40:59.323 [http-nio-8080-exec-1] DEBUG o.s.security.web.FilterChainProxy - Securing GET /login
2025-11-17 20:40:59.323 [http-nio-8080-exec-1] DEBUG o.s.security.web.FilterChainProxy - Secured GET /login
2025-11-17 20:40:59.324 [http-nio-8080-exec-1] DEBUG o.s.s.w.a.AnonymousAuthenticationFilter - Set SecurityContextHolder to anonymous SecurityContext
2025-11-17 20:40:59.324 [http-nio-8080-exec-1] DEBUG o.s.security.web.FilterChainProxy - Securing GET /error
2025-11-17 20:40:59.324 [http-nio-8080-exec-1] DEBUG o.s.s.w.a.AnonymousAuthenticationFilter - Set SecurityContextHolder to anonymous SecurityContext
2025-11-17 20:40:59.324 [http-nio-8080-exec-1] DEBUG o.s.s.w.s.HttpSessionRequestCache - Saved request http://localhost:8080/error?continue to session
2025-11-17 20:40:59.324 [http-nio-8080-exec-1] DEBUG o.s.s.web.DefaultRedirectStrategy - Redirecting to http://localhost:8080/login
2025-11-17 20:40:59.327 [http-nio-8080-exec-2] DEBUG o.s.security.web.FilterChainProxy - Securing GET /login
2025-11-17 20:40:59.327 [http-nio-8080-exec-2] DEBUG o.s.security.web.FilterChainProxy - Secured GET /login
2025-11-17 20:40:59.327 [http-nio-8080-exec-2] DEBUG o.s.s.w.a.AnonymousAuthenticationFilter - Set SecurityContextHolder to anonymous SecurityContext
2025-11-17 20:40:59.327 [http-nio-8080-exec-2] DEBUG o.s.security.web.FilterChainProxy - Securing GET /error
2025-11-17 20:40:59.328 [http-nio-8080-exec-2] DEBUG o.s.s.w.a.AnonymousAuthenticationFilter - Set SecurityContextHolder to anonymous SecurityContext
2025-11-17 20:40:59.328 [http-nio-8080-exec-2] DEBUG o.s.s.w.s.HttpSessionRequestCache - Saved request http://localhost:8080/error?continue to session
2025-11-17 20:40:59.328 [http-nio-8080-exec-2] DEBUG o.s.s.web.DefaultRedirectStrategy - Redirecting to http://localhost:8080/login
2025-11-17 20:40:59.329 [http-nio-8080-exec-3] DEBUG o.s.security.web.FilterChainProxy - Securing GET /login
2025-11-17 20:40:59.330 [http-nio-8080-exec-3] DEBUG o.s.security.web.FilterChainProxy - Secured GET /login
2025-11-17 20:40:59.330 [http-nio-8080-exec-3] DEBUG o.s.s.w.a.AnonymousAuthenticationFilter - Set SecurityContextHolder to anonymous SecurityContext
2025-11-17 20:40:59.330 [http-nio-8080-exec-3] DEBUG o.s.security.web.FilterChainProxy - Securing GET /error
2025-11-17 20:40:59.330 [http-nio-8080-exec-3] DEBUG o.s.s.w.a.AnonymousAuthenticationFilter - Set SecurityContextHolder to anonymous SecurityContext
2025-11-17 20:40:59.331 [http-nio-8080-exec-3] DEBUG o.s.s.w.s.HttpSessionRequestCache - Saved request http://localhost:8080/error?continue to session
2025-11-17 20:40:59.331 [http-nio-8080-exec-3] DEBUG o.s.s.web.DefaultRedirectStrategy - Redirecting to http://localhost:8080/login
2025-11-17 20:40:59.332 [http-nio-8080-exec-4] DEBUG o.s.security.web.FilterChainProxy - Securing GET /login
2025-11-17 20:40:59.332 [http-nio-8080-exec-4] DEBUG o.s.security.web.FilterChainProxy - Secured GET /login
2025-11-17 20:40:59.332 [http-nio-8080-exec-4] DEBUG o.s.s.w.a.AnonymousAuthenticationFilter - Set SecurityContextHolder to anonymous SecurityContext
2025-11-17 20:40:59.333 [http-nio-8080-exec-4] DEBUG o.s.security.web.FilterChainProxy - Securing GET /error
2025-11-17 20:40:59.333 [http-nio-8080-exec-4] DEBUG o.s.s.w.a.AnonymousAuthenticationFilter - Set SecurityContextHolder to anonymous SecurityContext
2025-11-17 20:40:59.333 [http-nio-8080-exec-4] DEBUG o.s.s.w.s.HttpSessionRequestCache - Saved request http://localhost:8080/error?continue to session
2025-11-17 20:40:59.333 [http-nio-8080-exec-4] DEBUG o.s.s.web.DefaultRedirectStrategy - Redirecting to http://localhost:8080/login
2025-11-17 20:40:59.335 [http-nio-8080-exec-5] DEBUG o.s.security.web.FilterChainProxy - Securing GET /login
2025-11-17 20:40:59.335 [http-nio-8080-exec-5] DEBUG o.s.security.web.FilterChainProxy - Secured GET /login
2025-11-17 20:40:59.336 [http-nio-8080-exec-5] DEBUG o.s.s.w.a.AnonymousAuthenticationFilter - Set SecurityContextHolder to anonymous SecurityContext
2025-11-17 20:40:59.336 [http-nio-8080-exec-5] DEBUG o.s.security.web.FilterChainProxy - Securing GET /error
2025-11-17 20:40:59.336 [http-nio-8080-exec-5] DEBUG o.s.s.w.a.AnonymousAuthenticationFilter - Set SecurityContextHolder to anonymous SecurityContext
2025-11-17 20:40:59.336 [http-nio-8080-exec-5] DEBUG o.s.s.w.s.HttpSessionRequestCache - Saved request http://localhost:8080/error?continue to session
2025-11-17 20:40:59.336 [http-nio-8080-exec-5] DEBUG o.s.s.web.DefaultRedirectStrategy - Redirecting to http://localhost:8080/login
2025-11-17 20:40:59.338 [http-nio-8080-exec-6] DEBUG o.s.security.web.FilterChainProxy - Securing GET /login
2025-11-17 20:40:59.338 [http-nio-8080-exec-6] DEBUG o.s.security.web.FilterChainProxy - Secured GET /login
2025-11-17 20:40:59.338 [http-nio-8080-exec-6] DEBUG o.s.s.w.a.AnonymousAuthenticationFilter - Set SecurityContextHolder to anonymous SecurityContext
2025-11-17 20:40:59.339 [http-nio-8080-exec-6] DEBUG o.s.security.web.FilterChainProxy - Securing GET /error
2025-11-17 20:40:59.339 [http-nio-8080-exec-6] DEBUG o.s.s.w.a.AnonymousAuthenticationFilter - Set SecurityContextHolder to anonymous SecurityContext
2025-11-17 20:40:59.339 [http-nio-8080-exec-6] DEBUG o.s.s.w.s.HttpSessionRequestCache - Saved request http://localhost:8080/error?continue to session
2025-11-17 20:40:59.339 [http-nio-8080-exec-6] DEBUG o.s.s.web.DefaultRedirectStrategy - Redirecting to http://localhost:8080/login
2025-11-17 20:40:59.341 [http-nio-8080-exec-7] DEBUG o.s.security.web.FilterChainProxy - Securing GET /login
2025-11-17 20:40:59.341 [http-nio-8080-exec-7] DEBUG o.s.security.web.FilterChainProxy - Secured GET /login
2025-11-17 20:40:59.341 [http-nio-8080-exec-7] DEBUG o.s.s.w.a.AnonymousAuthenticationFilter - Set SecurityContextHolder to anonymous SecurityContext
2025-11-17 20:40:59.341 [http-nio-8080-exec-7] DEBUG o.s.security.web.FilterChainProxy - Securing GET /error
2025-11-17 20:40:59.341 [http-nio-8080-exec-7] DEBUG o.s.s.w.a.AnonymousAuthenticationFilter - Set SecurityContextHolder to anonymous SecurityContext
2025-11-17 20:40:59.341 [http-nio-8080-exec-7] DEBUG o.s.s.w.s.HttpSessionRequestCache - Saved request http://localhost:8080/error?continue to session
2025-11-17 20:40:59.341 [http-nio-8080-exec-7] DEBUG o.s.s.web.DefaultRedirectStrategy - Redirecting to http://localhost:8080/login
2025-11-17 20:40:59.343 [http-nio-8080-exec-8] DEBUG o.s.security.web.FilterChainProxy - Securing GET /login
2025-11-17 20:40:59.343 [http-nio-8080-exec-8] DEBUG o.s.security.web.FilterChainProxy - Secured GET /login
2025-11-17 20:40:59.344 [http-nio-8080-exec-8] DEBUG o.s.s.w.a.AnonymousAuthenticationFilter - Set SecurityContextHolder to anonymous SecurityContext
2025-11-17 20:40:59.344 [http-nio-8080-exec-8] DEBUG o.s.security.web.FilterChainProxy - Securing GET /error
2025-11-17 20:40:59.344 [http-nio-8080-exec-8] DEBUG o.s.s.w.a.AnonymousAuthenticationFilter - Set SecurityContextHolder to anonymous SecurityContext
2025-11-17 20:40:59.344 [http-nio-8080-exec-8] DEBUG o.s.s.w.s.HttpSessionRequestCache - Saved request http://localhost:8080/error?continue to session
2025-11-17 20:40:59.344 [http-nio-8080-exec-8] DEBUG o.s.s.web.DefaultRedirectStrategy - Redirecting to http://localhost:8080/login
2025-11-17 20:40:59.346 [http-nio-8080-exec-9] DEBUG o.s.security.web.FilterChainProxy - Securing GET /login
2025-11-17 20:40:59.347 [http-nio-8080-exec-9] DEBUG o.s.security.web.FilterChainProxy - Secured GET /login
2025-11-17 20:40:59.347 [http-nio-8080-exec-9] DEBUG o.s.s.w.a.AnonymousAuthenticationFilter - Set SecurityContextHolder to anonymous SecurityContext
2025-11-17 20:40:59.347 [http-nio-8080-exec-9] DEBUG o.s.security.web.FilterChainProxy - Securing GET /error
2025-11-17 20:40:59.347 [http-nio-8080-exec-9] DEBUG o.s.s.w.a.AnonymousAuthenticationFilter - Set SecurityContextHolder to anonymous SecurityContext
2025-11-17 20:40:59.348 [http-nio-8080-exec-9] DEBUG o.s.s.w.s.HttpSessionRequestCache - Saved request http://localhost:8080/error?continue to session
2025-11-17 20:40:59.348 [http-nio-8080-exec-9] DEBUG o.s.s.web.DefaultRedirectStrategy - Redirecting to http://localhost:8080/login
2025-11-17 20:40:59.349 [http-nio-8080-exec-10] DEBUG o.s.security.web.FilterChainProxy - Securing GET /login
2025-11-17 20:40:59.349 [http-nio-8080-exec-10] DEBUG o.s.security.web.FilterChainProxy - Secured GET /login
2025-11-17 20:40:59.350 [http-nio-8080-exec-10] DEBUG o.s.s.w.a.AnonymousAuthenticationFilter - Set SecurityContextHolder to anonymous SecurityContext
2025-11-17 20:40:59.350 [http-nio-8080-exec-10] DEBUG o.s.security.web.FilterChainProxy - Securing GET /error
2025-11-17 20:40:59.350 [http-nio-8080-exec-10] DEBUG o.s.s.w.a.AnonymousAuthenticationFilter - Set SecurityContextHolder to anonymous SecurityContext
2025-11-17 20:40:59.351 [http-nio-8080-exec-10] DEBUG o.s.s.w.s.HttpSessionRequestCache - Saved request http://localhost:8080/error?continue to session
2025-11-17 20:40:59.351 [http-nio-8080-exec-10] DEBUG o.s.s.web.DefaultRedirectStrategy - Redirecting to http://localhost:8080/login
2025-11-17 20:40:59.488 [http-nio-8080-exec-1] DEBUG o.s.security.web.FilterChainProxy - Securing GET /login
2025-11-17 20:40:59.488 [http-nio-8080-exec-1] DEBUG o.s.security.web.FilterChainProxy - Secured GET /login
2025-11-17 20:40:59.489 [http-nio-8080-exec-1] DEBUG o.s.s.w.a.AnonymousAuthenticationFilter - Set SecurityContextHolder to anonymous SecurityContext
2025-11-17 20:40:59.489 [http-nio-8080-exec-1] DEBUG o.s.security.web.FilterChainProxy - Securing GET /error
2025-11-17 20:40:59.489 [http-nio-8080-exec-1] DEBUG o.s.s.w.a.AnonymousAuthenticationFilter - Set SecurityContextHolder to anonymous SecurityContext
2025-11-17 20:40:59.489 [http-nio-8080-exec-1] DEBUG o.s.s.w.s.HttpSessionRequestCache - Saved request http://localhost:8080/error?continue to session
2025-11-17 20:40:59.490 [http-nio-8080-exec-1] DEBUG o.s.s.web.DefaultRedirectStrategy - Redirecting to http://localhost:8080/login
2025-11-17 20:40:59.492 [http-nio-8080-exec-2] DEBUG o.s.security.web.FilterChainProxy - Securing GET /login
2025-11-17 20:40:59.492 [http-nio-8080-exec-2] DEBUG o.s.security.web.FilterChainProxy - Secured GET /login
2025-11-17 20:40:59.492 [http-nio-8080-exec-2] DEBUG o.s.s.w.a.AnonymousAuthenticationFilter - Set SecurityContextHolder to anonymous SecurityContext
2025-11-17 20:40:59.492 [http-nio-8080-exec-2] DEBUG o.s.security.web.FilterChainProxy - Securing GET /error
2025-11-17 20:40:59.493 [http-nio-8080-exec-2] DEBUG o.s.s.w.a.AnonymousAuthenticationFilter - Set SecurityContextHolder to anonymous SecurityContext
2025-11-17 20:40:59.493 [http-nio-8080-exec-2] DEBUG o.s.s.w.s.HttpSessionRequestCache - Saved request http://localhost:8080/error?continue to session
2025-11-17 20:40:59.493 [http-nio-8080-exec-2] DEBUG o.s.s.web.DefaultRedirectStrategy - Redirecting to http://localhost:8080/login
2025-11-17 20:40:59.495 [http-nio-8080-exec-3] DEBUG o.s.security.web.FilterChainProxy - Securing GET /login
2025-11-17 20:40:59.495 [http-nio-8080-exec-3] DEBUG o.s.security.web.FilterChainProxy - Secured GET /login
2025-11-17 20:40:59.495 [http-nio-8080-exec-3] DEBUG o.s.s.w.a.AnonymousAuthenticationFilter - Set SecurityContextHolder to anonymous SecurityContext
2025-11-17 20:40:59.496 [http-nio-8080-exec-3] DEBUG o.s.security.web.FilterChainProxy - Securing GET /error
2025-11-17 20:40:59.496 [http-nio-8080-exec-3] DEBUG o.s.s.w.a.AnonymousAuthenticationFilter - Set SecurityContextHolder to anonymous SecurityContext
2025-11-17 20:40:59.496 [http-nio-8080-exec-3] DEBUG o.s.s.w.s.HttpSessionRequestCache - Saved request http://localhost:8080/error?continue to session
2025-11-17 20:40:59.496 [http-nio-8080-exec-3] DEBUG o.s.s.web.DefaultRedirectStrategy - Redirecting to http://localhost:8080/login
2025-11-17 20:40:59.498 [http-nio-8080-exec-4] DEBUG o.s.security.web.FilterChainProxy - Securing GET /login
2025-11-17 20:40:59.498 [http-nio-8080-exec-4] DEBUG o.s.security.web.FilterChainProxy - Secured GET /login
2025-11-17 20:40:59.499 [http-nio-8080-exec-4] DEBUG o.s.s.w.a.AnonymousAuthenticationFilter - Set SecurityContextHolder to anonymous SecurityContext
2025-11-17 20:40:59.499 [http-nio-8080-exec-4] DEBUG o.s.security.web.FilterChainProxy - Securing GET /error
2025-11-17 20:40:59.499 [http-nio-8080-exec-4] DEBUG o.s.s.w.a.AnonymousAuthenticationFilter - Set SecurityContextHolder to anonymous SecurityContext
2025-11-17 20:40:59.499 [http-nio-8080-exec-4] DEBUG o.s.s.w.s.HttpSessionRequestCache - Saved request http://localhost:8080/error?continue to session
2025-11-17 20:40:59.499 [http-nio-8080-exec-4] DEBUG o.s.s.web.DefaultRedirectStrategy - Redirecting to http://localhost:8080/login
2025-11-17 20:40:59.503 [http-nio-8080-exec-5] DEBUG o.s.security.web.FilterChainProxy - Securing GET /login
2025-11-17 20:40:59.503 [http-nio-8080-exec-5] DEBUG o.s.security.web.FilterChainProxy - Secured GET /login
2025-11-17 20:40:59.503 [http-nio-8080-exec-5] DEBUG o.s.s.w.a.AnonymousAuthenticationFilter - Set SecurityContextHolder to anonymous SecurityContext
2025-11-17 20:40:59.503 [http-nio-8080-exec-5] DEBUG o.s.security.web.FilterChainProxy - Securing GET /error
2025-11-17 20:40:59.504 [http-nio-8080-exec-5] DEBUG o.s.s.w.a.AnonymousAuthenticationFilter - Set SecurityContextHolder to anonymous SecurityContext
2025-11-17 20:40:59.504 [http-nio-8080-exec-5] DEBUG o.s.s.w.s.HttpSessionRequestCache - Saved request http://localhost:8080/error?continue to session
2025-11-17 20:40:59.504 [http-nio-8080-exec-5] DEBUG o.s.s.web.DefaultRedirectStrategy - Redirecting to http://localhost:8080/login
2025-11-17 20:40:59.505 [http-nio-8080-exec-6] DEBUG o.s.security.web.FilterChainProxy - Securing GET /login
2025-11-17 20:40:59.506 [http-nio-8080-exec-6] DEBUG o.s.security.web.FilterChainProxy - Secured GET /login
2025-11-17 20:40:59.506 [http-nio-8080-exec-6] DEBUG o.s.s.w.a.AnonymousAuthenticationFilter - Set SecurityContextHolder to anonymous SecurityContext
2025-11-17 20:40:59.506 [http-nio-8080-exec-6] DEBUG o.s.security.web.FilterChainProxy - Securing GET /error
2025-11-17 20:40:59.506 [http-nio-8080-exec-6] DEBUG o.s.s.w.a.AnonymousAuthenticationFilter - Set SecurityContextHolder to anonymous SecurityContext
2025-11-17 20:40:59.506 [http-nio-8080-exec-6] DEBUG o.s.s.w.s.HttpSessionRequestCache - Saved request http://localhost:8080/error?continue to session
2025-11-17 20:40:59.506 [http-nio-8080-exec-6] DEBUG o.s.s.web.DefaultRedirectStrategy - Redirecting to http://localhost:8080/login
2025-11-17 20:40:59.508 [http-nio-8080-exec-7] DEBUG o.s.security.web.FilterChainProxy - Securing GET /login
2025-11-17 20:40:59.508 [http-nio-8080-exec-7] DEBUG o.s.security.web.FilterChainProxy - Secured GET /login
2025-11-17 20:40:59.509 [http-nio-8080-exec-7] DEBUG o.s.s.w.a.AnonymousAuthenticationFilter - Set SecurityContextHolder to anonymous SecurityContext
2025-11-17 20:40:59.509 [http-nio-8080-exec-7] DEBUG o.s.security.web.FilterChainProxy - Securing GET /error
2025-11-17 20:40:59.509 [http-nio-8080-exec-7] DEBUG o.s.s.w.a.AnonymousAuthenticationFilter - Set SecurityContextHolder to anonymous SecurityContext
2025-11-17 20:40:59.509 [http-nio-8080-exec-7] DEBUG o.s.s.w.s.HttpSessionRequestCache - Saved request http://localhost:8080/error?continue to session
2025-11-17 20:40:59.509 [http-nio-8080-exec-7] DEBUG o.s.s.web.DefaultRedirectStrategy - Redirecting to http://localhost:8080/login
2025-11-17 20:40:59.511 [http-nio-8080-exec-8] DEBUG o.s.security.web.FilterChainProxy - Securing GET /login
2025-11-17 20:40:59.511 [http-nio-8080-exec-8] DEBUG o.s.security.web.FilterChainProxy - Secured GET /login
2025-11-17 20:40:59.511 [http-nio-8080-exec-8] DEBUG o.s.s.w.a.AnonymousAuthenticationFilter - Set SecurityContextHolder to anonymous SecurityContext
2025-11-17 20:40:59.512 [http-nio-8080-exec-8] DEBUG o.s.security.web.FilterChainProxy - Securing GET /error
2025-11-17 20:40:59.512 [http-nio-8080-exec-8] DEBUG o.s.s.w.a.AnonymousAuthenticationFilter - Set SecurityContextHolder to anonymous SecurityContext
2025-11-17 20:40:59.512 [http-nio-8080-exec-8] DEBUG o.s.s.w.s.HttpSessionRequestCache - Saved request http://localhost:8080/error?continue to session
2025-11-17 20:40:59.512 [http-nio-8080-exec-8] DEBUG o.s.s.web.DefaultRedirectStrategy - Redirecting to http://localhost:8080/login
2025-11-17 20:40:59.513 [http-nio-8080-exec-9] DEBUG o.s.security.web.FilterChainProxy - Securing GET /login
2025-11-17 20:40:59.514 [http-nio-8080-exec-9] DEBUG o.s.security.web.FilterChainProxy - Secured GET /login
2025-11-17 20:40:59.514 [http-nio-8080-exec-9] DEBUG o.s.s.w.a.AnonymousAuthenticationFilter - Set SecurityContextHolder to anonymous SecurityContext
2025-11-17 20:40:59.514 [http-nio-8080-exec-9] DEBUG o.s.security.web.FilterChainProxy - Securing GET /error
2025-11-17 20:40:59.514 [http-nio-8080-exec-9] DEBUG o.s.s.w.a.AnonymousAuthenticationFilter - Set SecurityContextHolder to anonymous SecurityContext
2025-11-17 20:40:59.514 [http-nio-8080-exec-9] DEBUG o.s.s.w.s.HttpSessionRequestCache - Saved request http://localhost:8080/error?continue to session
2025-11-17 20:40:59.514 [http-nio-8080-exec-9] DEBUG o.s.s.web.DefaultRedirectStrategy - Redirecting to http://localhost:8080/login
2025-11-17 20:40:59.516 [http-nio-8080-exec-10] DEBUG o.s.security.web.FilterChainProxy - Securing GET /login
2025-11-17 20:40:59.516 [http-nio-8080-exec-10] DEBUG o.s.security.web.FilterChainProxy - Secured GET /login
2025-11-17 20:40:59.517 [http-nio-8080-exec-10] DEBUG o.s.s.w.a.AnonymousAuthenticationFilter - Set SecurityContextHolder to anonymous SecurityContext
2025-11-17 20:40:59.517 [http-nio-8080-exec-10] DEBUG o.s.security.web.FilterChainProxy - Securing GET /error
2025-11-17 20:40:59.517 [http-nio-8080-exec-10] DEBUG o.s.s.w.a.AnonymousAuthenticationFilter - Set SecurityContextHolder to anonymous SecurityContext
2025-11-17 20:40:59.517 [http-nio-8080-exec-10] DEBUG o.s.s.w.s.HttpSessionRequestCache - Saved request http://localhost:8080/error?continue to session
2025-11-17 20:40:59.518 [http-nio-8080-exec-10] DEBUG o.s.s.web.DefaultRedirectStrategy - Redirecting to http://localhost:8080/login
2025-11-17 20:40:59.519 [http-nio-8080-exec-1] DEBUG o.s.security.web.FilterChainProxy - Securing GET /login
2025-11-17 20:40:59.520 [http-nio-8080-exec-1] DEBUG o.s.security.web.FilterChainProxy - Secured GET /login
2025-11-17 20:40:59.520 [http-nio-8080-exec-1] DEBUG o.s.s.w.a.AnonymousAuthenticationFilter - Set SecurityContextHolder to anonymous SecurityContext
2025-11-17 20:40:59.520 [http-nio-8080-exec-1] DEBUG o.s.security.web.FilterChainProxy - Securing GET /error
2025-11-17 20:40:59.520 [http-nio-8080-exec-1] DEBUG o.s.s.w.a.AnonymousAuthenticationFilter - Set SecurityContextHolder to anonymous SecurityContext
2025-11-17 20:40:59.521 [http-nio-8080-exec-1] DEBUG o.s.s.w.s.HttpSessionRequestCache - Saved request http://localhost:8080/error?continue to session
2025-11-17 20:40:59.521 [http-nio-8080-exec-1] DEBUG o.s.s.web.DefaultRedirectStrategy - Redirecting to http://localhost:8080/login
2025-11-17 20:40:59.523 [http-nio-8080-exec-2] DEBUG o.s.security.web.FilterChainProxy - Securing GET /login
2025-11-17 20:40:59.523 [http-nio-8080-exec-2] DEBUG o.s.security.web.FilterChainProxy - Secured GET /login
2025-11-17 20:40:59.523 [http-nio-8080-exec-2] DEBUG o.s.s.w.a.AnonymousAuthenticationFilter - Set SecurityContextHolder to anonymous SecurityContext
2025-11-17 20:40:59.523 [http-nio-8080-exec-2] DEBUG o.s.security.web.FilterChainProxy - Securing GET /error
2025-11-17 20:40:59.523 [http-nio-8080-exec-2] DEBUG o.s.s.w.a.AnonymousAuthenticationFilter - Set SecurityContextHolder to anonymous SecurityContext
2025-11-17 20:40:59.524 [http-nio-8080-exec-2] DEBUG o.s.s.w.s.HttpSessionRequestCache - Saved request http://localhost:8080/error?continue to session
2025-11-17 20:40:59.524 [http-nio-8080-exec-2] DEBUG o.s.s.web.DefaultRedirectStrategy - Redirecting to http://localhost:8080/login
2025-11-17 20:40:59.526 [http-nio-8080-exec-3] DEBUG o.s.security.web.FilterChainProxy - Securing GET /login
2025-11-17 20:40:59.526 [http-nio-8080-exec-3] DEBUG o.s.security.web.FilterChainProxy - Secured GET /login
2025-11-17 20:40:59.526 [http-nio-8080-exec-3] DEBUG o.s.s.w.a.AnonymousAuthenticationFilter - Set SecurityContextHolder to anonymous SecurityContext
2025-11-17 20:40:59.526 [http-nio-8080-exec-3] DEBUG o.s.security.web.FilterChainProxy - Securing GET /error
2025-11-17 20:40:59.526 [http-nio-8080-exec-3] DEBUG o.s.s.w.a.AnonymousAuthenticationFilter - Set SecurityContextHolder to anonymous SecurityContext
2025-11-17 20:40:59.527 [http-nio-8080-exec-3] DEBUG o.s.s.w.s.HttpSessionRequestCache - Saved request http://localhost:8080/error?continue to session
2025-11-17 20:40:59.527 [http-nio-8080-exec-3] DEBUG o.s.s.web.DefaultRedirectStrategy - Redirecting to http://localhost:8080/login
2025-11-17 20:40:59.528 [http-nio-8080-exec-4] DEBUG o.s.security.web.FilterChainProxy - Securing GET /login
2025-11-17 20:40:59.528 [http-nio-8080-exec-4] DEBUG o.s.security.web.FilterChainProxy - Secured GET /login
2025-11-17 20:40:59.529 [http-nio-8080-exec-4] DEBUG o.s.s.w.a.AnonymousAuthenticationFilter - Set SecurityContextHolder to anonymous SecurityContext
2025-11-17 20:40:59.529 [http-nio-8080-exec-4] DEBUG o.s.security.web.FilterChainProxy - Securing GET /error
2025-11-17 20:40:59.529 [http-nio-8080-exec-4] DEBUG o.s.s.w.a.AnonymousAuthenticationFilter - Set SecurityContextHolder to anonymous SecurityContext
2025-11-17 20:40:59.529 [http-nio-8080-exec-4] DEBUG o.s.s.w.s.HttpSessionRequestCache - Saved request http://localhost:8080/error?continue to session
2025-11-17 20:40:59.529 [http-nio-8080-exec-4] DEBUG o.s.s.web.DefaultRedirectStrategy - Redirecting to http://localhost:8080/login
2025-11-17 20:40:59.530 [http-nio-8080-exec-5] DEBUG o.s.security.web.FilterChainProxy - Securing GET /login
2025-11-17 20:40:59.531 [http-nio-8080-exec-5] DEBUG o.s.security.web.FilterChainProxy - Secured GET /login
2025-11-17 20:40:59.531 [http-nio-8080-exec-5] DEBUG o.s.s.w.a.AnonymousAuthenticationFilter - Set SecurityContextHolder to anonymous SecurityContext
2025-11-17 20:40:59.531 [http-nio-8080-exec-5] DEBUG o.s.security.web.FilterChainProxy - Securing GET /error
2025-11-17 20:40:59.531 [http-nio-8080-exec-5] DEBUG o.s.s.w.a.AnonymousAuthenticationFilter - Set SecurityContextHolder to anonymous SecurityContext
2025-11-17 20:40:59.531 [http-nio-8080-exec-5] DEBUG o.s.s.w.s.HttpSessionRequestCache - Saved request http://localhost:8080/error?continue to session
2025-11-17 20:40:59.531 [http-nio-8080-exec-5] DEBUG o.s.s.web.DefaultRedirectStrategy - Redirecting to http://localhost:8080/login
2025-11-17 20:40:59.533 [http-nio-8080-exec-6] DEBUG o.s.security.web.FilterChainProxy - Securing GET /login
2025-11-17 20:40:59.533 [http-nio-8080-exec-6] DEBUG o.s.security.web.FilterChainProxy - Secured GET /login
2025-11-17 20:40:59.533 [http-nio-8080-exec-6] DEBUG o.s.s.w.a.AnonymousAuthenticationFilter - Set SecurityContextHolder to anonymous SecurityContext
2025-11-17 20:40:59.533 [http-nio-8080-exec-6] DEBUG o.s.security.web.FilterChainProxy - Securing GET /error
2025-11-17 20:40:59.534 [http-nio-8080-exec-6] DEBUG o.s.s.w.a.AnonymousAuthenticationFilter - Set SecurityContextHolder to anonymous SecurityContext
2025-11-17 20:40:59.534 [http-nio-8080-exec-6] DEBUG o.s.s.w.s.HttpSessionRequestCache - Saved request http://localhost:8080/error?continue to session
2025-11-17 20:40:59.534 [http-nio-8080-exec-6] DEBUG o.s.s.web.DefaultRedirectStrategy - Redirecting to http://localhost:8080/login
2025-11-17 20:40:59.536 [http-nio-8080-exec-7] DEBUG o.s.security.web.FilterChainProxy - Securing GET /login
2025-11-17 20:40:59.536 [http-nio-8080-exec-7] DEBUG o.s.security.web.FilterChainProxy - Secured GET /login
2025-11-17 20:40:59.536 [http-nio-8080-exec-7] DEBUG o.s.s.w.a.AnonymousAuthenticationFilter - Set SecurityContextHolder to anonymous SecurityContext
2025-11-17 20:40:59.537 [http-nio-8080-exec-7] DEBUG o.s.security.web.FilterChainProxy - Securing GET /error
2025-11-17 20:40:59.537 [http-nio-8080-exec-7] DEBUG o.s.s.w.a.AnonymousAuthenticationFilter - Set SecurityContextHolder to anonymous SecurityContext
2025-11-17 20:40:59.537 [http-nio-8080-exec-7] DEBUG o.s.s.w.s.HttpSessionRequestCache - Saved request http://localhost:8080/error?continue to session
2025-11-17 20:40:59.537 [http-nio-8080-exec-7] DEBUG o.s.s.web.DefaultRedirectStrategy - Redirecting to http://localhost:8080/login
2025-11-17 20:40:59.538 [http-nio-8080-exec-8] DEBUG o.s.security.web.FilterChainProxy - Securing GET /login
2025-11-17 20:40:59.538 [http-nio-8080-exec-8] DEBUG o.s.security.web.FilterChainProxy - Secured GET /login
2025-11-17 20:40:59.539 [http-nio-8080-exec-8] DEBUG o.s.s.w.a.AnonymousAuthenticationFilter - Set SecurityContextHolder to anonymous SecurityContext
2025-11-17 20:40:59.539 [http-nio-8080-exec-8] DEBUG o.s.security.web.FilterChainProxy - Securing GET /error
2025-11-17 20:40:59.539 [http-nio-8080-exec-8] DEBUG o.s.s.w.a.AnonymousAuthenticationFilter - Set SecurityContextHolder to anonymous SecurityContext
2025-11-17 20:40:59.539 [http-nio-8080-exec-8] DEBUG o.s.s.w.s.HttpSessionRequestCache - Saved request http://localhost:8080/error?continue to session
2025-11-17 20:40:59.539 [http-nio-8080-exec-8] DEBUG o.s.s.web.DefaultRedirectStrategy - Redirecting to http://localhost:8080/login
2025-11-17 20:40:59.541 [http-nio-8080-exec-9] DEBUG o.s.security.web.FilterChainProxy - Securing GET /login
2025-11-17 20:40:59.541 [http-nio-8080-exec-9] DEBUG o.s.security.web.FilterChainProxy - Secured GET /login
2025-11-17 20:40:59.541 [http-nio-8080-exec-9] DEBUG o.s.s.w.a.AnonymousAuthenticationFilter - Set SecurityContextHolder to anonymous SecurityContext
2025-11-17 20:40:59.542 [http-nio-8080-exec-9] DEBUG o.s.security.web.FilterChainProxy - Securing GET /error
2025-11-17 20:40:59.542 [http-nio-8080-exec-9] DEBUG o.s.s.w.a.AnonymousAuthenticationFilter - Set SecurityContextHolder to anonymous SecurityContext
2025-11-17 20:40:59.542 [http-nio-8080-exec-9] DEBUG o.s.s.w.s.HttpSessionRequestCache - Saved request http://localhost:8080/error?continue to session
2025-11-17 20:40:59.542 [http-nio-8080-exec-9] DEBUG o.s.s.web.DefaultRedirectStrategy - Redirecting to http://localhost:8080/login
2025-11-17 20:40:59.544 [http-nio-8080-exec-10] DEBUG o.s.security.web.FilterChainProxy - Securing GET /login
2025-11-17 20:40:59.544 [http-nio-8080-exec-10] DEBUG o.s.security.web.FilterChainProxy - Secured GET /login
2025-11-17 20:40:59.544 [http-nio-8080-exec-10] DEBUG o.s.s.w.a.AnonymousAuthenticationFilter - Set SecurityContextHolder to anonymous SecurityContext
2025-11-17 20:40:59.545 [http-nio-8080-exec-10] DEBUG o.s.security.web.FilterChainProxy - Securing GET /error
2025-11-17 20:40:59.545 [http-nio-8080-exec-10] DEBUG o.s.s.w.a.AnonymousAuthenticationFilter - Set SecurityContextHolder to anonymous SecurityContext
2025-11-17 20:40:59.545 [http-nio-8080-exec-10] DEBUG o.s.s.w.s.HttpSessionRequestCache - Saved request http://localhost:8080/error?continue to session
2025-11-17 20:40:59.545 [http-nio-8080-exec-10] DEBUG o.s.s.web.DefaultRedirectStrategy - Redirecting to http://localhost:8080/login
2025-11-17 20:41:00.563 [http-nio-8080-exec-2] DEBUG o.s.security.web.FilterChainProxy - Securing GET /login
2025-11-17 20:41:00.563 [http-nio-8080-exec-2] DEBUG o.s.security.web.FilterChainProxy - Secured GET /login
2025-11-17 20:41:00.566 [http-nio-8080-exec-2] DEBUG o.s.s.w.a.AnonymousAuthenticationFilter - Set SecurityContextHolder to anonymous SecurityContext
2025-11-17 20:41:00.566 [http-nio-8080-exec-2] DEBUG o.s.security.web.FilterChainProxy - Securing GET /error
2025-11-17 20:41:00.566 [http-nio-8080-exec-2] DEBUG o.s.s.w.a.AnonymousAuthenticationFilter - Set SecurityContextHolder to anonymous SecurityContext
2025-11-17 20:41:00.567 [http-nio-8080-exec-2] DEBUG o.s.s.w.s.HttpSessionRequestCache - Saved request http://localhost:8080/error?continue to session
2025-11-17 20:41:00.567 [http-nio-8080-exec-2] DEBUG o.s.s.web.DefaultRedirectStrategy - Redirecting to http://localhost:8080/login
2025-11-17 20:41:00.570 [http-nio-8080-exec-3] DEBUG o.s.security.web.FilterChainProxy - Securing GET /login
2025-11-17 20:41:00.570 [http-nio-8080-exec-3] DEBUG o.s.security.web.FilterChainProxy - Secured GET /login
2025-11-17 20:41:00.571 [http-nio-8080-exec-3] DEBUG o.s.s.w.a.AnonymousAuthenticationFilter - Set SecurityContextHolder to anonymous SecurityContext
2025-11-17 20:41:00.571 [http-nio-8080-exec-3] DEBUG o.s.security.web.FilterChainProxy - Securing GET /error
2025-11-17 20:41:00.571 [http-nio-8080-exec-3] DEBUG o.s.s.w.a.AnonymousAuthenticationFilter - Set SecurityContextHolder to anonymous SecurityContext
2025-11-17 20:41:00.571 [http-nio-8080-exec-3] DEBUG o.s.s.w.s.HttpSessionRequestCache - Saved request http://localhost:8080/error?continue to session
2025-11-17 20:41:00.571 [http-nio-8080-exec-3] DEBUG o.s.s.web.DefaultRedirectStrategy - Redirecting to http://localhost:8080/login
2025-11-17 20:41:00.574 [http-nio-8080-exec-4] DEBUG o.s.security.web.FilterChainProxy - Securing GET /login
2025-11-17 20:41:00.574 [http-nio-8080-exec-4] DEBUG o.s.security.web.FilterChainProxy - Secured GET /login
2025-11-17 20:41:00.574 [http-nio-8080-exec-4] DEBUG o.s.s.w.a.AnonymousAuthenticationFilter - Set SecurityContextHolder to anonymous SecurityContext
2025-11-17 20:41:00.575 [http-nio-8080-exec-4] DEBUG o.s.security.web.FilterChainProxy - Securing GET /error
2025-11-17 20:41:00.575 [http-nio-8080-exec-4] DEBUG o.s.s.w.a.AnonymousAuthenticationFilter - Set SecurityContextHolder to anonymous SecurityContext
2025-11-17 20:41:00.575 [http-nio-8080-exec-4] DEBUG o.s.s.w.s.HttpSessionRequestCache - Saved request http://localhost:8080/error?continue to session
2025-11-17 20:41:00.575 [http-nio-8080-exec-4] DEBUG o.s.s.web.DefaultRedirectStrategy - Redirecting to http://localhost:8080/login
2025-11-17 20:41:00.577 [http-nio-8080-exec-5] DEBUG o.s.security.web.FilterChainProxy - Securing GET /login
2025-11-17 20:41:00.578 [http-nio-8080-exec-5] DEBUG o.s.security.web.FilterChainProxy - Secured GET /login
2025-11-17 20:41:00.578 [http-nio-8080-exec-5] DEBUG o.s.s.w.a.AnonymousAuthenticationFilter - Set SecurityContextHolder to anonymous SecurityContext
2025-11-17 20:41:00.578 [http-nio-8080-exec-5] DEBUG o.s.security.web.FilterChainProxy - Securing GET /error
2025-11-17 20:41:00.578 [http-nio-8080-exec-5] DEBUG o.s.s.w.a.AnonymousAuthenticationFilter - Set SecurityContextHolder to anonymous SecurityContext
2025-11-17 20:41:00.579 [http-nio-8080-exec-5] DEBUG o.s.s.w.s.HttpSessionRequestCache - Saved request http://localhost:8080/error?continue to session
2025-11-17 20:41:00.579 [http-nio-8080-exec-5] DEBUG o.s.s.web.DefaultRedirectStrategy - Redirecting to http://localhost:8080/login
2025-11-17 20:41:00.581 [http-nio-8080-exec-6] DEBUG o.s.security.web.FilterChainProxy - Securing GET /login
2025-11-17 20:41:00.581 [http-nio-8080-exec-6] DEBUG o.s.security.web.FilterChainProxy - Secured GET /login
2025-11-17 20:41:00.582 [http-nio-8080-exec-6] DEBUG o.s.s.w.a.AnonymousAuthenticationFilter - Set SecurityContextHolder to anonymous SecurityContext
2025-11-17 20:41:00.582 [http-nio-8080-exec-6] DEBUG o.s.security.web.FilterChainProxy - Securing GET /error
2025-11-17 20:41:00.582 [http-nio-8080-exec-6] DEBUG o.s.s.w.a.AnonymousAuthenticationFilter - Set SecurityContextHolder to anonymous SecurityContext
2025-11-17 20:41:00.582 [http-nio-8080-exec-6] DEBUG o.s.s.w.s.HttpSessionRequestCache - Saved request http://localhost:8080/error?continue to session
2025-11-17 20:41:00.582 [http-nio-8080-exec-6] DEBUG o.s.s.web.DefaultRedirectStrategy - Redirecting to http://localhost:8080/login
2025-11-17 20:41:00.585 [http-nio-8080-exec-7] DEBUG o.s.security.web.FilterChainProxy - Securing GET /login
2025-11-17 20:41:00.585 [http-nio-8080-exec-7] DEBUG o.s.security.web.FilterChainProxy - Secured GET /login
2025-11-17 20:41:00.586 [http-nio-8080-exec-7] DEBUG o.s.s.w.a.AnonymousAuthenticationFilter - Set SecurityContextHolder to anonymous SecurityContext
2025-11-17 20:41:00.587 [http-nio-8080-exec-7] DEBUG o.s.security.web.FilterChainProxy - Securing GET /error
2025-11-17 20:41:00.587 [http-nio-8080-exec-7] DEBUG o.s.s.w.a.AnonymousAuthenticationFilter - Set SecurityContextHolder to anonymous SecurityContext
2025-11-17 20:41:00.587 [http-nio-8080-exec-7] DEBUG o.s.s.w.s.HttpSessionRequestCache - Saved request http://localhost:8080/error?continue to session
2025-11-17 20:41:00.587 [http-nio-8080-exec-7] DEBUG o.s.s.web.DefaultRedirectStrategy - Redirecting to http://localhost:8080/login
2025-11-17 20:41:00.589 [http-nio-8080-exec-8] DEBUG o.s.security.web.FilterChainProxy - Securing GET /login
2025-11-17 20:41:00.589 [http-nio-8080-exec-8] DEBUG o.s.security.web.FilterChainProxy - Secured GET /login
2025-11-17 20:41:00.589 [http-nio-8080-exec-8] DEBUG o.s.s.w.a.AnonymousAuthenticationFilter - Set SecurityContextHolder to anonymous SecurityContext
2025-11-17 20:41:00.590 [http-nio-8080-exec-8] DEBUG o.s.security.web.FilterChainProxy - Securing GET /error
2025-11-17 20:41:00.590 [http-nio-8080-exec-8] DEBUG o.s.s.w.a.AnonymousAuthenticationFilter - Set SecurityContextHolder to anonymous SecurityContext
2025-11-17 20:41:00.591 [http-nio-8080-exec-8] DEBUG o.s.s.w.s.HttpSessionRequestCache - Saved request http://localhost:8080/error?continue to session
2025-11-17 20:41:00.591 [http-nio-8080-exec-8] DEBUG o.s.s.web.DefaultRedirectStrategy - Redirecting to http://localhost:8080/login
2025-11-17 20:41:00.593 [http-nio-8080-exec-9] DEBUG o.s.security.web.FilterChainProxy - Securing GET /login
2025-11-17 20:41:00.594 [http-nio-8080-exec-9] DEBUG o.s.security.web.FilterChainProxy - Secured GET /login
2025-11-17 20:41:00.594 [http-nio-8080-exec-9] DEBUG o.s.s.w.a.AnonymousAuthenticationFilter - Set SecurityContextHolder to anonymous SecurityContext
2025-11-17 20:41:00.594 [http-nio-8080-exec-9] DEBUG o.s.security.web.FilterChainProxy - Securing GET /error
2025-11-17 20:41:00.594 [http-nio-8080-exec-9] DEBUG o.s.s.w.a.AnonymousAuthenticationFilter - Set SecurityContextHolder to anonymous SecurityContext
2025-11-17 20:41:00.595 [http-nio-8080-exec-9] DEBUG o.s.s.w.s.HttpSessionRequestCache - Saved request http://localhost:8080/error?continue to session
2025-11-17 20:41:00.595 [http-nio-8080-exec-9] DEBUG o.s.s.web.DefaultRedirectStrategy - Redirecting to http://localhost:8080/login
2025-11-17 20:41:00.597 [http-nio-8080-exec-10] DEBUG o.s.security.web.FilterChainProxy - Securing GET /login
2025-11-17 20:41:00.597 [http-nio-8080-exec-10] DEBUG o.s.security.web.FilterChainProxy - Secured GET /login
2025-11-17 20:41:00.597 [http-nio-8080-exec-10] DEBUG o.s.s.w.a.AnonymousAuthenticationFilter - Set SecurityContextHolder to anonymous SecurityContext
2025-11-17 20:41:00.597 [http-nio-8080-exec-10] DEBUG o.s.security.web.FilterChainProxy - Securing GET /error
2025-11-17 20:41:00.598 [http-nio-8080-exec-10] DEBUG o.s.s.w.a.AnonymousAuthenticationFilter - Set SecurityContextHolder to anonymous SecurityContext
2025-11-17 20:41:00.598 [http-nio-8080-exec-10] DEBUG o.s.s.w.s.HttpSessionRequestCache - Saved request http://localhost:8080/error?continue to session
2025-11-17 20:41:00.598 [http-nio-8080-exec-10] DEBUG o.s.s.web.DefaultRedirectStrategy - Redirecting to http://localhost:8080/login
2025-11-17 20:41:00.600 [http-nio-8080-exec-1] DEBUG o.s.security.web.FilterChainProxy - Securing GET /login
2025-11-17 20:41:00.600 [http-nio-8080-exec-1] DEBUG o.s.security.web.FilterChainProxy - Secured GET /login
2025-11-17 20:41:00.601 [http-nio-8080-exec-1] DEBUG o.s.s.w.a.AnonymousAuthenticationFilter - Set SecurityContextHolder to anonymous SecurityContext
2025-11-17 20:41:00.602 [http-nio-8080-exec-1] DEBUG o.s.security.web.FilterChainProxy - Securing GET /error
2025-11-17 20:41:00.602 [http-nio-8080-exec-1] DEBUG o.s.s.w.a.AnonymousAuthenticationFilter - Set SecurityContextHolder to anonymous SecurityContext
2025-11-17 20:41:00.602 [http-nio-8080-exec-1] DEBUG o.s.s.w.s.HttpSessionRequestCache - Saved request http://localhost:8080/error?continue to session
2025-11-17 20:41:00.602 [http-nio-8080-exec-1] DEBUG o.s.s.web.DefaultRedirectStrategy - Redirecting to http://localhost:8080/login
2025-11-17 20:41:00.604 [http-nio-8080-exec-2] DEBUG o.s.security.web.FilterChainProxy - Securing GET /login
2025-11-17 20:41:00.604 [http-nio-8080-exec-2] DEBUG o.s.security.web.FilterChainProxy - Secured GET /login
2025-11-17 20:41:00.605 [http-nio-8080-exec-2] DEBUG o.s.s.w.a.AnonymousAuthenticationFilter - Set SecurityContextHolder to anonymous SecurityContext
2025-11-17 20:41:00.605 [http-nio-8080-exec-2] DEBUG o.s.security.web.FilterChainProxy - Securing GET /error
2025-11-17 20:41:00.605 [http-nio-8080-exec-2] DEBUG o.s.s.w.a.AnonymousAuthenticationFilter - Set SecurityContextHolder to anonymous SecurityContext
2025-11-17 20:41:00.606 [http-nio-8080-exec-2] DEBUG o.s.s.w.s.HttpSessionRequestCache - Saved request http://localhost:8080/error?continue to session
2025-11-17 20:41:00.606 [http-nio-8080-exec-2] DEBUG o.s.s.web.DefaultRedirectStrategy - Redirecting to http://localhost:8080/login
2025-11-17 20:41:00.608 [http-nio-8080-exec-3] DEBUG o.s.security.web.FilterChainProxy - Securing GET /login
2025-11-17 20:41:00.608 [http-nio-8080-exec-3] DEBUG o.s.security.web.FilterChainProxy - Secured GET /login
2025-11-17 20:41:00.609 [http-nio-8080-exec-3] DEBUG o.s.s.w.a.AnonymousAuthenticationFilter - Set SecurityContextHolder to anonymous SecurityContext
2025-11-17 20:41:00.609 [http-nio-8080-exec-3] DEBUG o.s.security.web.FilterChainProxy - Securing GET /error
2025-11-17 20:41:00.609 [http-nio-8080-exec-3] DEBUG o.s.s.w.a.AnonymousAuthenticationFilter - Set SecurityContextHolder to anonymous SecurityContext
2025-11-17 20:41:00.609 [http-nio-8080-exec-3] DEBUG o.s.s.w.s.HttpSessionRequestCache - Saved request http://localhost:8080/error?continue to session
2025-11-17 20:41:00.609 [http-nio-8080-exec-3] DEBUG o.s.s.web.DefaultRedirectStrategy - Redirecting to http://localhost:8080/login
2025-11-17 20:41:00.611 [http-nio-8080-exec-4] DEBUG o.s.security.web.FilterChainProxy - Securing GET /login
2025-11-17 20:41:00.611 [http-nio-8080-exec-4] DEBUG o.s.security.web.FilterChainProxy - Secured GET /login
2025-11-17 20:41:00.612 [http-nio-8080-exec-4] DEBUG o.s.s.w.a.AnonymousAuthenticationFilter - Set SecurityContextHolder to anonymous SecurityContext
2025-11-17 20:41:00.612 [http-nio-8080-exec-4] DEBUG o.s.security.web.FilterChainProxy - Securing GET /error
2025-11-17 20:41:00.612 [http-nio-8080-exec-4] DEBUG o.s.s.w.a.AnonymousAuthenticationFilter - Set SecurityContextHolder to anonymous SecurityContext
2025-11-17 20:41:00.612 [http-nio-8080-exec-4] DEBUG o.s.s.w.s.HttpSessionRequestCache - Saved request http://localhost:8080/error?continue to session
2025-11-17 20:41:00.612 [http-nio-8080-exec-4] DEBUG o.s.s.web.DefaultRedirectStrategy - Redirecting to http://localhost:8080/login
2025-11-17 20:41:00.614 [http-nio-8080-exec-5] DEBUG o.s.security.web.FilterChainProxy - Securing GET /login
2025-11-17 20:41:00.614 [http-nio-8080-exec-5] DEBUG o.s.security.web.FilterChainProxy - Secured GET /login
2025-11-17 20:41:00.615 [http-nio-8080-exec-5] DEBUG o.s.s.w.a.AnonymousAuthenticationFilter - Set SecurityContextHolder to anonymous SecurityContext
2025-11-17 20:41:00.615 [http-nio-8080-exec-5] DEBUG o.s.security.web.FilterChainProxy - Securing GET /error
2025-11-17 20:41:00.615 [http-nio-8080-exec-5] DEBUG o.s.s.w.a.AnonymousAuthenticationFilter - Set SecurityContextHolder to anonymous SecurityContext
2025-11-17 20:41:00.615 [http-nio-8080-exec-5] DEBUG o.s.s.w.s.HttpSessionRequestCache - Saved request http://localhost:8080/error?continue to session
2025-11-17 20:41:00.615 [http-nio-8080-exec-5] DEBUG o.s.s.web.DefaultRedirectStrategy - Redirecting to http://localhost:8080/login
2025-11-17 20:41:00.617 [http-nio-8080-exec-6] DEBUG o.s.security.web.FilterChainProxy - Securing GET /login
2025-11-17 20:41:00.618 [http-nio-8080-exec-6] DEBUG o.s.security.web.FilterChainProxy - Secured GET /login
2025-11-17 20:41:00.618 [http-nio-8080-exec-6] DEBUG o.s.s.w.a.AnonymousAuthenticationFilter - Set SecurityContextHolder to anonymous SecurityContext
2025-11-17 20:41:00.619 [http-nio-8080-exec-6] DEBUG o.s.security.web.FilterChainProxy - Securing GET /error
2025-11-17 20:41:00.619 [http-nio-8080-exec-6] DEBUG o.s.s.w.a.AnonymousAuthenticationFilter - Set SecurityContextHolder to anonymous SecurityContext
2025-11-17 20:41:00.619 [http-nio-8080-exec-6] DEBUG o.s.s.w.s.HttpSessionRequestCache - Saved request http://localhost:8080/error?continue to session
2025-11-17 20:41:00.619 [http-nio-8080-exec-6] DEBUG o.s.s.web.DefaultRedirectStrategy - Redirecting to http://localhost:8080/login
2025-11-17 20:41:00.621 [http-nio-8080-exec-7] DEBUG o.s.security.web.FilterChainProxy - Securing GET /login
2025-11-17 20:41:00.621 [http-nio-8080-exec-7] DEBUG o.s.security.web.FilterChainProxy - Secured GET /login
2025-11-17 20:41:00.621 [http-nio-8080-exec-7] DEBUG o.s.s.w.a.AnonymousAuthenticationFilter - Set SecurityContextHolder to anonymous SecurityContext
2025-11-17 20:41:00.621 [http-nio-8080-exec-7] DEBUG o.s.security.web.FilterChainProxy - Securing GET /error
2025-11-17 20:41:00.621 [http-nio-8080-exec-7] DEBUG o.s.s.w.a.AnonymousAuthenticationFilter - Set SecurityContextHolder to anonymous SecurityContext
2025-11-17 20:41:00.621 [http-nio-8080-exec-7] DEBUG o.s.s.w.s.HttpSessionRequestCache - Saved request http://localhost:8080/error?continue to session
2025-11-17 20:41:00.621 [http-nio-8080-exec-7] DEBUG o.s.s.web.DefaultRedirectStrategy - Redirecting to http://localhost:8080/login
2025-11-17 20:41:00.623 [http-nio-8080-exec-8] DEBUG o.s.security.web.FilterChainProxy - Securing GET /login
2025-11-17 20:41:00.624 [http-nio-8080-exec-8] DEBUG o.s.security.web.FilterChainProxy - Secured GET /login
2025-11-17 20:41:00.624 [http-nio-8080-exec-8] DEBUG o.s.s.w.a.AnonymousAuthenticationFilter - Set SecurityContextHolder to anonymous SecurityContext
2025-11-17 20:41:00.624 [http-nio-8080-exec-8] DEBUG o.s.security.web.FilterChainProxy - Securing GET /error
2025-11-17 20:41:00.624 [http-nio-8080-exec-8] DEBUG o.s.s.w.a.AnonymousAuthenticationFilter - Set SecurityContextHolder to anonymous SecurityContext
2025-11-17 20:41:00.624 [http-nio-8080-exec-8] DEBUG o.s.s.w.s.HttpSessionRequestCache - Saved request http://localhost:8080/error?continue to session
2025-11-17 20:41:00.624 [http-nio-8080-exec-8] DEBUG o.s.s.web.DefaultRedirectStrategy - Redirecting to http://localhost:8080/login
2025-11-17 20:41:00.626 [http-nio-8080-exec-9] DEBUG o.s.security.web.FilterChainProxy - Securing GET /login
2025-11-17 20:41:00.627 [http-nio-8080-exec-9] DEBUG o.s.security.web.FilterChainProxy - Secured GET /login
2025-11-17 20:41:00.627 [http-nio-8080-exec-9] DEBUG o.s.s.w.a.AnonymousAuthenticationFilter - Set SecurityContextHolder to anonymous SecurityContext
2025-11-17 20:41:00.627 [http-nio-8080-exec-9] DEBUG o.s.security.web.FilterChainProxy - Securing GET /error
2025-11-17 20:41:00.627 [http-nio-8080-exec-9] DEBUG o.s.s.w.a.AnonymousAuthenticationFilter - Set SecurityContextHolder to anonymous SecurityContext
2025-11-17 20:41:00.627 [http-nio-8080-exec-9] DEBUG o.s.s.w.s.HttpSessionRequestCache - Saved request http://localhost:8080/error?continue to session
2025-11-17 20:41:00.627 [http-nio-8080-exec-9] DEBUG o.s.s.web.DefaultRedirectStrategy - Redirecting to http://localhost:8080/login
2025-11-17 20:41:00.629 [http-nio-8080-exec-10] DEBUG o.s.security.web.FilterChainProxy - Securing GET /login
2025-11-17 20:41:00.630 [http-nio-8080-exec-10] DEBUG o.s.security.web.FilterChainProxy - Secured GET /login
2025-11-17 20:41:00.630 [http-nio-8080-exec-10] DEBUG o.s.s.w.a.AnonymousAuthenticationFilter - Set SecurityContextHolder to anonymous SecurityContext
2025-11-17 20:41:00.630 [http-nio-8080-exec-10] DEBUG o.s.security.web.FilterChainProxy - Securing GET /error
2025-11-17 20:41:00.631 [http-nio-8080-exec-10] DEBUG o.s.s.w.a.AnonymousAuthenticationFilter - Set SecurityContextHolder to anonymous SecurityContext
2025-11-17 20:41:00.631 [http-nio-8080-exec-10] DEBUG o.s.s.w.s.HttpSessionRequestCache - Saved request http://localhost:8080/error?continue to session
2025-11-17 20:41:00.631 [http-nio-8080-exec-10] DEBUG o.s.s.web.DefaultRedirectStrategy - Redirecting to http://localhost:8080/login
2025-11-17 20:41:00.632 [http-nio-8080-exec-1] DEBUG o.s.security.web.FilterChainProxy - Securing GET /login
2025-11-17 20:41:00.632 [http-nio-8080-exec-1] DEBUG o.s.security.web.FilterChainProxy - Secured GET /login
2025-11-17 20:41:00.633 [http-nio-8080-exec-1] DEBUG o.s.s.w.a.AnonymousAuthenticationFilter - Set SecurityContextHolder to anonymous SecurityContext
2025-11-17 20:41:00.633 [http-nio-8080-exec-1] DEBUG o.s.security.web.FilterChainProxy - Securing GET /error
2025-11-17 20:41:00.633 [http-nio-8080-exec-1] DEBUG o.s.s.w.a.AnonymousAuthenticationFilter - Set SecurityContextHolder to anonymous SecurityContext
2025-11-17 20:41:00.633 [http-nio-8080-exec-1] DEBUG o.s.s.w.s.HttpSessionRequestCache - Saved request http://localhost:8080/error?continue to session
2025-11-17 20:41:00.633 [http-nio-8080-exec-1] DEBUG o.s.s.web.DefaultRedirectStrategy - Redirecting to http://localhost:8080/login
2025-11-17 20:41:05.650 [http-nio-8080-exec-3] DEBUG o.s.security.web.FilterChainProxy - Securing GET /login
2025-11-17 20:41:05.650 [http-nio-8080-exec-3] DEBUG o.s.security.web.FilterChainProxy - Secured GET /login
2025-11-17 20:41:05.652 [http-nio-8080-exec-3] DEBUG o.s.s.w.a.AnonymousAuthenticationFilter - Set SecurityContextHolder to anonymous SecurityContext
2025-11-17 20:41:05.653 [http-nio-8080-exec-3] DEBUG o.s.security.web.FilterChainProxy - Securing GET /error
2025-11-17 20:41:05.654 [http-nio-8080-exec-3] DEBUG o.s.s.w.a.AnonymousAuthenticationFilter - Set SecurityContextHolder to anonymous SecurityContext
2025-11-17 20:41:05.654 [http-nio-8080-exec-3] DEBUG o.s.s.w.s.HttpSessionRequestCache - Saved request http://localhost:8080/error?continue to session
2025-11-17 20:41:05.654 [http-nio-8080-exec-3] DEBUG o.s.s.web.DefaultRedirectStrategy - Redirecting to http://localhost:8080/login
2025-11-17 20:41:05.658 [http-nio-8080-exec-4] DEBUG o.s.security.web.FilterChainProxy - Securing GET /login
2025-11-17 20:41:05.658 [http-nio-8080-exec-4] DEBUG o.s.security.web.FilterChainProxy - Secured GET /login
2025-11-17 20:41:05.659 [http-nio-8080-exec-4] DEBUG o.s.s.w.a.AnonymousAuthenticationFilter - Set SecurityContextHolder to anonymous SecurityContext
2025-11-17 20:41:05.659 [http-nio-8080-exec-4] DEBUG o.s.security.web.FilterChainProxy - Securing GET /error
2025-11-17 20:41:05.659 [http-nio-8080-exec-4] DEBUG o.s.s.w.a.AnonymousAuthenticationFilter - Set SecurityContextHolder to anonymous SecurityContext
2025-11-17 20:41:05.659 [http-nio-8080-exec-4] DEBUG o.s.s.w.s.HttpSessionRequestCache - Saved request http://localhost:8080/error?continue to session
2025-11-17 20:41:05.659 [http-nio-8080-exec-4] DEBUG o.s.s.web.DefaultRedirectStrategy - Redirecting to http://localhost:8080/login
2025-11-17 20:41:05.662 [http-nio-8080-exec-5] DEBUG o.s.security.web.FilterChainProxy - Securing GET /login
2025-11-17 20:41:05.663 [http-nio-8080-exec-5] DEBUG o.s.security.web.FilterChainProxy - Secured GET /login
2025-11-17 20:41:05.663 [http-nio-8080-exec-5] DEBUG o.s.s.w.a.AnonymousAuthenticationFilter - Set SecurityContextHolder to anonymous SecurityContext
2025-11-17 20:41:05.664 [http-nio-8080-exec-5] DEBUG o.s.security.web.FilterChainProxy - Securing GET /error
2025-11-17 20:41:05.664 [http-nio-8080-exec-5] DEBUG o.s.s.w.a.AnonymousAuthenticationFilter - Set SecurityContextHolder to anonymous SecurityContext
2025-11-17 20:41:05.664 [http-nio-8080-exec-5] DEBUG o.s.s.w.s.HttpSessionRequestCache - Saved request http://localhost:8080/error?continue to session
2025-11-17 20:41:05.665 [http-nio-8080-exec-5] DEBUG o.s.s.web.DefaultRedirectStrategy - Redirecting to http://localhost:8080/login
2025-11-17 20:41:05.668 [http-nio-8080-exec-6] DEBUG o.s.security.web.FilterChainProxy - Securing GET /login
2025-11-17 20:41:05.668 [http-nio-8080-exec-6] DEBUG o.s.security.web.FilterChainProxy - Secured GET /login
2025-11-17 20:41:05.670 [http-nio-8080-exec-6] DEBUG o.s.s.w.a.AnonymousAuthenticationFilter - Set SecurityContextHolder to anonymous SecurityContext
2025-11-17 20:41:05.672 [http-nio-8080-exec-6] DEBUG o.s.security.web.FilterChainProxy - Securing GET /error
2025-11-17 20:41:05.672 [http-nio-8080-exec-6] DEBUG o.s.s.w.a.AnonymousAuthenticationFilter - Set SecurityContextHolder to anonymous SecurityContext
2025-11-17 20:41:05.673 [http-nio-8080-exec-6] DEBUG o.s.s.w.s.HttpSessionRequestCache - Saved request http://localhost:8080/error?continue to session
2025-11-17 20:41:05.673 [http-nio-8080-exec-6] DEBUG o.s.s.web.DefaultRedirectStrategy - Redirecting to http://localhost:8080/login
2025-11-17 20:41:05.676 [http-nio-8080-exec-7] DEBUG o.s.security.web.FilterChainProxy - Securing GET /login
2025-11-17 20:41:05.677 [http-nio-8080-exec-7] DEBUG o.s.security.web.FilterChainProxy - Secured GET /login
2025-11-17 20:41:05.677 [http-nio-8080-exec-7] DEBUG o.s.s.w.a.AnonymousAuthenticationFilter - Set SecurityContextHolder to anonymous SecurityContext
2025-11-17 20:41:05.678 [http-nio-8080-exec-7] DEBUG o.s.security.web.FilterChainProxy - Securing GET /error
2025-11-17 20:41:05.678 [http-nio-8080-exec-7] DEBUG o.s.s.w.a.AnonymousAuthenticationFilter - Set SecurityContextHolder to anonymous SecurityContext
2025-11-17 20:41:05.679 [http-nio-8080-exec-7] DEBUG o.s.s.w.s.HttpSessionRequestCache - Saved request http://localhost:8080/error?continue to session
2025-11-17 20:41:05.679 [http-nio-8080-exec-7] DEBUG o.s.s.web.DefaultRedirectStrategy - Redirecting to http://localhost:8080/login
2025-11-17 20:41:05.682 [http-nio-8080-exec-8] DEBUG o.s.security.web.FilterChainProxy - Securing GET /login
2025-11-17 20:41:05.682 [http-nio-8080-exec-8] DEBUG o.s.security.web.FilterChainProxy - Secured GET /login
2025-11-17 20:41:05.682 [http-nio-8080-exec-8] DEBUG o.s.s.w.a.AnonymousAuthenticationFilter - Set SecurityContextHolder to anonymous SecurityContext
2025-11-17 20:41:05.683 [http-nio-8080-exec-8] DEBUG o.s.security.web.FilterChainProxy - Securing GET /error
2025-11-17 20:41:05.683 [http-nio-8080-exec-8] DEBUG o.s.s.w.a.AnonymousAuthenticationFilter - Set SecurityContextHolder to anonymous SecurityContext
2025-11-17 20:41:05.684 [http-nio-8080-exec-8] DEBUG o.s.s.w.s.HttpSessionRequestCache - Saved request http://localhost:8080/error?continue to session
2025-11-17 20:41:05.684 [http-nio-8080-exec-8] DEBUG o.s.s.web.DefaultRedirectStrategy - Redirecting to http://localhost:8080/login
2025-11-17 20:41:05.687 [http-nio-8080-exec-9] DEBUG o.s.security.web.FilterChainProxy - Securing GET /login
2025-11-17 20:41:05.688 [http-nio-8080-exec-9] DEBUG o.s.security.web.FilterChainProxy - Secured GET /login
2025-11-17 20:41:05.689 [http-nio-8080-exec-9] DEBUG o.s.s.w.a.AnonymousAuthenticationFilter - Set SecurityContextHolder to anonymous SecurityContext
2025-11-17 20:41:05.690 [http-nio-8080-exec-9] DEBUG o.s.security.web.FilterChainProxy - Securing GET /error
2025-11-17 20:41:05.690 [http-nio-8080-exec-9] DEBUG o.s.s.w.a.AnonymousAuthenticationFilter - Set SecurityContextHolder to anonymous SecurityContext
2025-11-17 20:41:05.690 [http-nio-8080-exec-9] DEBUG o.s.s.w.s.HttpSessionRequestCache - Saved request http://localhost:8080/error?continue to session
2025-11-17 20:41:05.690 [http-nio-8080-exec-9] DEBUG o.s.s.web.DefaultRedirectStrategy - Redirecting to http://localhost:8080/login
2025-11-17 20:41:05.692 [http-nio-8080-exec-10] DEBUG o.s.security.web.FilterChainProxy - Securing GET /login
2025-11-17 20:41:05.692 [http-nio-8080-exec-10] DEBUG o.s.security.web.FilterChainProxy - Secured GET /login
2025-11-17 20:41:05.693 [http-nio-8080-exec-10] DEBUG o.s.s.w.a.AnonymousAuthenticationFilter - Set SecurityContextHolder to anonymous SecurityContext
2025-11-17 20:41:05.693 [http-nio-8080-exec-10] DEBUG o.s.security.web.FilterChainProxy - Securing GET /error
2025-11-17 20:41:05.694 [http-nio-8080-exec-10] DEBUG o.s.s.w.a.AnonymousAuthenticationFilter - Set SecurityContextHolder to anonymous SecurityContext
2025-11-17 20:41:05.694 [http-nio-8080-exec-10] DEBUG o.s.s.w.s.HttpSessionRequestCache - Saved request http://localhost:8080/error?continue to session
2025-11-17 20:41:05.694 [http-nio-8080-exec-10] DEBUG o.s.s.web.DefaultRedirectStrategy - Redirecting to http://localhost:8080/login
2025-11-17 20:41:05.696 [http-nio-8080-exec-1] DEBUG o.s.security.web.FilterChainProxy - Securing GET /login
2025-11-17 20:41:05.696 [http-nio-8080-exec-1] DEBUG o.s.security.web.FilterChainProxy - Secured GET /login
2025-11-17 20:41:05.697 [http-nio-8080-exec-1] DEBUG o.s.s.w.a.AnonymousAuthenticationFilter - Set SecurityContextHolder to anonymous SecurityContext
2025-11-17 20:41:05.697 [http-nio-8080-exec-1] DEBUG o.s.security.web.FilterChainProxy - Securing GET /error
2025-11-17 20:41:05.697 [http-nio-8080-exec-1] DEBUG o.s.s.w.a.AnonymousAuthenticationFilter - Set SecurityContextHolder to anonymous SecurityContext
2025-11-17 20:41:05.697 [http-nio-8080-exec-1] DEBUG o.s.s.w.s.HttpSessionRequestCache - Saved request http://localhost:8080/error?continue to session
2025-11-17 20:41:05.697 [http-nio-8080-exec-1] DEBUG o.s.s.web.DefaultRedirectStrategy - Redirecting to http://localhost:8080/login
2025-11-17 20:41:05.700 [http-nio-8080-exec-2] DEBUG o.s.security.web.FilterChainProxy - Securing GET /login
2025-11-17 20:41:05.700 [http-nio-8080-exec-2] DEBUG o.s.security.web.FilterChainProxy - Secured GET /login
2025-11-17 20:41:05.700 [http-nio-8080-exec-2] DEBUG o.s.s.w.a.AnonymousAuthenticationFilter - Set SecurityContextHolder to anonymous SecurityContext
2025-11-17 20:41:05.700 [http-nio-8080-exec-2] DEBUG o.s.security.web.FilterChainProxy - Securing GET /error
2025-11-17 20:41:05.700 [http-nio-8080-exec-2] DEBUG o.s.s.w.a.AnonymousAuthenticationFilter - Set SecurityContextHolder to anonymous SecurityContext
2025-11-17 20:41:05.701 [http-nio-8080-exec-2] DEBUG o.s.s.w.s.HttpSessionRequestCache - Saved request http://localhost:8080/error?continue to session
2025-11-17 20:41:05.701 [http-nio-8080-exec-2] DEBUG o.s.s.web.DefaultRedirectStrategy - Redirecting to http://localhost:8080/login
2025-11-17 20:41:05.704 [http-nio-8080-exec-3] DEBUG o.s.security.web.FilterChainProxy - Securing GET /login
2025-11-17 20:41:05.704 [http-nio-8080-exec-3] DEBUG o.s.security.web.FilterChainProxy - Secured GET /login
2025-11-17 20:41:05.705 [http-nio-8080-exec-3] DEBUG o.s.s.w.a.AnonymousAuthenticationFilter - Set SecurityContextHolder to anonymous SecurityContext
2025-11-17 20:41:05.706 [http-nio-8080-exec-3] DEBUG o.s.security.web.FilterChainProxy - Securing GET /error
2025-11-17 20:41:05.706 [http-nio-8080-exec-3] DEBUG o.s.s.w.a.AnonymousAuthenticationFilter - Set SecurityContextHolder to anonymous SecurityContext
2025-11-17 20:41:05.706 [http-nio-8080-exec-3] DEBUG o.s.s.w.s.HttpSessionRequestCache - Saved request http://localhost:8080/error?continue to session
2025-11-17 20:41:05.706 [http-nio-8080-exec-3] DEBUG o.s.s.web.DefaultRedirectStrategy - Redirecting to http://localhost:8080/login
2025-11-17 20:41:05.708 [http-nio-8080-exec-4] DEBUG o.s.security.web.FilterChainProxy - Securing GET /login
2025-11-17 20:41:05.708 [http-nio-8080-exec-4] DEBUG o.s.security.web.FilterChainProxy - Secured GET /login
2025-11-17 20:41:05.709 [http-nio-8080-exec-4] DEBUG o.s.s.w.a.AnonymousAuthenticationFilter - Set SecurityContextHolder to anonymous SecurityContext
2025-11-17 20:41:05.709 [http-nio-8080-exec-4] DEBUG o.s.security.web.FilterChainProxy - Securing GET /error
2025-11-17 20:41:05.709 [http-nio-8080-exec-4] DEBUG o.s.s.w.a.AnonymousAuthenticationFilter - Set SecurityContextHolder to anonymous SecurityContext
2025-11-17 20:41:05.709 [http-nio-8080-exec-4] DEBUG o.s.s.w.s.HttpSessionRequestCache - Saved request http://localhost:8080/error?continue to session
2025-11-17 20:41:05.709 [http-nio-8080-exec-4] DEBUG o.s.s.web.DefaultRedirectStrategy - Redirecting to http://localhost:8080/login
2025-11-17 20:41:05.712 [http-nio-8080-exec-5] DEBUG o.s.security.web.FilterChainProxy - Securing GET /login
2025-11-17 20:41:05.712 [http-nio-8080-exec-5] DEBUG o.s.security.web.FilterChainProxy - Secured GET /login
2025-11-17 20:41:05.712 [http-nio-8080-exec-5] DEBUG o.s.s.w.a.AnonymousAuthenticationFilter - Set SecurityContextHolder to anonymous SecurityContext
2025-11-17 20:41:05.712 [http-nio-8080-exec-5] DEBUG o.s.security.web.FilterChainProxy - Securing GET /error
2025-11-17 20:41:05.713 [http-nio-8080-exec-5] DEBUG o.s.s.w.a.AnonymousAuthenticationFilter - Set SecurityContextHolder to anonymous SecurityContext
2025-11-17 20:41:05.713 [http-nio-8080-exec-5] DEBUG o.s.s.w.s.HttpSessionRequestCache - Saved request http://localhost:8080/error?continue to session
2025-11-17 20:41:05.713 [http-nio-8080-exec-5] DEBUG o.s.s.web.DefaultRedirectStrategy - Redirecting to http://localhost:8080/login
2025-11-17 20:41:05.715 [http-nio-8080-exec-6] DEBUG o.s.security.web.FilterChainProxy - Securing GET /login
2025-11-17 20:41:05.715 [http-nio-8080-exec-6] DEBUG o.s.security.web.FilterChainProxy - Secured GET /login
2025-11-17 20:41:05.716 [http-nio-8080-exec-6] DEBUG o.s.s.w.a.AnonymousAuthenticationFilter - Set SecurityContextHolder to anonymous SecurityContext
2025-11-17 20:41:05.716 [http-nio-8080-exec-6] DEBUG o.s.security.web.FilterChainProxy - Securing GET /error
2025-11-17 20:41:05.716 [http-nio-8080-exec-6] DEBUG o.s.s.w.a.AnonymousAuthenticationFilter - Set SecurityContextHolder to anonymous SecurityContext
2025-11-17 20:41:05.717 [http-nio-8080-exec-6] DEBUG o.s.s.w.s.HttpSessionRequestCache - Saved request http://localhost:8080/error?continue to session
2025-11-17 20:41:05.717 [http-nio-8080-exec-6] DEBUG o.s.s.web.DefaultRedirectStrategy - Redirecting to http://localhost:8080/login
2025-11-17 20:41:05.719 [http-nio-8080-exec-7] DEBUG o.s.security.web.FilterChainProxy - Securing GET /login
2025-11-17 20:41:05.720 [http-nio-8080-exec-7] DEBUG o.s.security.web.FilterChainProxy - Secured GET /login
2025-11-17 20:41:05.720 [http-nio-8080-exec-7] DEBUG o.s.s.w.a.AnonymousAuthenticationFilter - Set SecurityContextHolder to anonymous SecurityContext
2025-11-17 20:41:05.722 [http-nio-8080-exec-7] DEBUG o.s.security.web.FilterChainProxy - Securing GET /error
2025-11-17 20:41:05.722 [http-nio-8080-exec-7] DEBUG o.s.s.w.a.AnonymousAuthenticationFilter - Set SecurityContextHolder to anonymous SecurityContext
2025-11-17 20:41:05.722 [http-nio-8080-exec-7] DEBUG o.s.s.w.s.HttpSessionRequestCache - Saved request http://localhost:8080/error?continue to session
2025-11-17 20:41:05.722 [http-nio-8080-exec-7] DEBUG o.s.s.web.DefaultRedirectStrategy - Redirecting to http://localhost:8080/login
2025-11-17 20:41:05.724 [http-nio-8080-exec-8] DEBUG o.s.security.web.FilterChainProxy - Securing GET /login
2025-11-17 20:41:05.724 [http-nio-8080-exec-8] DEBUG o.s.security.web.FilterChainProxy - Secured GET /login
2025-11-17 20:41:05.725 [http-nio-8080-exec-8] DEBUG o.s.s.w.a.AnonymousAuthenticationFilter - Set SecurityContextHolder to anonymous SecurityContext
2025-11-17 20:41:05.725 [http-nio-8080-exec-8] DEBUG o.s.security.web.FilterChainProxy - Securing GET /error
2025-11-17 20:41:05.725 [http-nio-8080-exec-8] DEBUG o.s.s.w.a.AnonymousAuthenticationFilter - Set SecurityContextHolder to anonymous SecurityContext
2025-11-17 20:41:05.725 [http-nio-8080-exec-8] DEBUG o.s.s.w.s.HttpSessionRequestCache - Saved request http://localhost:8080/error?continue to session
2025-11-17 20:41:05.725 [http-nio-8080-exec-8] DEBUG o.s.s.web.DefaultRedirectStrategy - Redirecting to http://localhost:8080/login
2025-11-17 20:41:05.727 [http-nio-8080-exec-9] DEBUG o.s.security.web.FilterChainProxy - Securing GET /login
2025-11-17 20:41:05.727 [http-nio-8080-exec-9] DEBUG o.s.security.web.FilterChainProxy - Secured GET /login
2025-11-17 20:41:05.727 [http-nio-8080-exec-9] DEBUG o.s.s.w.a.AnonymousAuthenticationFilter - Set SecurityContextHolder to anonymous SecurityContext
2025-11-17 20:41:05.727 [http-nio-8080-exec-9] DEBUG o.s.security.web.FilterChainProxy - Securing GET /error
2025-11-17 20:41:05.727 [http-nio-8080-exec-9] DEBUG o.s.s.w.a.AnonymousAuthenticationFilter - Set SecurityContextHolder to anonymous SecurityContext
2025-11-17 20:41:05.728 [http-nio-8080-exec-9] DEBUG o.s.s.w.s.HttpSessionRequestCache - Saved request http://localhost:8080/error?continue to session
2025-11-17 20:41:05.728 [http-nio-8080-exec-9] DEBUG o.s.s.web.DefaultRedirectStrategy - Redirecting to http://localhost:8080/login
2025-11-17 20:41:05.729 [http-nio-8080-exec-10] DEBUG o.s.security.web.FilterChainProxy - Securing GET /login
2025-11-17 20:41:05.730 [http-nio-8080-exec-10] DEBUG o.s.security.web.FilterChainProxy - Secured GET /login
2025-11-17 20:41:05.730 [http-nio-8080-exec-10] DEBUG o.s.s.w.a.AnonymousAuthenticationFilter - Set SecurityContextHolder to anonymous SecurityContext
2025-11-17 20:41:05.730 [http-nio-8080-exec-10] DEBUG o.s.security.web.FilterChainProxy - Securing GET /error
2025-11-17 20:41:05.730 [http-nio-8080-exec-10] DEBUG o.s.s.w.a.AnonymousAuthenticationFilter - Set SecurityContextHolder to anonymous SecurityContext
2025-11-17 20:41:05.730 [http-nio-8080-exec-10] DEBUG o.s.s.w.s.HttpSessionRequestCache - Saved request http://localhost:8080/error?continue to session
2025-11-17 20:41:05.730 [http-nio-8080-exec-10] DEBUG o.s.s.web.DefaultRedirectStrategy - Redirecting to http://localhost:8080/login
2025-11-17 20:41:05.732 [http-nio-8080-exec-1] DEBUG o.s.security.web.FilterChainProxy - Securing GET /login
2025-11-17 20:41:05.732 [http-nio-8080-exec-1] DEBUG o.s.security.web.FilterChainProxy - Secured GET /login
2025-11-17 20:41:05.733 [http-nio-8080-exec-1] DEBUG o.s.s.w.a.AnonymousAuthenticationFilter - Set SecurityContextHolder to anonymous SecurityContext
2025-11-17 20:41:05.733 [http-nio-8080-exec-1] DEBUG o.s.security.web.FilterChainProxy - Securing GET /error
2025-11-17 20:41:05.733 [http-nio-8080-exec-1] DEBUG o.s.s.w.a.AnonymousAuthenticationFilter - Set SecurityContextHolder to anonymous SecurityContext
2025-11-17 20:41:05.733 [http-nio-8080-exec-1] DEBUG o.s.s.w.s.HttpSessionRequestCache - Saved request http://localhost:8080/error?continue to session
2025-11-17 20:41:05.733 [http-nio-8080-exec-1] DEBUG o.s.s.web.DefaultRedirectStrategy - Redirecting to http://localhost:8080/login
2025-11-17 20:41:05.736 [http-nio-8080-exec-2] DEBUG o.s.security.web.FilterChainProxy - Securing GET /login
2025-11-17 20:41:05.736 [http-nio-8080-exec-2] DEBUG o.s.security.web.FilterChainProxy - Secured GET /login
2025-11-17 20:41:05.737 [http-nio-8080-exec-2] DEBUG o.s.s.w.a.AnonymousAuthenticationFilter - Set SecurityContextHolder to anonymous SecurityContext
2025-11-17 20:41:05.737 [http-nio-8080-exec-2] DEBUG o.s.security.web.FilterChainProxy - Securing GET /error
2025-11-17 20:41:05.738 [http-nio-8080-exec-2] DEBUG o.s.s.w.a.AnonymousAuthenticationFilter - Set SecurityContextHolder to anonymous SecurityContext
2025-11-17 20:41:05.738 [http-nio-8080-exec-2] DEBUG o.s.s.w.s.HttpSessionRequestCache - Saved request http://localhost:8080/error?continue to session
2025-11-17 20:41:05.738 [http-nio-8080-exec-2] DEBUG o.s.s.web.DefaultRedirectStrategy - Redirecting to http://localhost:8080/login
2025-11-17 20:41:12.047 [SpringApplicationShutdownHook] INFO  o.s.b.w.e.tomcat.GracefulShutdown - Commencing graceful shutdown. Waiting for active requests to complete
2025-11-17 20:41:12.052 [tomcat-shutdown] INFO  o.s.b.w.e.tomcat.GracefulShutdown - Graceful shutdown complete
2025-11-17 20:41:12.056 [SpringApplicationShutdownHook] INFO  o.s.o.j.LocalContainerEntityManagerFactoryBean - Closing JPA EntityManagerFactory for persistence unit 'default'
2025-11-17 20:41:12.059 [SpringApplicationShutdownHook] INFO  com.zaxxer.hikari.HikariDataSource - HikariPool-1 - Shutdown initiated...
2025-11-17 20:41:12.106 [SpringApplicationShutdownHook] INFO  com.zaxxer.hikari.HikariDataSource - HikariPool-1 - Shutdown completed.
2025-11-17 20:41:19.085 [restartedMain] INFO  com.gamescore.back.BackApplication - Starting BackApplication using Java 21.0.8 with PID 19283 (/Users/hug0gil/Desktop/DAW/DWESE/Proyectos/GameScore/back/target/classes started by hug0gil in /Users/hug0gil/Desktop/DAW/DWESE/Proyectos/GameScore/back)
2025-11-17 20:41:19.087 [restartedMain] DEBUG com.gamescore.back.BackApplication - Running with Spring Boot v3.5.7, Spring v6.2.12
2025-11-17 20:41:19.088 [restartedMain] INFO  com.gamescore.back.BackApplication - No active profile set, falling back to 1 default profile: "default"
2025-11-17 20:41:19.108 [restartedMain] INFO  o.s.b.d.e.DevToolsPropertyDefaultsPostProcessor - Devtools property defaults active! Set 'spring.devtools.add-properties' to 'false' to disable
2025-11-17 20:41:19.108 [restartedMain] INFO  o.s.b.d.e.DevToolsPropertyDefaultsPostProcessor - For additional web related logging consider setting the 'logging.level.web' property to 'DEBUG'
2025-11-17 20:41:19.476 [restartedMain] INFO  o.s.d.r.c.RepositoryConfigurationDelegate - Bootstrapping Spring Data JPA repositories in DEFAULT mode.
2025-11-17 20:41:19.508 [restartedMain] INFO  o.s.d.r.c.RepositoryConfigurationDelegate - Finished Spring Data repository scanning in 27 ms. Found 4 JPA repository interfaces.
2025-11-17 20:41:19.832 [restartedMain] INFO  o.s.b.w.e.tomcat.TomcatWebServer - Tomcat initialized with port 8080 (http)
2025-11-17 20:41:19.839 [restartedMain] INFO  o.a.catalina.core.StandardService - Starting service [Tomcat]
2025-11-17 20:41:19.840 [restartedMain] INFO  o.a.catalina.core.StandardEngine - Starting Servlet engine: [Apache Tomcat/10.1.48]
2025-11-17 20:41:19.866 [restartedMain] INFO  o.a.c.c.C.[Tomcat].[localhost].[/] - Initializing Spring embedded WebApplicationContext
2025-11-17 20:41:19.867 [restartedMain] INFO  o.s.b.w.s.c.ServletWebServerApplicationContext - Root WebApplicationContext: initialization completed in 759 ms
2025-11-17 20:41:19.981 [restartedMain] INFO  o.h.jpa.internal.util.LogHelper - HHH000204: Processing PersistenceUnitInfo [name: default]
2025-11-17 20:41:20.007 [restartedMain] INFO  org.hibernate.Version - HHH000412: Hibernate ORM core version 6.6.33.Final
2025-11-17 20:41:20.021 [restartedMain] INFO  o.h.c.i.RegionFactoryInitiator - HHH000026: Second-level cache disabled
2025-11-17 20:41:20.138 [restartedMain] INFO  o.s.o.j.p.SpringPersistenceUnitInfo - No LoadTimeWeaver setup: ignoring JPA class transformer
2025-11-17 20:41:20.152 [restartedMain] INFO  com.zaxxer.hikari.HikariDataSource - HikariPool-1 - Starting...
2025-11-17 20:41:22.424 [restartedMain] INFO  com.zaxxer.hikari.pool.HikariPool - HikariPool-1 - Added connection com.mysql.cj.jdbc.ConnectionImpl@7016d367
2025-11-17 20:41:22.429 [restartedMain] INFO  com.zaxxer.hikari.HikariDataSource - HikariPool-1 - Start completed.
2025-11-17 20:41:22.893 [restartedMain] WARN  org.hibernate.orm.deprecation - HHH90000025: MySQLDialect does not need to be specified explicitly using 'hibernate.dialect' (remove the property setting and it will be selected by default)
2025-11-17 20:41:22.911 [restartedMain] INFO  o.hibernate.orm.connections.pooling - HHH10001005: Database info:
	Database JDBC URL [Connecting through datasource 'HikariDataSource (HikariPool-1)']
	Database driver: undefined/unknown
	Database version: 9.4
	Autocommit mode: undefined/unknown
	Isolation level: undefined/unknown
	Minimum pool size: undefined/unknown
	Maximum pool size: undefined/unknown
2025-11-17 20:41:23.354 [restartedMain] INFO  o.h.e.t.j.p.i.JtaPlatformInitiator - HHH000489: No JTA platform available (set 'hibernate.transaction.jta.platform' to enable JTA platform integration)
2025-11-17 20:41:27.472 [restartedMain] INFO  o.s.o.j.LocalContainerEntityManagerFactoryBean - Initialized JPA EntityManagerFactory for persistence unit 'default'
2025-11-17 20:41:27.645 [restartedMain] INFO  o.s.d.j.r.query.QueryEnhancerFactory - Hibernate is in classpath; If applicable, HQL parser will be used.
2025-11-17 20:41:28.380 [restartedMain] DEBUG o.s.s.c.a.a.c.AuthenticationConfiguration$DefaultPasswordEncoderAuthenticationManagerBuilder - No authenticationProviders and no parentAuthenticationManager defined. Returning null.
2025-11-17 20:41:28.434 [restartedMain] DEBUG o.s.s.web.DefaultSecurityFilterChain - Will secure any request with filters: DisableEncodeUrlFilter, WebAsyncManagerIntegrationFilter, SecurityContextHolderFilter, HeaderWriterFilter, CsrfFilter, LogoutFilter, UsernamePasswordAuthenticationFilter, RequestCacheAwareFilter, SecurityContextHolderAwareRequestFilter, AnonymousAuthenticationFilter, ExceptionTranslationFilter, AuthorizationFilter
2025-11-17 20:41:28.776 [restartedMain] INFO  o.s.b.a.h.H2ConsoleAutoConfiguration - H2 console available at '/h2-console'. Database available at 'jdbc:mysql://root:tkLpBtTxRBVsqioSkUDlqnbgmFKxVtiE@crossover.proxy.rlwy.net:27029/railway'
2025-11-17 20:41:28.820 [restartedMain] INFO  o.s.b.d.a.OptionalLiveReloadServer - LiveReload server is running on port 35729
2025-11-17 20:41:28.843 [restartedMain] INFO  o.s.b.w.e.tomcat.TomcatWebServer - Tomcat started on port 8080 (http) with context path '/'
2025-11-17 20:41:28.850 [restartedMain] INFO  com.gamescore.back.BackApplication - Started BackApplication in 9.975 seconds (process running for 10.394)
2025-11-17 20:41:32.224 [http-nio-8080-exec-1] INFO  o.a.c.c.C.[Tomcat].[localhost].[/] - Initializing Spring DispatcherServlet 'dispatcherServlet'
2025-11-17 20:41:32.224 [http-nio-8080-exec-1] INFO  o.s.web.servlet.DispatcherServlet - Initializing Servlet 'dispatcherServlet'
2025-11-17 20:41:32.225 [http-nio-8080-exec-1] INFO  o.s.web.servlet.DispatcherServlet - Completed initialization in 0 ms
2025-11-17 20:41:32.234 [http-nio-8080-exec-1] DEBUG o.s.security.web.FilterChainProxy - Securing GET /
2025-11-17 20:41:32.242 [http-nio-8080-exec-1] DEBUG o.s.s.w.a.AnonymousAuthenticationFilter - Set SecurityContextHolder to anonymous SecurityContext
2025-11-17 20:41:32.244 [http-nio-8080-exec-1] DEBUG o.s.s.w.s.HttpSessionRequestCache - Saved request http://localhost:8080/?continue to session
2025-11-17 20:41:32.245 [http-nio-8080-exec-1] DEBUG o.s.s.web.DefaultRedirectStrategy - Redirecting to http://localhost:8080/login
2025-11-17 20:41:32.249 [http-nio-8080-exec-2] DEBUG o.s.security.web.FilterChainProxy - Securing GET /login
2025-11-17 20:41:32.250 [http-nio-8080-exec-2] DEBUG o.s.security.web.FilterChainProxy - Secured GET /login
2025-11-17 20:41:32.257 [http-nio-8080-exec-2] DEBUG o.s.s.w.a.AnonymousAuthenticationFilter - Set SecurityContextHolder to anonymous SecurityContext
2025-11-17 20:41:32.260 [http-nio-8080-exec-2] DEBUG o.s.security.web.FilterChainProxy - Securing GET /error
2025-11-17 20:41:32.261 [http-nio-8080-exec-2] DEBUG o.s.s.w.a.AnonymousAuthenticationFilter - Set SecurityContextHolder to anonymous SecurityContext
2025-11-17 20:41:32.261 [http-nio-8080-exec-2] DEBUG o.s.s.w.s.HttpSessionRequestCache - Saved request http://localhost:8080/error?continue to session
2025-11-17 20:41:32.261 [http-nio-8080-exec-2] DEBUG o.s.s.web.DefaultRedirectStrategy - Redirecting to http://localhost:8080/login
2025-11-17 20:41:32.264 [http-nio-8080-exec-3] DEBUG o.s.security.web.FilterChainProxy - Securing GET /login
2025-11-17 20:41:32.264 [http-nio-8080-exec-3] DEBUG o.s.security.web.FilterChainProxy - Secured GET /login
2025-11-17 20:41:32.265 [http-nio-8080-exec-3] DEBUG o.s.s.w.a.AnonymousAuthenticationFilter - Set SecurityContextHolder to anonymous SecurityContext
2025-11-17 20:41:32.265 [http-nio-8080-exec-3] DEBUG o.s.security.web.FilterChainProxy - Securing GET /error
2025-11-17 20:41:32.266 [http-nio-8080-exec-3] DEBUG o.s.s.w.a.AnonymousAuthenticationFilter - Set SecurityContextHolder to anonymous SecurityContext
2025-11-17 20:41:32.266 [http-nio-8080-exec-3] DEBUG o.s.s.w.s.HttpSessionRequestCache - Saved request http://localhost:8080/error?continue to session
2025-11-17 20:41:32.266 [http-nio-8080-exec-3] DEBUG o.s.s.web.DefaultRedirectStrategy - Redirecting to http://localhost:8080/login
2025-11-17 20:41:32.268 [http-nio-8080-exec-4] DEBUG o.s.security.web.FilterChainProxy - Securing GET /login
2025-11-17 20:41:32.268 [http-nio-8080-exec-4] DEBUG o.s.security.web.FilterChainProxy - Secured GET /login
2025-11-17 20:41:32.269 [http-nio-8080-exec-4] DEBUG o.s.s.w.a.AnonymousAuthenticationFilter - Set SecurityContextHolder to anonymous SecurityContext
2025-11-17 20:41:32.269 [http-nio-8080-exec-4] DEBUG o.s.security.web.FilterChainProxy - Securing GET /error
2025-11-17 20:41:32.270 [http-nio-8080-exec-4] DEBUG o.s.s.w.a.AnonymousAuthenticationFilter - Set SecurityContextHolder to anonymous SecurityContext
2025-11-17 20:41:32.270 [http-nio-8080-exec-4] DEBUG o.s.s.w.s.HttpSessionRequestCache - Saved request http://localhost:8080/error?continue to session
2025-11-17 20:41:32.270 [http-nio-8080-exec-4] DEBUG o.s.s.web.DefaultRedirectStrategy - Redirecting to http://localhost:8080/login
2025-11-17 20:41:32.272 [http-nio-8080-exec-5] DEBUG o.s.security.web.FilterChainProxy - Securing GET /login
2025-11-17 20:41:32.272 [http-nio-8080-exec-5] DEBUG o.s.security.web.FilterChainProxy - Secured GET /login
2025-11-17 20:41:32.273 [http-nio-8080-exec-5] DEBUG o.s.s.w.a.AnonymousAuthenticationFilter - Set SecurityContextHolder to anonymous SecurityContext
2025-11-17 20:41:32.273 [http-nio-8080-exec-5] DEBUG o.s.security.web.FilterChainProxy - Securing GET /error
2025-11-17 20:41:32.274 [http-nio-8080-exec-5] DEBUG o.s.s.w.a.AnonymousAuthenticationFilter - Set SecurityContextHolder to anonymous SecurityContext
2025-11-17 20:41:32.274 [http-nio-8080-exec-5] DEBUG o.s.s.w.s.HttpSessionRequestCache - Saved request http://localhost:8080/error?continue to session
2025-11-17 20:41:32.274 [http-nio-8080-exec-5] DEBUG o.s.s.web.DefaultRedirectStrategy - Redirecting to http://localhost:8080/login
2025-11-17 20:41:32.276 [http-nio-8080-exec-6] DEBUG o.s.security.web.FilterChainProxy - Securing GET /login
2025-11-17 20:41:32.276 [http-nio-8080-exec-6] DEBUG o.s.security.web.FilterChainProxy - Secured GET /login
2025-11-17 20:41:32.277 [http-nio-8080-exec-6] DEBUG o.s.s.w.a.AnonymousAuthenticationFilter - Set SecurityContextHolder to anonymous SecurityContext
2025-11-17 20:41:32.277 [http-nio-8080-exec-6] DEBUG o.s.security.web.FilterChainProxy - Securing GET /error
2025-11-17 20:41:32.277 [http-nio-8080-exec-6] DEBUG o.s.s.w.a.AnonymousAuthenticationFilter - Set SecurityContextHolder to anonymous SecurityContext
2025-11-17 20:41:32.278 [http-nio-8080-exec-6] DEBUG o.s.s.w.s.HttpSessionRequestCache - Saved request http://localhost:8080/error?continue to session
2025-11-17 20:41:32.278 [http-nio-8080-exec-6] DEBUG o.s.s.web.DefaultRedirectStrategy - Redirecting to http://localhost:8080/login
2025-11-17 20:41:32.280 [http-nio-8080-exec-7] DEBUG o.s.security.web.FilterChainProxy - Securing GET /login
2025-11-17 20:41:32.280 [http-nio-8080-exec-7] DEBUG o.s.security.web.FilterChainProxy - Secured GET /login
2025-11-17 20:41:32.281 [http-nio-8080-exec-7] DEBUG o.s.s.w.a.AnonymousAuthenticationFilter - Set SecurityContextHolder to anonymous SecurityContext
2025-11-17 20:41:32.281 [http-nio-8080-exec-7] DEBUG o.s.security.web.FilterChainProxy - Securing GET /error
2025-11-17 20:41:32.281 [http-nio-8080-exec-7] DEBUG o.s.s.w.a.AnonymousAuthenticationFilter - Set SecurityContextHolder to anonymous SecurityContext
2025-11-17 20:41:32.282 [http-nio-8080-exec-7] DEBUG o.s.s.w.s.HttpSessionRequestCache - Saved request http://localhost:8080/error?continue to session
2025-11-17 20:41:32.282 [http-nio-8080-exec-7] DEBUG o.s.s.web.DefaultRedirectStrategy - Redirecting to http://localhost:8080/login
2025-11-17 20:41:32.284 [http-nio-8080-exec-8] DEBUG o.s.security.web.FilterChainProxy - Securing GET /login
2025-11-17 20:41:32.284 [http-nio-8080-exec-8] DEBUG o.s.security.web.FilterChainProxy - Secured GET /login
2025-11-17 20:41:32.285 [http-nio-8080-exec-8] DEBUG o.s.s.w.a.AnonymousAuthenticationFilter - Set SecurityContextHolder to anonymous SecurityContext
2025-11-17 20:41:32.285 [http-nio-8080-exec-8] DEBUG o.s.security.web.FilterChainProxy - Securing GET /error
2025-11-17 20:41:32.285 [http-nio-8080-exec-8] DEBUG o.s.s.w.a.AnonymousAuthenticationFilter - Set SecurityContextHolder to anonymous SecurityContext
2025-11-17 20:41:32.286 [http-nio-8080-exec-8] DEBUG o.s.s.w.s.HttpSessionRequestCache - Saved request http://localhost:8080/error?continue to session
2025-11-17 20:41:32.286 [http-nio-8080-exec-8] DEBUG o.s.s.web.DefaultRedirectStrategy - Redirecting to http://localhost:8080/login
2025-11-17 20:41:32.288 [http-nio-8080-exec-9] DEBUG o.s.security.web.FilterChainProxy - Securing GET /login
2025-11-17 20:41:32.288 [http-nio-8080-exec-9] DEBUG o.s.security.web.FilterChainProxy - Secured GET /login
2025-11-17 20:41:32.289 [http-nio-8080-exec-9] DEBUG o.s.s.w.a.AnonymousAuthenticationFilter - Set SecurityContextHolder to anonymous SecurityContext
2025-11-17 20:41:32.289 [http-nio-8080-exec-9] DEBUG o.s.security.web.FilterChainProxy - Securing GET /error
2025-11-17 20:41:32.289 [http-nio-8080-exec-9] DEBUG o.s.s.w.a.AnonymousAuthenticationFilter - Set SecurityContextHolder to anonymous SecurityContext
2025-11-17 20:41:32.290 [http-nio-8080-exec-9] DEBUG o.s.s.w.s.HttpSessionRequestCache - Saved request http://localhost:8080/error?continue to session
2025-11-17 20:41:32.290 [http-nio-8080-exec-9] DEBUG o.s.s.web.DefaultRedirectStrategy - Redirecting to http://localhost:8080/login
2025-11-17 20:41:32.292 [http-nio-8080-exec-10] DEBUG o.s.security.web.FilterChainProxy - Securing GET /login
2025-11-17 20:41:32.292 [http-nio-8080-exec-10] DEBUG o.s.security.web.FilterChainProxy - Secured GET /login
2025-11-17 20:41:32.292 [http-nio-8080-exec-10] DEBUG o.s.s.w.a.AnonymousAuthenticationFilter - Set SecurityContextHolder to anonymous SecurityContext
2025-11-17 20:41:32.293 [http-nio-8080-exec-10] DEBUG o.s.security.web.FilterChainProxy - Securing GET /error
2025-11-17 20:41:32.293 [http-nio-8080-exec-10] DEBUG o.s.s.w.a.AnonymousAuthenticationFilter - Set SecurityContextHolder to anonymous SecurityContext
2025-11-17 20:41:32.293 [http-nio-8080-exec-10] DEBUG o.s.s.w.s.HttpSessionRequestCache - Saved request http://localhost:8080/error?continue to session
2025-11-17 20:41:32.293 [http-nio-8080-exec-10] DEBUG o.s.s.web.DefaultRedirectStrategy - Redirecting to http://localhost:8080/login
2025-11-17 20:41:32.295 [http-nio-8080-exec-1] DEBUG o.s.security.web.FilterChainProxy - Securing GET /login
2025-11-17 20:41:32.295 [http-nio-8080-exec-1] DEBUG o.s.security.web.FilterChainProxy - Secured GET /login
2025-11-17 20:41:32.296 [http-nio-8080-exec-1] DEBUG o.s.s.w.a.AnonymousAuthenticationFilter - Set SecurityContextHolder to anonymous SecurityContext
2025-11-17 20:41:32.296 [http-nio-8080-exec-1] DEBUG o.s.security.web.FilterChainProxy - Securing GET /error
2025-11-17 20:41:32.296 [http-nio-8080-exec-1] DEBUG o.s.s.w.a.AnonymousAuthenticationFilter - Set SecurityContextHolder to anonymous SecurityContext
2025-11-17 20:41:32.296 [http-nio-8080-exec-1] DEBUG o.s.s.w.s.HttpSessionRequestCache - Saved request http://localhost:8080/error?continue to session
2025-11-17 20:41:32.296 [http-nio-8080-exec-1] DEBUG o.s.s.web.DefaultRedirectStrategy - Redirecting to http://localhost:8080/login
2025-11-17 20:41:32.298 [http-nio-8080-exec-2] DEBUG o.s.security.web.FilterChainProxy - Securing GET /login
2025-11-17 20:41:32.299 [http-nio-8080-exec-2] DEBUG o.s.security.web.FilterChainProxy - Secured GET /login
2025-11-17 20:41:32.299 [http-nio-8080-exec-2] DEBUG o.s.s.w.a.AnonymousAuthenticationFilter - Set SecurityContextHolder to anonymous SecurityContext
2025-11-17 20:41:32.299 [http-nio-8080-exec-2] DEBUG o.s.security.web.FilterChainProxy - Securing GET /error
2025-11-17 20:41:32.300 [http-nio-8080-exec-2] DEBUG o.s.s.w.a.AnonymousAuthenticationFilter - Set SecurityContextHolder to anonymous SecurityContext
2025-11-17 20:41:32.300 [http-nio-8080-exec-2] DEBUG o.s.s.w.s.HttpSessionRequestCache - Saved request http://localhost:8080/error?continue to session
2025-11-17 20:41:32.300 [http-nio-8080-exec-2] DEBUG o.s.s.web.DefaultRedirectStrategy - Redirecting to http://localhost:8080/login
2025-11-17 20:41:32.302 [http-nio-8080-exec-3] DEBUG o.s.security.web.FilterChainProxy - Securing GET /login
2025-11-17 20:41:32.302 [http-nio-8080-exec-3] DEBUG o.s.security.web.FilterChainProxy - Secured GET /login
2025-11-17 20:41:32.302 [http-nio-8080-exec-3] DEBUG o.s.s.w.a.AnonymousAuthenticationFilter - Set SecurityContextHolder to anonymous SecurityContext
2025-11-17 20:41:32.303 [http-nio-8080-exec-3] DEBUG o.s.security.web.FilterChainProxy - Securing GET /error
2025-11-17 20:41:32.303 [http-nio-8080-exec-3] DEBUG o.s.s.w.a.AnonymousAuthenticationFilter - Set SecurityContextHolder to anonymous SecurityContext
2025-11-17 20:41:32.303 [http-nio-8080-exec-3] DEBUG o.s.s.w.s.HttpSessionRequestCache - Saved request http://localhost:8080/error?continue to session
2025-11-17 20:41:32.303 [http-nio-8080-exec-3] DEBUG o.s.s.web.DefaultRedirectStrategy - Redirecting to http://localhost:8080/login
2025-11-17 20:41:32.305 [http-nio-8080-exec-4] DEBUG o.s.security.web.FilterChainProxy - Securing GET /login
2025-11-17 20:41:32.305 [http-nio-8080-exec-4] DEBUG o.s.security.web.FilterChainProxy - Secured GET /login
2025-11-17 20:41:32.306 [http-nio-8080-exec-4] DEBUG o.s.s.w.a.AnonymousAuthenticationFilter - Set SecurityContextHolder to anonymous SecurityContext
2025-11-17 20:41:32.306 [http-nio-8080-exec-4] DEBUG o.s.security.web.FilterChainProxy - Securing GET /error
2025-11-17 20:41:32.306 [http-nio-8080-exec-4] DEBUG o.s.s.w.a.AnonymousAuthenticationFilter - Set SecurityContextHolder to anonymous SecurityContext
2025-11-17 20:41:32.307 [http-nio-8080-exec-4] DEBUG o.s.s.w.s.HttpSessionRequestCache - Saved request http://localhost:8080/error?continue to session
2025-11-17 20:41:32.307 [http-nio-8080-exec-4] DEBUG o.s.s.web.DefaultRedirectStrategy - Redirecting to http://localhost:8080/login
2025-11-17 20:41:32.308 [http-nio-8080-exec-5] DEBUG o.s.security.web.FilterChainProxy - Securing GET /login
2025-11-17 20:41:32.308 [http-nio-8080-exec-5] DEBUG o.s.security.web.FilterChainProxy - Secured GET /login
2025-11-17 20:41:32.309 [http-nio-8080-exec-5] DEBUG o.s.s.w.a.AnonymousAuthenticationFilter - Set SecurityContextHolder to anonymous SecurityContext
2025-11-17 20:41:32.309 [http-nio-8080-exec-5] DEBUG o.s.security.web.FilterChainProxy - Securing GET /error
2025-11-17 20:41:32.309 [http-nio-8080-exec-5] DEBUG o.s.s.w.a.AnonymousAuthenticationFilter - Set SecurityContextHolder to anonymous SecurityContext
2025-11-17 20:41:32.310 [http-nio-8080-exec-5] DEBUG o.s.s.w.s.HttpSessionRequestCache - Saved request http://localhost:8080/error?continue to session
2025-11-17 20:41:32.310 [http-nio-8080-exec-5] DEBUG o.s.s.web.DefaultRedirectStrategy - Redirecting to http://localhost:8080/login
2025-11-17 20:41:32.311 [http-nio-8080-exec-6] DEBUG o.s.security.web.FilterChainProxy - Securing GET /login
2025-11-17 20:41:32.311 [http-nio-8080-exec-6] DEBUG o.s.security.web.FilterChainProxy - Secured GET /login
2025-11-17 20:41:32.312 [http-nio-8080-exec-6] DEBUG o.s.s.w.a.AnonymousAuthenticationFilter - Set SecurityContextHolder to anonymous SecurityContext
2025-11-17 20:41:32.312 [http-nio-8080-exec-6] DEBUG o.s.security.web.FilterChainProxy - Securing GET /error
2025-11-17 20:41:32.312 [http-nio-8080-exec-6] DEBUG o.s.s.w.a.AnonymousAuthenticationFilter - Set SecurityContextHolder to anonymous SecurityContext
2025-11-17 20:41:32.312 [http-nio-8080-exec-6] DEBUG o.s.s.w.s.HttpSessionRequestCache - Saved request http://localhost:8080/error?continue to session
2025-11-17 20:41:32.312 [http-nio-8080-exec-6] DEBUG o.s.s.web.DefaultRedirectStrategy - Redirecting to http://localhost:8080/login
2025-11-17 20:41:32.314 [http-nio-8080-exec-7] DEBUG o.s.security.web.FilterChainProxy - Securing GET /login
2025-11-17 20:41:32.314 [http-nio-8080-exec-7] DEBUG o.s.security.web.FilterChainProxy - Secured GET /login
2025-11-17 20:41:32.315 [http-nio-8080-exec-7] DEBUG o.s.s.w.a.AnonymousAuthenticationFilter - Set SecurityContextHolder to anonymous SecurityContext
2025-11-17 20:41:32.315 [http-nio-8080-exec-7] DEBUG o.s.security.web.FilterChainProxy - Securing GET /error
2025-11-17 20:41:32.315 [http-nio-8080-exec-7] DEBUG o.s.s.w.a.AnonymousAuthenticationFilter - Set SecurityContextHolder to anonymous SecurityContext
2025-11-17 20:41:32.316 [http-nio-8080-exec-7] DEBUG o.s.s.w.s.HttpSessionRequestCache - Saved request http://localhost:8080/error?continue to session
2025-11-17 20:41:32.316 [http-nio-8080-exec-7] DEBUG o.s.s.web.DefaultRedirectStrategy - Redirecting to http://localhost:8080/login
2025-11-17 20:41:32.317 [http-nio-8080-exec-8] DEBUG o.s.security.web.FilterChainProxy - Securing GET /login
2025-11-17 20:41:32.317 [http-nio-8080-exec-8] DEBUG o.s.security.web.FilterChainProxy - Secured GET /login
2025-11-17 20:41:32.318 [http-nio-8080-exec-8] DEBUG o.s.s.w.a.AnonymousAuthenticationFilter - Set SecurityContextHolder to anonymous SecurityContext
2025-11-17 20:41:32.318 [http-nio-8080-exec-8] DEBUG o.s.security.web.FilterChainProxy - Securing GET /error
2025-11-17 20:41:32.318 [http-nio-8080-exec-8] DEBUG o.s.s.w.a.AnonymousAuthenticationFilter - Set SecurityContextHolder to anonymous SecurityContext
2025-11-17 20:41:32.318 [http-nio-8080-exec-8] DEBUG o.s.s.w.s.HttpSessionRequestCache - Saved request http://localhost:8080/error?continue to session
2025-11-17 20:41:32.318 [http-nio-8080-exec-8] DEBUG o.s.s.web.DefaultRedirectStrategy - Redirecting to http://localhost:8080/login
2025-11-17 20:41:32.320 [http-nio-8080-exec-9] DEBUG o.s.security.web.FilterChainProxy - Securing GET /login
2025-11-17 20:41:32.320 [http-nio-8080-exec-9] DEBUG o.s.security.web.FilterChainProxy - Secured GET /login
2025-11-17 20:41:32.320 [http-nio-8080-exec-9] DEBUG o.s.s.w.a.AnonymousAuthenticationFilter - Set SecurityContextHolder to anonymous SecurityContext
2025-11-17 20:41:32.321 [http-nio-8080-exec-9] DEBUG o.s.security.web.FilterChainProxy - Securing GET /error
2025-11-17 20:41:32.321 [http-nio-8080-exec-9] DEBUG o.s.s.w.a.AnonymousAuthenticationFilter - Set SecurityContextHolder to anonymous SecurityContext
2025-11-17 20:41:32.321 [http-nio-8080-exec-9] DEBUG o.s.s.w.s.HttpSessionRequestCache - Saved request http://localhost:8080/error?continue to session
2025-11-17 20:41:32.322 [http-nio-8080-exec-9] DEBUG o.s.s.web.DefaultRedirectStrategy - Redirecting to http://localhost:8080/login
2025-11-17 20:41:32.324 [http-nio-8080-exec-10] DEBUG o.s.security.web.FilterChainProxy - Securing GET /login
2025-11-17 20:41:32.324 [http-nio-8080-exec-10] DEBUG o.s.security.web.FilterChainProxy - Secured GET /login
2025-11-17 20:41:32.324 [http-nio-8080-exec-10] DEBUG o.s.s.w.a.AnonymousAuthenticationFilter - Set SecurityContextHolder to anonymous SecurityContext
2025-11-17 20:41:32.325 [http-nio-8080-exec-10] DEBUG o.s.security.web.FilterChainProxy - Securing GET /error
2025-11-17 20:41:32.325 [http-nio-8080-exec-10] DEBUG o.s.s.w.a.AnonymousAuthenticationFilter - Set SecurityContextHolder to anonymous SecurityContext
2025-11-17 20:41:32.325 [http-nio-8080-exec-10] DEBUG o.s.s.w.s.HttpSessionRequestCache - Saved request http://localhost:8080/error?continue to session
2025-11-17 20:41:32.325 [http-nio-8080-exec-10] DEBUG o.s.s.web.DefaultRedirectStrategy - Redirecting to http://localhost:8080/login
2025-11-17 20:41:33.338 [http-nio-8080-exec-1] DEBUG o.s.security.web.FilterChainProxy - Securing GET /login
2025-11-17 20:41:33.338 [http-nio-8080-exec-1] DEBUG o.s.security.web.FilterChainProxy - Secured GET /login
2025-11-17 20:41:33.340 [http-nio-8080-exec-1] DEBUG o.s.s.w.a.AnonymousAuthenticationFilter - Set SecurityContextHolder to anonymous SecurityContext
2025-11-17 20:41:33.340 [http-nio-8080-exec-1] DEBUG o.s.security.web.FilterChainProxy - Securing GET /error
2025-11-17 20:41:33.341 [http-nio-8080-exec-1] DEBUG o.s.s.w.a.AnonymousAuthenticationFilter - Set SecurityContextHolder to anonymous SecurityContext
2025-11-17 20:41:33.341 [http-nio-8080-exec-1] DEBUG o.s.s.w.s.HttpSessionRequestCache - Saved request http://localhost:8080/error?continue to session
2025-11-17 20:41:33.341 [http-nio-8080-exec-1] DEBUG o.s.s.web.DefaultRedirectStrategy - Redirecting to http://localhost:8080/login
2025-11-17 20:41:33.344 [http-nio-8080-exec-2] DEBUG o.s.security.web.FilterChainProxy - Securing GET /login
2025-11-17 20:41:33.344 [http-nio-8080-exec-2] DEBUG o.s.security.web.FilterChainProxy - Secured GET /login
2025-11-17 20:41:33.345 [http-nio-8080-exec-2] DEBUG o.s.s.w.a.AnonymousAuthenticationFilter - Set SecurityContextHolder to anonymous SecurityContext
2025-11-17 20:41:33.345 [http-nio-8080-exec-2] DEBUG o.s.security.web.FilterChainProxy - Securing GET /error
2025-11-17 20:41:33.346 [http-nio-8080-exec-2] DEBUG o.s.s.w.a.AnonymousAuthenticationFilter - Set SecurityContextHolder to anonymous SecurityContext
2025-11-17 20:41:33.346 [http-nio-8080-exec-2] DEBUG o.s.s.w.s.HttpSessionRequestCache - Saved request http://localhost:8080/error?continue to session
2025-11-17 20:41:33.346 [http-nio-8080-exec-2] DEBUG o.s.s.web.DefaultRedirectStrategy - Redirecting to http://localhost:8080/login
2025-11-17 20:41:33.349 [http-nio-8080-exec-3] DEBUG o.s.security.web.FilterChainProxy - Securing GET /login
2025-11-17 20:41:33.349 [http-nio-8080-exec-3] DEBUG o.s.security.web.FilterChainProxy - Secured GET /login
2025-11-17 20:41:33.350 [http-nio-8080-exec-3] DEBUG o.s.s.w.a.AnonymousAuthenticationFilter - Set SecurityContextHolder to anonymous SecurityContext
2025-11-17 20:41:33.350 [http-nio-8080-exec-3] DEBUG o.s.security.web.FilterChainProxy - Securing GET /error
2025-11-17 20:41:33.350 [http-nio-8080-exec-3] DEBUG o.s.s.w.a.AnonymousAuthenticationFilter - Set SecurityContextHolder to anonymous SecurityContext
2025-11-17 20:41:33.351 [http-nio-8080-exec-3] DEBUG o.s.s.w.s.HttpSessionRequestCache - Saved request http://localhost:8080/error?continue to session
2025-11-17 20:41:33.351 [http-nio-8080-exec-3] DEBUG o.s.s.web.DefaultRedirectStrategy - Redirecting to http://localhost:8080/login
2025-11-17 20:41:33.353 [http-nio-8080-exec-4] DEBUG o.s.security.web.FilterChainProxy - Securing GET /login
2025-11-17 20:41:33.354 [http-nio-8080-exec-4] DEBUG o.s.security.web.FilterChainProxy - Secured GET /login
2025-11-17 20:41:33.355 [http-nio-8080-exec-4] DEBUG o.s.s.w.a.AnonymousAuthenticationFilter - Set SecurityContextHolder to anonymous SecurityContext
2025-11-17 20:41:33.356 [http-nio-8080-exec-4] DEBUG o.s.security.web.FilterChainProxy - Securing GET /error
2025-11-17 20:41:33.356 [http-nio-8080-exec-4] DEBUG o.s.s.w.a.AnonymousAuthenticationFilter - Set SecurityContextHolder to anonymous SecurityContext
2025-11-17 20:41:33.357 [http-nio-8080-exec-4] DEBUG o.s.s.w.s.HttpSessionRequestCache - Saved request http://localhost:8080/error?continue to session
2025-11-17 20:41:33.357 [http-nio-8080-exec-4] DEBUG o.s.s.web.DefaultRedirectStrategy - Redirecting to http://localhost:8080/login
2025-11-17 20:41:33.360 [http-nio-8080-exec-5] DEBUG o.s.security.web.FilterChainProxy - Securing GET /login
2025-11-17 20:41:33.360 [http-nio-8080-exec-5] DEBUG o.s.security.web.FilterChainProxy - Secured GET /login
2025-11-17 20:41:33.361 [http-nio-8080-exec-5] DEBUG o.s.s.w.a.AnonymousAuthenticationFilter - Set SecurityContextHolder to anonymous SecurityContext
2025-11-17 20:41:33.361 [http-nio-8080-exec-5] DEBUG o.s.security.web.FilterChainProxy - Securing GET /error
2025-11-17 20:41:33.361 [http-nio-8080-exec-5] DEBUG o.s.s.w.a.AnonymousAuthenticationFilter - Set SecurityContextHolder to anonymous SecurityContext
2025-11-17 20:41:33.362 [http-nio-8080-exec-5] DEBUG o.s.s.w.s.HttpSessionRequestCache - Saved request http://localhost:8080/error?continue to session
2025-11-17 20:41:33.362 [http-nio-8080-exec-5] DEBUG o.s.s.web.DefaultRedirectStrategy - Redirecting to http://localhost:8080/login
2025-11-17 20:41:33.364 [http-nio-8080-exec-6] DEBUG o.s.security.web.FilterChainProxy - Securing GET /login
2025-11-17 20:41:33.364 [http-nio-8080-exec-6] DEBUG o.s.security.web.FilterChainProxy - Secured GET /login
2025-11-17 20:41:33.365 [http-nio-8080-exec-6] DEBUG o.s.s.w.a.AnonymousAuthenticationFilter - Set SecurityContextHolder to anonymous SecurityContext
2025-11-17 20:41:33.365 [http-nio-8080-exec-6] DEBUG o.s.security.web.FilterChainProxy - Securing GET /error
2025-11-17 20:41:33.365 [http-nio-8080-exec-6] DEBUG o.s.s.w.a.AnonymousAuthenticationFilter - Set SecurityContextHolder to anonymous SecurityContext
2025-11-17 20:41:33.366 [http-nio-8080-exec-6] DEBUG o.s.s.w.s.HttpSessionRequestCache - Saved request http://localhost:8080/error?continue to session
2025-11-17 20:41:33.366 [http-nio-8080-exec-6] DEBUG o.s.s.web.DefaultRedirectStrategy - Redirecting to http://localhost:8080/login
2025-11-17 20:41:33.368 [http-nio-8080-exec-7] DEBUG o.s.security.web.FilterChainProxy - Securing GET /login
2025-11-17 20:41:33.368 [http-nio-8080-exec-7] DEBUG o.s.security.web.FilterChainProxy - Secured GET /login
2025-11-17 20:41:33.369 [http-nio-8080-exec-7] DEBUG o.s.s.w.a.AnonymousAuthenticationFilter - Set SecurityContextHolder to anonymous SecurityContext
2025-11-17 20:41:33.369 [http-nio-8080-exec-7] DEBUG o.s.security.web.FilterChainProxy - Securing GET /error
2025-11-17 20:41:33.369 [http-nio-8080-exec-7] DEBUG o.s.s.w.a.AnonymousAuthenticationFilter - Set SecurityContextHolder to anonymous SecurityContext
2025-11-17 20:41:33.370 [http-nio-8080-exec-7] DEBUG o.s.s.w.s.HttpSessionRequestCache - Saved request http://localhost:8080/error?continue to session
2025-11-17 20:41:33.370 [http-nio-8080-exec-7] DEBUG o.s.s.web.DefaultRedirectStrategy - Redirecting to http://localhost:8080/login
2025-11-17 20:41:33.373 [http-nio-8080-exec-8] DEBUG o.s.security.web.FilterChainProxy - Securing GET /login
2025-11-17 20:41:33.373 [http-nio-8080-exec-8] DEBUG o.s.security.web.FilterChainProxy - Secured GET /login
2025-11-17 20:41:33.374 [http-nio-8080-exec-8] DEBUG o.s.s.w.a.AnonymousAuthenticationFilter - Set SecurityContextHolder to anonymous SecurityContext
2025-11-17 20:41:33.374 [http-nio-8080-exec-8] DEBUG o.s.security.web.FilterChainProxy - Securing GET /error
2025-11-17 20:41:33.374 [http-nio-8080-exec-8] DEBUG o.s.s.w.a.AnonymousAuthenticationFilter - Set SecurityContextHolder to anonymous SecurityContext
2025-11-17 20:41:33.374 [http-nio-8080-exec-8] DEBUG o.s.s.w.s.HttpSessionRequestCache - Saved request http://localhost:8080/error?continue to session
2025-11-17 20:41:33.374 [http-nio-8080-exec-8] DEBUG o.s.s.web.DefaultRedirectStrategy - Redirecting to http://localhost:8080/login
2025-11-17 20:41:33.376 [http-nio-8080-exec-9] DEBUG o.s.security.web.FilterChainProxy - Securing GET /login
2025-11-17 20:41:33.376 [http-nio-8080-exec-9] DEBUG o.s.security.web.FilterChainProxy - Secured GET /login
2025-11-17 20:41:33.377 [http-nio-8080-exec-9] DEBUG o.s.s.w.a.AnonymousAuthenticationFilter - Set SecurityContextHolder to anonymous SecurityContext
2025-11-17 20:41:33.377 [http-nio-8080-exec-9] DEBUG o.s.security.web.FilterChainProxy - Securing GET /error
2025-11-17 20:41:33.378 [http-nio-8080-exec-9] DEBUG o.s.s.w.a.AnonymousAuthenticationFilter - Set SecurityContextHolder to anonymous SecurityContext
2025-11-17 20:41:33.379 [http-nio-8080-exec-9] DEBUG o.s.s.w.s.HttpSessionRequestCache - Saved request http://localhost:8080/error?continue to session
2025-11-17 20:41:33.379 [http-nio-8080-exec-9] DEBUG o.s.s.web.DefaultRedirectStrategy - Redirecting to http://localhost:8080/login
2025-11-17 20:41:33.381 [http-nio-8080-exec-10] DEBUG o.s.security.web.FilterChainProxy - Securing GET /login
2025-11-17 20:41:33.381 [http-nio-8080-exec-10] DEBUG o.s.security.web.FilterChainProxy - Secured GET /login
2025-11-17 20:41:33.382 [http-nio-8080-exec-10] DEBUG o.s.s.w.a.AnonymousAuthenticationFilter - Set SecurityContextHolder to anonymous SecurityContext
2025-11-17 20:41:33.382 [http-nio-8080-exec-10] DEBUG o.s.security.web.FilterChainProxy - Securing GET /error
2025-11-17 20:41:33.382 [http-nio-8080-exec-10] DEBUG o.s.s.w.a.AnonymousAuthenticationFilter - Set SecurityContextHolder to anonymous SecurityContext
2025-11-17 20:41:33.382 [http-nio-8080-exec-10] DEBUG o.s.s.w.s.HttpSessionRequestCache - Saved request http://localhost:8080/error?continue to session
2025-11-17 20:41:33.382 [http-nio-8080-exec-10] DEBUG o.s.s.web.DefaultRedirectStrategy - Redirecting to http://localhost:8080/login
2025-11-17 20:41:33.385 [http-nio-8080-exec-1] DEBUG o.s.security.web.FilterChainProxy - Securing GET /login
2025-11-17 20:41:33.385 [http-nio-8080-exec-1] DEBUG o.s.security.web.FilterChainProxy - Secured GET /login
2025-11-17 20:41:33.386 [http-nio-8080-exec-1] DEBUG o.s.s.w.a.AnonymousAuthenticationFilter - Set SecurityContextHolder to anonymous SecurityContext
2025-11-17 20:41:33.386 [http-nio-8080-exec-1] DEBUG o.s.security.web.FilterChainProxy - Securing GET /error
2025-11-17 20:41:33.386 [http-nio-8080-exec-1] DEBUG o.s.s.w.a.AnonymousAuthenticationFilter - Set SecurityContextHolder to anonymous SecurityContext
2025-11-17 20:41:33.386 [http-nio-8080-exec-1] DEBUG o.s.s.w.s.HttpSessionRequestCache - Saved request http://localhost:8080/error?continue to session
2025-11-17 20:41:33.386 [http-nio-8080-exec-1] DEBUG o.s.s.web.DefaultRedirectStrategy - Redirecting to http://localhost:8080/login
2025-11-17 20:41:33.388 [http-nio-8080-exec-2] DEBUG o.s.security.web.FilterChainProxy - Securing GET /login
2025-11-17 20:41:33.388 [http-nio-8080-exec-2] DEBUG o.s.security.web.FilterChainProxy - Secured GET /login
2025-11-17 20:41:33.389 [http-nio-8080-exec-2] DEBUG o.s.s.w.a.AnonymousAuthenticationFilter - Set SecurityContextHolder to anonymous SecurityContext
2025-11-17 20:41:33.390 [http-nio-8080-exec-2] DEBUG o.s.security.web.FilterChainProxy - Securing GET /error
2025-11-17 20:41:33.390 [http-nio-8080-exec-2] DEBUG o.s.s.w.a.AnonymousAuthenticationFilter - Set SecurityContextHolder to anonymous SecurityContext
2025-11-17 20:41:33.390 [http-nio-8080-exec-2] DEBUG o.s.s.w.s.HttpSessionRequestCache - Saved request http://localhost:8080/error?continue to session
2025-11-17 20:41:33.390 [http-nio-8080-exec-2] DEBUG o.s.s.web.DefaultRedirectStrategy - Redirecting to http://localhost:8080/login
2025-11-17 20:41:33.392 [http-nio-8080-exec-3] DEBUG o.s.security.web.FilterChainProxy - Securing GET /login
2025-11-17 20:41:33.392 [http-nio-8080-exec-3] DEBUG o.s.security.web.FilterChainProxy - Secured GET /login
2025-11-17 20:41:33.393 [http-nio-8080-exec-3] DEBUG o.s.s.w.a.AnonymousAuthenticationFilter - Set SecurityContextHolder to anonymous SecurityContext
2025-11-17 20:41:33.393 [http-nio-8080-exec-3] DEBUG o.s.security.web.FilterChainProxy - Securing GET /error
2025-11-17 20:41:33.393 [http-nio-8080-exec-3] DEBUG o.s.s.w.a.AnonymousAuthenticationFilter - Set SecurityContextHolder to anonymous SecurityContext
2025-11-17 20:41:33.393 [http-nio-8080-exec-3] DEBUG o.s.s.w.s.HttpSessionRequestCache - Saved request http://localhost:8080/error?continue to session
2025-11-17 20:41:33.394 [http-nio-8080-exec-3] DEBUG o.s.s.web.DefaultRedirectStrategy - Redirecting to http://localhost:8080/login
2025-11-17 20:41:33.396 [http-nio-8080-exec-4] DEBUG o.s.security.web.FilterChainProxy - Securing GET /login
2025-11-17 20:41:33.396 [http-nio-8080-exec-4] DEBUG o.s.security.web.FilterChainProxy - Secured GET /login
2025-11-17 20:41:33.396 [http-nio-8080-exec-4] DEBUG o.s.s.w.a.AnonymousAuthenticationFilter - Set SecurityContextHolder to anonymous SecurityContext
2025-11-17 20:41:33.397 [http-nio-8080-exec-4] DEBUG o.s.security.web.FilterChainProxy - Securing GET /error
2025-11-17 20:41:33.397 [http-nio-8080-exec-4] DEBUG o.s.s.w.a.AnonymousAuthenticationFilter - Set SecurityContextHolder to anonymous SecurityContext
2025-11-17 20:41:33.397 [http-nio-8080-exec-4] DEBUG o.s.s.w.s.HttpSessionRequestCache - Saved request http://localhost:8080/error?continue to session
2025-11-17 20:41:33.397 [http-nio-8080-exec-4] DEBUG o.s.s.web.DefaultRedirectStrategy - Redirecting to http://localhost:8080/login
2025-11-17 20:41:33.399 [http-nio-8080-exec-5] DEBUG o.s.security.web.FilterChainProxy - Securing GET /login
2025-11-17 20:41:33.399 [http-nio-8080-exec-5] DEBUG o.s.security.web.FilterChainProxy - Secured GET /login
2025-11-17 20:41:33.400 [http-nio-8080-exec-5] DEBUG o.s.s.w.a.AnonymousAuthenticationFilter - Set SecurityContextHolder to anonymous SecurityContext
2025-11-17 20:41:33.401 [http-nio-8080-exec-5] DEBUG o.s.security.web.FilterChainProxy - Securing GET /error
2025-11-17 20:41:33.401 [http-nio-8080-exec-5] DEBUG o.s.s.w.a.AnonymousAuthenticationFilter - Set SecurityContextHolder to anonymous SecurityContext
2025-11-17 20:41:33.402 [http-nio-8080-exec-5] DEBUG o.s.s.w.s.HttpSessionRequestCache - Saved request http://localhost:8080/error?continue to session
2025-11-17 20:41:33.402 [http-nio-8080-exec-5] DEBUG o.s.s.web.DefaultRedirectStrategy - Redirecting to http://localhost:8080/login
2025-11-17 20:41:33.406 [http-nio-8080-exec-6] DEBUG o.s.security.web.FilterChainProxy - Securing GET /login
2025-11-17 20:41:33.406 [http-nio-8080-exec-6] DEBUG o.s.security.web.FilterChainProxy - Secured GET /login
2025-11-17 20:41:33.406 [http-nio-8080-exec-6] DEBUG o.s.s.w.a.AnonymousAuthenticationFilter - Set SecurityContextHolder to anonymous SecurityContext
2025-11-17 20:41:33.407 [http-nio-8080-exec-6] DEBUG o.s.security.web.FilterChainProxy - Securing GET /error
2025-11-17 20:41:33.407 [http-nio-8080-exec-6] DEBUG o.s.s.w.a.AnonymousAuthenticationFilter - Set SecurityContextHolder to anonymous SecurityContext
2025-11-17 20:41:33.407 [http-nio-8080-exec-6] DEBUG o.s.s.w.s.HttpSessionRequestCache - Saved request http://localhost:8080/error?continue to session
2025-11-17 20:41:33.407 [http-nio-8080-exec-6] DEBUG o.s.s.web.DefaultRedirectStrategy - Redirecting to http://localhost:8080/login
2025-11-17 20:41:33.409 [http-nio-8080-exec-7] DEBUG o.s.security.web.FilterChainProxy - Securing GET /login
2025-11-17 20:41:33.409 [http-nio-8080-exec-7] DEBUG o.s.security.web.FilterChainProxy - Secured GET /login
2025-11-17 20:41:33.409 [http-nio-8080-exec-7] DEBUG o.s.s.w.a.AnonymousAuthenticationFilter - Set SecurityContextHolder to anonymous SecurityContext
2025-11-17 20:41:33.410 [http-nio-8080-exec-7] DEBUG o.s.security.web.FilterChainProxy - Securing GET /error
2025-11-17 20:41:33.410 [http-nio-8080-exec-7] DEBUG o.s.s.w.a.AnonymousAuthenticationFilter - Set SecurityContextHolder to anonymous SecurityContext
2025-11-17 20:41:33.410 [http-nio-8080-exec-7] DEBUG o.s.s.w.s.HttpSessionRequestCache - Saved request http://localhost:8080/error?continue to session
2025-11-17 20:41:33.410 [http-nio-8080-exec-7] DEBUG o.s.s.web.DefaultRedirectStrategy - Redirecting to http://localhost:8080/login
2025-11-17 20:41:33.412 [http-nio-8080-exec-8] DEBUG o.s.security.web.FilterChainProxy - Securing GET /login
2025-11-17 20:41:33.413 [http-nio-8080-exec-8] DEBUG o.s.security.web.FilterChainProxy - Secured GET /login
2025-11-17 20:41:33.413 [http-nio-8080-exec-8] DEBUG o.s.s.w.a.AnonymousAuthenticationFilter - Set SecurityContextHolder to anonymous SecurityContext
2025-11-17 20:41:33.413 [http-nio-8080-exec-8] DEBUG o.s.security.web.FilterChainProxy - Securing GET /error
2025-11-17 20:41:33.414 [http-nio-8080-exec-8] DEBUG o.s.s.w.a.AnonymousAuthenticationFilter - Set SecurityContextHolder to anonymous SecurityContext
2025-11-17 20:41:33.414 [http-nio-8080-exec-8] DEBUG o.s.s.w.s.HttpSessionRequestCache - Saved request http://localhost:8080/error?continue to session
2025-11-17 20:41:33.414 [http-nio-8080-exec-8] DEBUG o.s.s.web.DefaultRedirectStrategy - Redirecting to http://localhost:8080/login
2025-11-17 20:41:33.416 [http-nio-8080-exec-9] DEBUG o.s.security.web.FilterChainProxy - Securing GET /login
2025-11-17 20:41:33.416 [http-nio-8080-exec-9] DEBUG o.s.security.web.FilterChainProxy - Secured GET /login
2025-11-17 20:41:33.416 [http-nio-8080-exec-9] DEBUG o.s.s.w.a.AnonymousAuthenticationFilter - Set SecurityContextHolder to anonymous SecurityContext
2025-11-17 20:41:33.417 [http-nio-8080-exec-9] DEBUG o.s.security.web.FilterChainProxy - Securing GET /error
2025-11-17 20:41:33.417 [http-nio-8080-exec-9] DEBUG o.s.s.w.a.AnonymousAuthenticationFilter - Set SecurityContextHolder to anonymous SecurityContext
2025-11-17 20:41:33.417 [http-nio-8080-exec-9] DEBUG o.s.s.w.s.HttpSessionRequestCache - Saved request http://localhost:8080/error?continue to session
2025-11-17 20:41:33.417 [http-nio-8080-exec-9] DEBUG o.s.s.web.DefaultRedirectStrategy - Redirecting to http://localhost:8080/login
2025-11-17 20:41:33.419 [http-nio-8080-exec-10] DEBUG o.s.security.web.FilterChainProxy - Securing GET /login
2025-11-17 20:41:33.419 [http-nio-8080-exec-10] DEBUG o.s.security.web.FilterChainProxy - Secured GET /login
2025-11-17 20:41:33.419 [http-nio-8080-exec-10] DEBUG o.s.s.w.a.AnonymousAuthenticationFilter - Set SecurityContextHolder to anonymous SecurityContext
2025-11-17 20:41:33.420 [http-nio-8080-exec-10] DEBUG o.s.security.web.FilterChainProxy - Securing GET /error
2025-11-17 20:41:33.420 [http-nio-8080-exec-10] DEBUG o.s.s.w.a.AnonymousAuthenticationFilter - Set SecurityContextHolder to anonymous SecurityContext
2025-11-17 20:41:33.420 [http-nio-8080-exec-10] DEBUG o.s.s.w.s.HttpSessionRequestCache - Saved request http://localhost:8080/error?continue to session
2025-11-17 20:41:33.420 [http-nio-8080-exec-10] DEBUG o.s.s.web.DefaultRedirectStrategy - Redirecting to http://localhost:8080/login
2025-11-17 20:41:36.981 [http-nio-8080-exec-2] DEBUG o.s.security.web.FilterChainProxy - Securing GET /games
2025-11-17 20:41:36.982 [http-nio-8080-exec-2] DEBUG o.s.s.w.a.AnonymousAuthenticationFilter - Set SecurityContextHolder to anonymous SecurityContext
2025-11-17 20:41:36.983 [http-nio-8080-exec-2] DEBUG o.s.s.w.s.HttpSessionRequestCache - Saved request http://localhost:8080/games?continue to session
2025-11-17 20:41:36.983 [http-nio-8080-exec-2] DEBUG o.s.s.web.DefaultRedirectStrategy - Redirecting to http://localhost:8080/login
2025-11-17 20:41:36.987 [http-nio-8080-exec-3] DEBUG o.s.security.web.FilterChainProxy - Securing GET /login
2025-11-17 20:41:36.988 [http-nio-8080-exec-3] DEBUG o.s.security.web.FilterChainProxy - Secured GET /login
2025-11-17 20:41:36.989 [http-nio-8080-exec-3] DEBUG o.s.s.w.a.AnonymousAuthenticationFilter - Set SecurityContextHolder to anonymous SecurityContext
2025-11-17 20:41:36.990 [http-nio-8080-exec-3] DEBUG o.s.security.web.FilterChainProxy - Securing GET /error
2025-11-17 20:41:36.990 [http-nio-8080-exec-3] DEBUG o.s.s.w.a.AnonymousAuthenticationFilter - Set SecurityContextHolder to anonymous SecurityContext
2025-11-17 20:41:36.991 [http-nio-8080-exec-3] DEBUG o.s.s.w.s.HttpSessionRequestCache - Saved request http://localhost:8080/error?continue to session
2025-11-17 20:41:36.991 [http-nio-8080-exec-3] DEBUG o.s.s.web.DefaultRedirectStrategy - Redirecting to http://localhost:8080/login
2025-11-17 20:41:36.995 [http-nio-8080-exec-4] DEBUG o.s.security.web.FilterChainProxy - Securing GET /login
2025-11-17 20:41:36.995 [http-nio-8080-exec-4] DEBUG o.s.security.web.FilterChainProxy - Secured GET /login
2025-11-17 20:41:36.996 [http-nio-8080-exec-4] DEBUG o.s.s.w.a.AnonymousAuthenticationFilter - Set SecurityContextHolder to anonymous SecurityContext
2025-11-17 20:41:36.996 [http-nio-8080-exec-4] DEBUG o.s.security.web.FilterChainProxy - Securing GET /error
2025-11-17 20:41:36.997 [http-nio-8080-exec-4] DEBUG o.s.s.w.a.AnonymousAuthenticationFilter - Set SecurityContextHolder to anonymous SecurityContext
2025-11-17 20:41:36.997 [http-nio-8080-exec-4] DEBUG o.s.s.w.s.HttpSessionRequestCache - Saved request http://localhost:8080/error?continue to session
2025-11-17 20:41:36.997 [http-nio-8080-exec-4] DEBUG o.s.s.web.DefaultRedirectStrategy - Redirecting to http://localhost:8080/login
2025-11-17 20:41:37.000 [http-nio-8080-exec-5] DEBUG o.s.security.web.FilterChainProxy - Securing GET /login
2025-11-17 20:41:37.001 [http-nio-8080-exec-5] DEBUG o.s.security.web.FilterChainProxy - Secured GET /login
2025-11-17 20:41:37.001 [http-nio-8080-exec-5] DEBUG o.s.s.w.a.AnonymousAuthenticationFilter - Set SecurityContextHolder to anonymous SecurityContext
2025-11-17 20:41:37.002 [http-nio-8080-exec-5] DEBUG o.s.security.web.FilterChainProxy - Securing GET /error
2025-11-17 20:41:37.002 [http-nio-8080-exec-5] DEBUG o.s.s.w.a.AnonymousAuthenticationFilter - Set SecurityContextHolder to anonymous SecurityContext
2025-11-17 20:41:37.003 [http-nio-8080-exec-5] DEBUG o.s.s.w.s.HttpSessionRequestCache - Saved request http://localhost:8080/error?continue to session
2025-11-17 20:41:37.003 [http-nio-8080-exec-5] DEBUG o.s.s.web.DefaultRedirectStrategy - Redirecting to http://localhost:8080/login
2025-11-17 20:41:37.006 [http-nio-8080-exec-6] DEBUG o.s.security.web.FilterChainProxy - Securing GET /login
2025-11-17 20:41:37.007 [http-nio-8080-exec-6] DEBUG o.s.security.web.FilterChainProxy - Secured GET /login
2025-11-17 20:41:37.008 [http-nio-8080-exec-6] DEBUG o.s.s.w.a.AnonymousAuthenticationFilter - Set SecurityContextHolder to anonymous SecurityContext
2025-11-17 20:41:37.008 [http-nio-8080-exec-6] DEBUG o.s.security.web.FilterChainProxy - Securing GET /error
2025-11-17 20:41:37.009 [http-nio-8080-exec-6] DEBUG o.s.s.w.a.AnonymousAuthenticationFilter - Set SecurityContextHolder to anonymous SecurityContext
2025-11-17 20:41:37.009 [http-nio-8080-exec-6] DEBUG o.s.s.w.s.HttpSessionRequestCache - Saved request http://localhost:8080/error?continue to session
2025-11-17 20:41:37.009 [http-nio-8080-exec-6] DEBUG o.s.s.web.DefaultRedirectStrategy - Redirecting to http://localhost:8080/login
2025-11-17 20:41:37.011 [http-nio-8080-exec-7] DEBUG o.s.security.web.FilterChainProxy - Securing GET /login
2025-11-17 20:41:37.012 [http-nio-8080-exec-7] DEBUG o.s.security.web.FilterChainProxy - Secured GET /login
2025-11-17 20:41:37.012 [http-nio-8080-exec-7] DEBUG o.s.s.w.a.AnonymousAuthenticationFilter - Set SecurityContextHolder to anonymous SecurityContext
2025-11-17 20:41:37.013 [http-nio-8080-exec-7] DEBUG o.s.security.web.FilterChainProxy - Securing GET /error
2025-11-17 20:41:37.013 [http-nio-8080-exec-7] DEBUG o.s.s.w.a.AnonymousAuthenticationFilter - Set SecurityContextHolder to anonymous SecurityContext
2025-11-17 20:41:37.013 [http-nio-8080-exec-7] DEBUG o.s.s.w.s.HttpSessionRequestCache - Saved request http://localhost:8080/error?continue to session
2025-11-17 20:41:37.013 [http-nio-8080-exec-7] DEBUG o.s.s.web.DefaultRedirectStrategy - Redirecting to http://localhost:8080/login
2025-11-17 20:41:37.015 [http-nio-8080-exec-8] DEBUG o.s.security.web.FilterChainProxy - Securing GET /login
2025-11-17 20:41:37.016 [http-nio-8080-exec-8] DEBUG o.s.security.web.FilterChainProxy - Secured GET /login
2025-11-17 20:41:37.016 [http-nio-8080-exec-8] DEBUG o.s.s.w.a.AnonymousAuthenticationFilter - Set SecurityContextHolder to anonymous SecurityContext
2025-11-17 20:41:37.017 [http-nio-8080-exec-8] DEBUG o.s.security.web.FilterChainProxy - Securing GET /error
2025-11-17 20:41:37.017 [http-nio-8080-exec-8] DEBUG o.s.s.w.a.AnonymousAuthenticationFilter - Set SecurityContextHolder to anonymous SecurityContext
2025-11-17 20:41:37.017 [http-nio-8080-exec-8] DEBUG o.s.s.w.s.HttpSessionRequestCache - Saved request http://localhost:8080/error?continue to session
2025-11-17 20:41:37.017 [http-nio-8080-exec-8] DEBUG o.s.s.web.DefaultRedirectStrategy - Redirecting to http://localhost:8080/login
2025-11-17 20:41:37.019 [http-nio-8080-exec-9] DEBUG o.s.security.web.FilterChainProxy - Securing GET /login
2025-11-17 20:41:37.020 [http-nio-8080-exec-9] DEBUG o.s.security.web.FilterChainProxy - Secured GET /login
2025-11-17 20:41:37.020 [http-nio-8080-exec-9] DEBUG o.s.s.w.a.AnonymousAuthenticationFilter - Set SecurityContextHolder to anonymous SecurityContext
2025-11-17 20:41:37.020 [http-nio-8080-exec-9] DEBUG o.s.security.web.FilterChainProxy - Securing GET /error
2025-11-17 20:41:37.021 [http-nio-8080-exec-9] DEBUG o.s.s.w.a.AnonymousAuthenticationFilter - Set SecurityContextHolder to anonymous SecurityContext
2025-11-17 20:41:37.021 [http-nio-8080-exec-9] DEBUG o.s.s.w.s.HttpSessionRequestCache - Saved request http://localhost:8080/error?continue to session
2025-11-17 20:41:37.021 [http-nio-8080-exec-9] DEBUG o.s.s.web.DefaultRedirectStrategy - Redirecting to http://localhost:8080/login
2025-11-17 20:41:37.023 [http-nio-8080-exec-10] DEBUG o.s.security.web.FilterChainProxy - Securing GET /login
2025-11-17 20:41:37.024 [http-nio-8080-exec-10] DEBUG o.s.security.web.FilterChainProxy - Secured GET /login
2025-11-17 20:41:37.024 [http-nio-8080-exec-10] DEBUG o.s.s.w.a.AnonymousAuthenticationFilter - Set SecurityContextHolder to anonymous SecurityContext
2025-11-17 20:41:37.024 [http-nio-8080-exec-10] DEBUG o.s.security.web.FilterChainProxy - Securing GET /error
2025-11-17 20:41:37.025 [http-nio-8080-exec-10] DEBUG o.s.s.w.a.AnonymousAuthenticationFilter - Set SecurityContextHolder to anonymous SecurityContext
2025-11-17 20:41:37.025 [http-nio-8080-exec-10] DEBUG o.s.s.w.s.HttpSessionRequestCache - Saved request http://localhost:8080/error?continue to session
2025-11-17 20:41:37.025 [http-nio-8080-exec-10] DEBUG o.s.s.web.DefaultRedirectStrategy - Redirecting to http://localhost:8080/login
2025-11-17 20:41:37.027 [http-nio-8080-exec-1] DEBUG o.s.security.web.FilterChainProxy - Securing GET /login
2025-11-17 20:41:37.028 [http-nio-8080-exec-1] DEBUG o.s.security.web.FilterChainProxy - Secured GET /login
2025-11-17 20:41:37.028 [http-nio-8080-exec-1] DEBUG o.s.s.w.a.AnonymousAuthenticationFilter - Set SecurityContextHolder to anonymous SecurityContext
2025-11-17 20:41:37.029 [http-nio-8080-exec-1] DEBUG o.s.security.web.FilterChainProxy - Securing GET /error
2025-11-17 20:41:37.029 [http-nio-8080-exec-1] DEBUG o.s.s.w.a.AnonymousAuthenticationFilter - Set SecurityContextHolder to anonymous SecurityContext
2025-11-17 20:41:37.029 [http-nio-8080-exec-1] DEBUG o.s.s.w.s.HttpSessionRequestCache - Saved request http://localhost:8080/error?continue to session
2025-11-17 20:41:37.030 [http-nio-8080-exec-1] DEBUG o.s.s.web.DefaultRedirectStrategy - Redirecting to http://localhost:8080/login
2025-11-17 20:41:37.032 [http-nio-8080-exec-2] DEBUG o.s.security.web.FilterChainProxy - Securing GET /login
2025-11-17 20:41:37.032 [http-nio-8080-exec-2] DEBUG o.s.security.web.FilterChainProxy - Secured GET /login
2025-11-17 20:41:37.033 [http-nio-8080-exec-2] DEBUG o.s.s.w.a.AnonymousAuthenticationFilter - Set SecurityContextHolder to anonymous SecurityContext
2025-11-17 20:41:37.033 [http-nio-8080-exec-2] DEBUG o.s.security.web.FilterChainProxy - Securing GET /error
2025-11-17 20:41:37.033 [http-nio-8080-exec-2] DEBUG o.s.s.w.a.AnonymousAuthenticationFilter - Set SecurityContextHolder to anonymous SecurityContext
2025-11-17 20:41:37.033 [http-nio-8080-exec-2] DEBUG o.s.s.w.s.HttpSessionRequestCache - Saved request http://localhost:8080/error?continue to session
2025-11-17 20:41:37.033 [http-nio-8080-exec-2] DEBUG o.s.s.web.DefaultRedirectStrategy - Redirecting to http://localhost:8080/login
2025-11-17 20:41:37.036 [http-nio-8080-exec-3] DEBUG o.s.security.web.FilterChainProxy - Securing GET /login
2025-11-17 20:41:37.036 [http-nio-8080-exec-3] DEBUG o.s.security.web.FilterChainProxy - Secured GET /login
2025-11-17 20:41:37.036 [http-nio-8080-exec-3] DEBUG o.s.s.w.a.AnonymousAuthenticationFilter - Set SecurityContextHolder to anonymous SecurityContext
2025-11-17 20:41:37.036 [http-nio-8080-exec-3] DEBUG o.s.security.web.FilterChainProxy - Securing GET /error
2025-11-17 20:41:37.037 [http-nio-8080-exec-3] DEBUG o.s.s.w.a.AnonymousAuthenticationFilter - Set SecurityContextHolder to anonymous SecurityContext
2025-11-17 20:41:37.037 [http-nio-8080-exec-3] DEBUG o.s.s.w.s.HttpSessionRequestCache - Saved request http://localhost:8080/error?continue to session
2025-11-17 20:41:37.037 [http-nio-8080-exec-3] DEBUG o.s.s.web.DefaultRedirectStrategy - Redirecting to http://localhost:8080/login
2025-11-17 20:41:37.040 [http-nio-8080-exec-4] DEBUG o.s.security.web.FilterChainProxy - Securing GET /login
2025-11-17 20:41:37.040 [http-nio-8080-exec-4] DEBUG o.s.security.web.FilterChainProxy - Secured GET /login
2025-11-17 20:41:37.041 [http-nio-8080-exec-4] DEBUG o.s.s.w.a.AnonymousAuthenticationFilter - Set SecurityContextHolder to anonymous SecurityContext
2025-11-17 20:41:37.041 [http-nio-8080-exec-4] DEBUG o.s.security.web.FilterChainProxy - Securing GET /error
2025-11-17 20:41:37.041 [http-nio-8080-exec-4] DEBUG o.s.s.w.a.AnonymousAuthenticationFilter - Set SecurityContextHolder to anonymous SecurityContext
2025-11-17 20:41:37.042 [http-nio-8080-exec-4] DEBUG o.s.s.w.s.HttpSessionRequestCache - Saved request http://localhost:8080/error?continue to session
2025-11-17 20:41:37.042 [http-nio-8080-exec-4] DEBUG o.s.s.web.DefaultRedirectStrategy - Redirecting to http://localhost:8080/login
2025-11-17 20:41:37.044 [http-nio-8080-exec-5] DEBUG o.s.security.web.FilterChainProxy - Securing GET /login
2025-11-17 20:41:37.044 [http-nio-8080-exec-5] DEBUG o.s.security.web.FilterChainProxy - Secured GET /login
2025-11-17 20:41:37.044 [http-nio-8080-exec-5] DEBUG o.s.s.w.a.AnonymousAuthenticationFilter - Set SecurityContextHolder to anonymous SecurityContext
2025-11-17 20:41:37.045 [http-nio-8080-exec-5] DEBUG o.s.security.web.FilterChainProxy - Securing GET /error
2025-11-17 20:41:37.045 [http-nio-8080-exec-5] DEBUG o.s.s.w.a.AnonymousAuthenticationFilter - Set SecurityContextHolder to anonymous SecurityContext
2025-11-17 20:41:37.045 [http-nio-8080-exec-5] DEBUG o.s.s.w.s.HttpSessionRequestCache - Saved request http://localhost:8080/error?continue to session
2025-11-17 20:41:37.045 [http-nio-8080-exec-5] DEBUG o.s.s.web.DefaultRedirectStrategy - Redirecting to http://localhost:8080/login
2025-11-17 20:41:37.047 [http-nio-8080-exec-6] DEBUG o.s.security.web.FilterChainProxy - Securing GET /login
2025-11-17 20:41:37.048 [http-nio-8080-exec-6] DEBUG o.s.security.web.FilterChainProxy - Secured GET /login
2025-11-17 20:41:37.048 [http-nio-8080-exec-6] DEBUG o.s.s.w.a.AnonymousAuthenticationFilter - Set SecurityContextHolder to anonymous SecurityContext
2025-11-17 20:41:37.049 [http-nio-8080-exec-6] DEBUG o.s.security.web.FilterChainProxy - Securing GET /error
2025-11-17 20:41:37.049 [http-nio-8080-exec-6] DEBUG o.s.s.w.a.AnonymousAuthenticationFilter - Set SecurityContextHolder to anonymous SecurityContext
2025-11-17 20:41:37.049 [http-nio-8080-exec-6] DEBUG o.s.s.w.s.HttpSessionRequestCache - Saved request http://localhost:8080/error?continue to session
2025-11-17 20:41:37.049 [http-nio-8080-exec-6] DEBUG o.s.s.web.DefaultRedirectStrategy - Redirecting to http://localhost:8080/login
2025-11-17 20:41:37.051 [http-nio-8080-exec-7] DEBUG o.s.security.web.FilterChainProxy - Securing GET /login
2025-11-17 20:41:37.051 [http-nio-8080-exec-7] DEBUG o.s.security.web.FilterChainProxy - Secured GET /login
2025-11-17 20:41:37.052 [http-nio-8080-exec-7] DEBUG o.s.s.w.a.AnonymousAuthenticationFilter - Set SecurityContextHolder to anonymous SecurityContext
2025-11-17 20:41:37.052 [http-nio-8080-exec-7] DEBUG o.s.security.web.FilterChainProxy - Securing GET /error
2025-11-17 20:41:37.052 [http-nio-8080-exec-7] DEBUG o.s.s.w.a.AnonymousAuthenticationFilter - Set SecurityContextHolder to anonymous SecurityContext
2025-11-17 20:41:37.052 [http-nio-8080-exec-7] DEBUG o.s.s.w.s.HttpSessionRequestCache - Saved request http://localhost:8080/error?continue to session
2025-11-17 20:41:37.052 [http-nio-8080-exec-7] DEBUG o.s.s.web.DefaultRedirectStrategy - Redirecting to http://localhost:8080/login
2025-11-17 20:41:37.054 [http-nio-8080-exec-8] DEBUG o.s.security.web.FilterChainProxy - Securing GET /login
2025-11-17 20:41:37.055 [http-nio-8080-exec-8] DEBUG o.s.security.web.FilterChainProxy - Secured GET /login
2025-11-17 20:41:37.055 [http-nio-8080-exec-8] DEBUG o.s.s.w.a.AnonymousAuthenticationFilter - Set SecurityContextHolder to anonymous SecurityContext
2025-11-17 20:41:37.056 [http-nio-8080-exec-8] DEBUG o.s.security.web.FilterChainProxy - Securing GET /error
2025-11-17 20:41:37.056 [http-nio-8080-exec-8] DEBUG o.s.s.w.a.AnonymousAuthenticationFilter - Set SecurityContextHolder to anonymous SecurityContext
2025-11-17 20:41:37.057 [http-nio-8080-exec-8] DEBUG o.s.s.w.s.HttpSessionRequestCache - Saved request http://localhost:8080/error?continue to session
2025-11-17 20:41:37.057 [http-nio-8080-exec-8] DEBUG o.s.s.web.DefaultRedirectStrategy - Redirecting to http://localhost:8080/login
2025-11-17 20:41:37.059 [http-nio-8080-exec-9] DEBUG o.s.security.web.FilterChainProxy - Securing GET /login
2025-11-17 20:41:37.059 [http-nio-8080-exec-9] DEBUG o.s.security.web.FilterChainProxy - Secured GET /login
2025-11-17 20:41:37.059 [http-nio-8080-exec-9] DEBUG o.s.s.w.a.AnonymousAuthenticationFilter - Set SecurityContextHolder to anonymous SecurityContext
2025-11-17 20:41:37.059 [http-nio-8080-exec-9] DEBUG o.s.security.web.FilterChainProxy - Securing GET /error
2025-11-17 20:41:37.060 [http-nio-8080-exec-9] DEBUG o.s.s.w.a.AnonymousAuthenticationFilter - Set SecurityContextHolder to anonymous SecurityContext
2025-11-17 20:41:37.060 [http-nio-8080-exec-9] DEBUG o.s.s.w.s.HttpSessionRequestCache - Saved request http://localhost:8080/error?continue to session
2025-11-17 20:41:37.060 [http-nio-8080-exec-9] DEBUG o.s.s.web.DefaultRedirectStrategy - Redirecting to http://localhost:8080/login
2025-11-17 20:41:37.061 [http-nio-8080-exec-10] DEBUG o.s.security.web.FilterChainProxy - Securing GET /login
2025-11-17 20:41:37.062 [http-nio-8080-exec-10] DEBUG o.s.security.web.FilterChainProxy - Secured GET /login
2025-11-17 20:41:37.062 [http-nio-8080-exec-10] DEBUG o.s.s.w.a.AnonymousAuthenticationFilter - Set SecurityContextHolder to anonymous SecurityContext
2025-11-17 20:41:37.062 [http-nio-8080-exec-10] DEBUG o.s.security.web.FilterChainProxy - Securing GET /error
2025-11-17 20:41:37.062 [http-nio-8080-exec-10] DEBUG o.s.s.w.a.AnonymousAuthenticationFilter - Set SecurityContextHolder to anonymous SecurityContext
2025-11-17 20:41:37.063 [http-nio-8080-exec-10] DEBUG o.s.s.w.s.HttpSessionRequestCache - Saved request http://localhost:8080/error?continue to session
2025-11-17 20:41:37.063 [http-nio-8080-exec-10] DEBUG o.s.s.web.DefaultRedirectStrategy - Redirecting to http://localhost:8080/login
2025-11-17 20:41:37.065 [http-nio-8080-exec-1] DEBUG o.s.security.web.FilterChainProxy - Securing GET /login
2025-11-17 20:41:37.065 [http-nio-8080-exec-1] DEBUG o.s.security.web.FilterChainProxy - Secured GET /login
2025-11-17 20:41:37.065 [http-nio-8080-exec-1] DEBUG o.s.s.w.a.AnonymousAuthenticationFilter - Set SecurityContextHolder to anonymous SecurityContext
2025-11-17 20:41:37.066 [http-nio-8080-exec-1] DEBUG o.s.security.web.FilterChainProxy - Securing GET /error
2025-11-17 20:41:37.066 [http-nio-8080-exec-1] DEBUG o.s.s.w.a.AnonymousAuthenticationFilter - Set SecurityContextHolder to anonymous SecurityContext
2025-11-17 20:41:37.066 [http-nio-8080-exec-1] DEBUG o.s.s.w.s.HttpSessionRequestCache - Saved request http://localhost:8080/error?continue to session
2025-11-17 20:41:37.066 [http-nio-8080-exec-1] DEBUG o.s.s.web.DefaultRedirectStrategy - Redirecting to http://localhost:8080/login
2025-11-17 20:41:38.082 [http-nio-8080-exec-2] DEBUG o.s.security.web.FilterChainProxy - Securing GET /login
2025-11-17 20:41:38.082 [http-nio-8080-exec-2] DEBUG o.s.security.web.FilterChainProxy - Secured GET /login
2025-11-17 20:41:38.085 [http-nio-8080-exec-2] DEBUG o.s.s.w.a.AnonymousAuthenticationFilter - Set SecurityContextHolder to anonymous SecurityContext
2025-11-17 20:41:38.086 [http-nio-8080-exec-2] DEBUG o.s.security.web.FilterChainProxy - Securing GET /error
2025-11-17 20:41:38.086 [http-nio-8080-exec-2] DEBUG o.s.s.w.a.AnonymousAuthenticationFilter - Set SecurityContextHolder to anonymous SecurityContext
2025-11-17 20:41:38.087 [http-nio-8080-exec-2] DEBUG o.s.s.w.s.HttpSessionRequestCache - Saved request http://localhost:8080/error?continue to session
2025-11-17 20:41:38.087 [http-nio-8080-exec-2] DEBUG o.s.s.web.DefaultRedirectStrategy - Redirecting to http://localhost:8080/login
2025-11-17 20:41:38.092 [http-nio-8080-exec-3] DEBUG o.s.security.web.FilterChainProxy - Securing GET /login
2025-11-17 20:41:38.092 [http-nio-8080-exec-3] DEBUG o.s.security.web.FilterChainProxy - Secured GET /login
2025-11-17 20:41:38.093 [http-nio-8080-exec-3] DEBUG o.s.s.w.a.AnonymousAuthenticationFilter - Set SecurityContextHolder to anonymous SecurityContext
2025-11-17 20:41:38.093 [http-nio-8080-exec-3] DEBUG o.s.security.web.FilterChainProxy - Securing GET /error
2025-11-17 20:41:38.094 [http-nio-8080-exec-3] DEBUG o.s.s.w.a.AnonymousAuthenticationFilter - Set SecurityContextHolder to anonymous SecurityContext
2025-11-17 20:41:38.094 [http-nio-8080-exec-3] DEBUG o.s.s.w.s.HttpSessionRequestCache - Saved request http://localhost:8080/error?continue to session
2025-11-17 20:41:38.094 [http-nio-8080-exec-3] DEBUG o.s.s.web.DefaultRedirectStrategy - Redirecting to http://localhost:8080/login
2025-11-17 20:41:38.098 [http-nio-8080-exec-4] DEBUG o.s.security.web.FilterChainProxy - Securing GET /login
2025-11-17 20:41:38.098 [http-nio-8080-exec-4] DEBUG o.s.security.web.FilterChainProxy - Secured GET /login
2025-11-17 20:41:38.099 [http-nio-8080-exec-4] DEBUG o.s.s.w.a.AnonymousAuthenticationFilter - Set SecurityContextHolder to anonymous SecurityContext
2025-11-17 20:41:38.100 [http-nio-8080-exec-4] DEBUG o.s.security.web.FilterChainProxy - Securing GET /error
2025-11-17 20:41:38.100 [http-nio-8080-exec-4] DEBUG o.s.s.w.a.AnonymousAuthenticationFilter - Set SecurityContextHolder to anonymous SecurityContext
2025-11-17 20:41:38.101 [http-nio-8080-exec-4] DEBUG o.s.s.w.s.HttpSessionRequestCache - Saved request http://localhost:8080/error?continue to session
2025-11-17 20:41:38.101 [http-nio-8080-exec-4] DEBUG o.s.s.web.DefaultRedirectStrategy - Redirecting to http://localhost:8080/login
2025-11-17 20:41:38.104 [http-nio-8080-exec-5] DEBUG o.s.security.web.FilterChainProxy - Securing GET /login
2025-11-17 20:41:38.104 [http-nio-8080-exec-5] DEBUG o.s.security.web.FilterChainProxy - Secured GET /login
2025-11-17 20:41:38.106 [http-nio-8080-exec-5] DEBUG o.s.s.w.a.AnonymousAuthenticationFilter - Set SecurityContextHolder to anonymous SecurityContext
2025-11-17 20:41:38.107 [http-nio-8080-exec-5] DEBUG o.s.security.web.FilterChainProxy - Securing GET /error
2025-11-17 20:41:38.108 [http-nio-8080-exec-5] DEBUG o.s.s.w.a.AnonymousAuthenticationFilter - Set SecurityContextHolder to anonymous SecurityContext
2025-11-17 20:41:38.108 [http-nio-8080-exec-5] DEBUG o.s.s.w.s.HttpSessionRequestCache - Saved request http://localhost:8080/error?continue to session
2025-11-17 20:41:38.108 [http-nio-8080-exec-5] DEBUG o.s.s.web.DefaultRedirectStrategy - Redirecting to http://localhost:8080/login
2025-11-17 20:41:38.111 [http-nio-8080-exec-6] DEBUG o.s.security.web.FilterChainProxy - Securing GET /login
2025-11-17 20:41:38.112 [http-nio-8080-exec-6] DEBUG o.s.security.web.FilterChainProxy - Secured GET /login
2025-11-17 20:41:38.112 [http-nio-8080-exec-6] DEBUG o.s.s.w.a.AnonymousAuthenticationFilter - Set SecurityContextHolder to anonymous SecurityContext
2025-11-17 20:41:38.113 [http-nio-8080-exec-6] DEBUG o.s.security.web.FilterChainProxy - Securing GET /error
2025-11-17 20:41:38.113 [http-nio-8080-exec-6] DEBUG o.s.s.w.a.AnonymousAuthenticationFilter - Set SecurityContextHolder to anonymous SecurityContext
2025-11-17 20:41:38.114 [http-nio-8080-exec-6] DEBUG o.s.s.w.s.HttpSessionRequestCache - Saved request http://localhost:8080/error?continue to session
2025-11-17 20:41:38.114 [http-nio-8080-exec-6] DEBUG o.s.s.web.DefaultRedirectStrategy - Redirecting to http://localhost:8080/login
2025-11-17 20:41:38.117 [http-nio-8080-exec-7] DEBUG o.s.security.web.FilterChainProxy - Securing GET /login
2025-11-17 20:41:38.117 [http-nio-8080-exec-7] DEBUG o.s.security.web.FilterChainProxy - Secured GET /login
2025-11-17 20:41:38.118 [http-nio-8080-exec-7] DEBUG o.s.s.w.a.AnonymousAuthenticationFilter - Set SecurityContextHolder to anonymous SecurityContext
2025-11-17 20:41:38.118 [http-nio-8080-exec-7] DEBUG o.s.security.web.FilterChainProxy - Securing GET /error
2025-11-17 20:41:38.118 [http-nio-8080-exec-7] DEBUG o.s.s.w.a.AnonymousAuthenticationFilter - Set SecurityContextHolder to anonymous SecurityContext
2025-11-17 20:41:38.119 [http-nio-8080-exec-7] DEBUG o.s.s.w.s.HttpSessionRequestCache - Saved request http://localhost:8080/error?continue to session
2025-11-17 20:41:38.119 [http-nio-8080-exec-7] DEBUG o.s.s.web.DefaultRedirectStrategy - Redirecting to http://localhost:8080/login
2025-11-17 20:41:38.123 [http-nio-8080-exec-8] DEBUG o.s.security.web.FilterChainProxy - Securing GET /login
2025-11-17 20:41:38.123 [http-nio-8080-exec-8] DEBUG o.s.security.web.FilterChainProxy - Secured GET /login
2025-11-17 20:41:38.124 [http-nio-8080-exec-8] DEBUG o.s.s.w.a.AnonymousAuthenticationFilter - Set SecurityContextHolder to anonymous SecurityContext
2025-11-17 20:41:38.124 [http-nio-8080-exec-8] DEBUG o.s.security.web.FilterChainProxy - Securing GET /error
2025-11-17 20:41:38.125 [http-nio-8080-exec-8] DEBUG o.s.s.w.a.AnonymousAuthenticationFilter - Set SecurityContextHolder to anonymous SecurityContext
2025-11-17 20:41:38.125 [http-nio-8080-exec-8] DEBUG o.s.s.w.s.HttpSessionRequestCache - Saved request http://localhost:8080/error?continue to session
2025-11-17 20:41:38.125 [http-nio-8080-exec-8] DEBUG o.s.s.web.DefaultRedirectStrategy - Redirecting to http://localhost:8080/login
2025-11-17 20:41:38.127 [http-nio-8080-exec-9] DEBUG o.s.security.web.FilterChainProxy - Securing GET /login
2025-11-17 20:41:38.128 [http-nio-8080-exec-9] DEBUG o.s.security.web.FilterChainProxy - Secured GET /login
2025-11-17 20:41:38.128 [http-nio-8080-exec-9] DEBUG o.s.s.w.a.AnonymousAuthenticationFilter - Set SecurityContextHolder to anonymous SecurityContext
2025-11-17 20:41:38.129 [http-nio-8080-exec-9] DEBUG o.s.security.web.FilterChainProxy - Securing GET /error
2025-11-17 20:41:38.129 [http-nio-8080-exec-9] DEBUG o.s.s.w.a.AnonymousAuthenticationFilter - Set SecurityContextHolder to anonymous SecurityContext
2025-11-17 20:41:38.129 [http-nio-8080-exec-9] DEBUG o.s.s.w.s.HttpSessionRequestCache - Saved request http://localhost:8080/error?continue to session
2025-11-17 20:41:38.129 [http-nio-8080-exec-9] DEBUG o.s.s.web.DefaultRedirectStrategy - Redirecting to http://localhost:8080/login
2025-11-17 20:41:38.131 [http-nio-8080-exec-10] DEBUG o.s.security.web.FilterChainProxy - Securing GET /login
2025-11-17 20:41:38.131 [http-nio-8080-exec-10] DEBUG o.s.security.web.FilterChainProxy - Secured GET /login
2025-11-17 20:41:38.132 [http-nio-8080-exec-10] DEBUG o.s.s.w.a.AnonymousAuthenticationFilter - Set SecurityContextHolder to anonymous SecurityContext
2025-11-17 20:41:38.132 [http-nio-8080-exec-10] DEBUG o.s.security.web.FilterChainProxy - Securing GET /error
2025-11-17 20:41:38.132 [http-nio-8080-exec-10] DEBUG o.s.s.w.a.AnonymousAuthenticationFilter - Set SecurityContextHolder to anonymous SecurityContext
2025-11-17 20:41:38.133 [http-nio-8080-exec-10] DEBUG o.s.s.w.s.HttpSessionRequestCache - Saved request http://localhost:8080/error?continue to session
2025-11-17 20:41:38.133 [http-nio-8080-exec-10] DEBUG o.s.s.web.DefaultRedirectStrategy - Redirecting to http://localhost:8080/login
2025-11-17 20:41:38.135 [http-nio-8080-exec-1] DEBUG o.s.security.web.FilterChainProxy - Securing GET /login
2025-11-17 20:41:38.136 [http-nio-8080-exec-1] DEBUG o.s.security.web.FilterChainProxy - Secured GET /login
2025-11-17 20:41:38.137 [http-nio-8080-exec-1] DEBUG o.s.s.w.a.AnonymousAuthenticationFilter - Set SecurityContextHolder to anonymous SecurityContext
2025-11-17 20:41:38.138 [http-nio-8080-exec-1] DEBUG o.s.security.web.FilterChainProxy - Securing GET /error
2025-11-17 20:41:38.138 [http-nio-8080-exec-1] DEBUG o.s.s.w.a.AnonymousAuthenticationFilter - Set SecurityContextHolder to anonymous SecurityContext
2025-11-17 20:41:38.139 [http-nio-8080-exec-1] DEBUG o.s.s.w.s.HttpSessionRequestCache - Saved request http://localhost:8080/error?continue to session
2025-11-17 20:41:38.139 [http-nio-8080-exec-1] DEBUG o.s.s.web.DefaultRedirectStrategy - Redirecting to http://localhost:8080/login
2025-11-17 20:41:38.141 [http-nio-8080-exec-2] DEBUG o.s.security.web.FilterChainProxy - Securing GET /login
2025-11-17 20:41:38.141 [http-nio-8080-exec-2] DEBUG o.s.security.web.FilterChainProxy - Secured GET /login
2025-11-17 20:41:38.142 [http-nio-8080-exec-2] DEBUG o.s.s.w.a.AnonymousAuthenticationFilter - Set SecurityContextHolder to anonymous SecurityContext
2025-11-17 20:41:38.142 [http-nio-8080-exec-2] DEBUG o.s.security.web.FilterChainProxy - Securing GET /error
2025-11-17 20:41:38.142 [http-nio-8080-exec-2] DEBUG o.s.s.w.a.AnonymousAuthenticationFilter - Set SecurityContextHolder to anonymous SecurityContext
2025-11-17 20:41:38.142 [http-nio-8080-exec-2] DEBUG o.s.s.w.s.HttpSessionRequestCache - Saved request http://localhost:8080/error?continue to session
2025-11-17 20:41:38.142 [http-nio-8080-exec-2] DEBUG o.s.s.web.DefaultRedirectStrategy - Redirecting to http://localhost:8080/login
2025-11-17 20:41:38.144 [http-nio-8080-exec-3] DEBUG o.s.security.web.FilterChainProxy - Securing GET /login
2025-11-17 20:41:38.144 [http-nio-8080-exec-3] DEBUG o.s.security.web.FilterChainProxy - Secured GET /login
2025-11-17 20:41:38.145 [http-nio-8080-exec-3] DEBUG o.s.s.w.a.AnonymousAuthenticationFilter - Set SecurityContextHolder to anonymous SecurityContext
2025-11-17 20:41:38.145 [http-nio-8080-exec-3] DEBUG o.s.security.web.FilterChainProxy - Securing GET /error
2025-11-17 20:41:38.145 [http-nio-8080-exec-3] DEBUG o.s.s.w.a.AnonymousAuthenticationFilter - Set SecurityContextHolder to anonymous SecurityContext
2025-11-17 20:41:38.145 [http-nio-8080-exec-3] DEBUG o.s.s.w.s.HttpSessionRequestCache - Saved request http://localhost:8080/error?continue to session
2025-11-17 20:41:38.146 [http-nio-8080-exec-3] DEBUG o.s.s.web.DefaultRedirectStrategy - Redirecting to http://localhost:8080/login
2025-11-17 20:41:38.147 [http-nio-8080-exec-4] DEBUG o.s.security.web.FilterChainProxy - Securing GET /login
2025-11-17 20:41:38.147 [http-nio-8080-exec-4] DEBUG o.s.security.web.FilterChainProxy - Secured GET /login
2025-11-17 20:41:38.148 [http-nio-8080-exec-4] DEBUG o.s.s.w.a.AnonymousAuthenticationFilter - Set SecurityContextHolder to anonymous SecurityContext
2025-11-17 20:41:38.148 [http-nio-8080-exec-4] DEBUG o.s.security.web.FilterChainProxy - Securing GET /error
2025-11-17 20:41:38.148 [http-nio-8080-exec-4] DEBUG o.s.s.w.a.AnonymousAuthenticationFilter - Set SecurityContextHolder to anonymous SecurityContext
2025-11-17 20:41:38.149 [http-nio-8080-exec-4] DEBUG o.s.s.w.s.HttpSessionRequestCache - Saved request http://localhost:8080/error?continue to session
2025-11-17 20:41:38.149 [http-nio-8080-exec-4] DEBUG o.s.s.web.DefaultRedirectStrategy - Redirecting to http://localhost:8080/login
2025-11-17 20:41:38.150 [http-nio-8080-exec-5] DEBUG o.s.security.web.FilterChainProxy - Securing GET /login
2025-11-17 20:41:38.151 [http-nio-8080-exec-5] DEBUG o.s.security.web.FilterChainProxy - Secured GET /login
2025-11-17 20:41:38.151 [http-nio-8080-exec-5] DEBUG o.s.s.w.a.AnonymousAuthenticationFilter - Set SecurityContextHolder to anonymous SecurityContext
2025-11-17 20:41:38.151 [http-nio-8080-exec-5] DEBUG o.s.security.web.FilterChainProxy - Securing GET /error
2025-11-17 20:41:38.151 [http-nio-8080-exec-5] DEBUG o.s.s.w.a.AnonymousAuthenticationFilter - Set SecurityContextHolder to anonymous SecurityContext
2025-11-17 20:41:38.151 [http-nio-8080-exec-5] DEBUG o.s.s.w.s.HttpSessionRequestCache - Saved request http://localhost:8080/error?continue to session
2025-11-17 20:41:38.152 [http-nio-8080-exec-5] DEBUG o.s.s.web.DefaultRedirectStrategy - Redirecting to http://localhost:8080/login
2025-11-17 20:41:38.153 [http-nio-8080-exec-6] DEBUG o.s.security.web.FilterChainProxy - Securing GET /login
2025-11-17 20:41:38.153 [http-nio-8080-exec-6] DEBUG o.s.security.web.FilterChainProxy - Secured GET /login
2025-11-17 20:41:38.154 [http-nio-8080-exec-6] DEBUG o.s.s.w.a.AnonymousAuthenticationFilter - Set SecurityContextHolder to anonymous SecurityContext
2025-11-17 20:41:38.154 [http-nio-8080-exec-6] DEBUG o.s.security.web.FilterChainProxy - Securing GET /error
2025-11-17 20:41:38.154 [http-nio-8080-exec-6] DEBUG o.s.s.w.a.AnonymousAuthenticationFilter - Set SecurityContextHolder to anonymous SecurityContext
2025-11-17 20:41:38.154 [http-nio-8080-exec-6] DEBUG o.s.s.w.s.HttpSessionRequestCache - Saved request http://localhost:8080/error?continue to session
2025-11-17 20:41:38.155 [http-nio-8080-exec-6] DEBUG o.s.s.web.DefaultRedirectStrategy - Redirecting to http://localhost:8080/login
2025-11-17 20:41:38.157 [http-nio-8080-exec-7] DEBUG o.s.security.web.FilterChainProxy - Securing GET /login
2025-11-17 20:41:38.157 [http-nio-8080-exec-7] DEBUG o.s.security.web.FilterChainProxy - Secured GET /login
2025-11-17 20:41:38.158 [http-nio-8080-exec-7] DEBUG o.s.s.w.a.AnonymousAuthenticationFilter - Set SecurityContextHolder to anonymous SecurityContext
2025-11-17 20:41:38.158 [http-nio-8080-exec-7] DEBUG o.s.security.web.FilterChainProxy - Securing GET /error
2025-11-17 20:41:38.158 [http-nio-8080-exec-7] DEBUG o.s.s.w.a.AnonymousAuthenticationFilter - Set SecurityContextHolder to anonymous SecurityContext
2025-11-17 20:41:38.158 [http-nio-8080-exec-7] DEBUG o.s.s.w.s.HttpSessionRequestCache - Saved request http://localhost:8080/error?continue to session
2025-11-17 20:41:38.158 [http-nio-8080-exec-7] DEBUG o.s.s.web.DefaultRedirectStrategy - Redirecting to http://localhost:8080/login
2025-11-17 20:41:38.160 [http-nio-8080-exec-8] DEBUG o.s.security.web.FilterChainProxy - Securing GET /login
2025-11-17 20:41:38.161 [http-nio-8080-exec-8] DEBUG o.s.security.web.FilterChainProxy - Secured GET /login
2025-11-17 20:41:38.161 [http-nio-8080-exec-8] DEBUG o.s.s.w.a.AnonymousAuthenticationFilter - Set SecurityContextHolder to anonymous SecurityContext
2025-11-17 20:41:38.161 [http-nio-8080-exec-8] DEBUG o.s.security.web.FilterChainProxy - Securing GET /error
2025-11-17 20:41:38.162 [http-nio-8080-exec-8] DEBUG o.s.s.w.a.AnonymousAuthenticationFilter - Set SecurityContextHolder to anonymous SecurityContext
2025-11-17 20:41:38.162 [http-nio-8080-exec-8] DEBUG o.s.s.w.s.HttpSessionRequestCache - Saved request http://localhost:8080/error?continue to session
2025-11-17 20:41:38.162 [http-nio-8080-exec-8] DEBUG o.s.s.web.DefaultRedirectStrategy - Redirecting to http://localhost:8080/login
2025-11-17 20:41:38.164 [http-nio-8080-exec-9] DEBUG o.s.security.web.FilterChainProxy - Securing GET /login
2025-11-17 20:41:38.164 [http-nio-8080-exec-9] DEBUG o.s.security.web.FilterChainProxy - Secured GET /login
2025-11-17 20:41:38.165 [http-nio-8080-exec-9] DEBUG o.s.s.w.a.AnonymousAuthenticationFilter - Set SecurityContextHolder to anonymous SecurityContext
2025-11-17 20:41:38.165 [http-nio-8080-exec-9] DEBUG o.s.security.web.FilterChainProxy - Securing GET /error
2025-11-17 20:41:38.165 [http-nio-8080-exec-9] DEBUG o.s.s.w.a.AnonymousAuthenticationFilter - Set SecurityContextHolder to anonymous SecurityContext
2025-11-17 20:41:38.165 [http-nio-8080-exec-9] DEBUG o.s.s.w.s.HttpSessionRequestCache - Saved request http://localhost:8080/error?continue to session
2025-11-17 20:41:38.165 [http-nio-8080-exec-9] DEBUG o.s.s.web.DefaultRedirectStrategy - Redirecting to http://localhost:8080/login
2025-11-17 20:41:38.167 [http-nio-8080-exec-10] DEBUG o.s.security.web.FilterChainProxy - Securing GET /login
2025-11-17 20:41:38.167 [http-nio-8080-exec-10] DEBUG o.s.security.web.FilterChainProxy - Secured GET /login
2025-11-17 20:41:38.168 [http-nio-8080-exec-10] DEBUG o.s.s.w.a.AnonymousAuthenticationFilter - Set SecurityContextHolder to anonymous SecurityContext
2025-11-17 20:41:38.168 [http-nio-8080-exec-10] DEBUG o.s.security.web.FilterChainProxy - Securing GET /error
2025-11-17 20:41:38.168 [http-nio-8080-exec-10] DEBUG o.s.s.w.a.AnonymousAuthenticationFilter - Set SecurityContextHolder to anonymous SecurityContext
2025-11-17 20:41:38.168 [http-nio-8080-exec-10] DEBUG o.s.s.w.s.HttpSessionRequestCache - Saved request http://localhost:8080/error?continue to session
2025-11-17 20:41:38.168 [http-nio-8080-exec-10] DEBUG o.s.s.web.DefaultRedirectStrategy - Redirecting to http://localhost:8080/login
2025-11-17 20:41:38.170 [http-nio-8080-exec-1] DEBUG o.s.security.web.FilterChainProxy - Securing GET /login
2025-11-17 20:41:38.170 [http-nio-8080-exec-1] DEBUG o.s.security.web.FilterChainProxy - Secured GET /login
2025-11-17 20:41:38.171 [http-nio-8080-exec-1] DEBUG o.s.s.w.a.AnonymousAuthenticationFilter - Set SecurityContextHolder to anonymous SecurityContext
2025-11-17 20:41:38.171 [http-nio-8080-exec-1] DEBUG o.s.security.web.FilterChainProxy - Securing GET /error
2025-11-17 20:41:38.171 [http-nio-8080-exec-1] DEBUG o.s.s.w.a.AnonymousAuthenticationFilter - Set SecurityContextHolder to anonymous SecurityContext
2025-11-17 20:41:38.171 [http-nio-8080-exec-1] DEBUG o.s.s.w.s.HttpSessionRequestCache - Saved request http://localhost:8080/error?continue to session
2025-11-17 20:41:38.171 [http-nio-8080-exec-1] DEBUG o.s.s.web.DefaultRedirectStrategy - Redirecting to http://localhost:8080/login
2025-11-17 20:41:43.178 [http-nio-8080-exec-3] DEBUG o.s.security.web.FilterChainProxy - Securing GET /login
2025-11-17 20:41:43.179 [http-nio-8080-exec-3] DEBUG o.s.security.web.FilterChainProxy - Secured GET /login
2025-11-17 20:41:43.181 [http-nio-8080-exec-3] DEBUG o.s.s.w.a.AnonymousAuthenticationFilter - Set SecurityContextHolder to anonymous SecurityContext
2025-11-17 20:41:43.182 [http-nio-8080-exec-3] DEBUG o.s.security.web.FilterChainProxy - Securing GET /error
2025-11-17 20:41:43.182 [http-nio-8080-exec-3] DEBUG o.s.s.w.a.AnonymousAuthenticationFilter - Set SecurityContextHolder to anonymous SecurityContext
2025-11-17 20:41:43.183 [http-nio-8080-exec-3] DEBUG o.s.s.w.s.HttpSessionRequestCache - Saved request http://localhost:8080/error?continue to session
2025-11-17 20:41:43.183 [http-nio-8080-exec-3] DEBUG o.s.s.web.DefaultRedirectStrategy - Redirecting to http://localhost:8080/login
2025-11-17 20:41:43.186 [http-nio-8080-exec-4] DEBUG o.s.security.web.FilterChainProxy - Securing GET /login
2025-11-17 20:41:43.186 [http-nio-8080-exec-4] DEBUG o.s.security.web.FilterChainProxy - Secured GET /login
2025-11-17 20:41:43.188 [http-nio-8080-exec-4] DEBUG o.s.s.w.a.AnonymousAuthenticationFilter - Set SecurityContextHolder to anonymous SecurityContext
2025-11-17 20:41:43.190 [http-nio-8080-exec-4] DEBUG o.s.security.web.FilterChainProxy - Securing GET /error
2025-11-17 20:41:43.190 [http-nio-8080-exec-4] DEBUG o.s.s.w.a.AnonymousAuthenticationFilter - Set SecurityContextHolder to anonymous SecurityContext
2025-11-17 20:41:43.191 [http-nio-8080-exec-4] DEBUG o.s.s.w.s.HttpSessionRequestCache - Saved request http://localhost:8080/error?continue to session
2025-11-17 20:41:43.191 [http-nio-8080-exec-4] DEBUG o.s.s.web.DefaultRedirectStrategy - Redirecting to http://localhost:8080/login
2025-11-17 20:41:43.194 [http-nio-8080-exec-5] DEBUG o.s.security.web.FilterChainProxy - Securing GET /login
2025-11-17 20:41:43.195 [http-nio-8080-exec-5] DEBUG o.s.security.web.FilterChainProxy - Secured GET /login
2025-11-17 20:41:43.195 [http-nio-8080-exec-5] DEBUG o.s.s.w.a.AnonymousAuthenticationFilter - Set SecurityContextHolder to anonymous SecurityContext
2025-11-17 20:41:43.195 [http-nio-8080-exec-5] DEBUG o.s.security.web.FilterChainProxy - Securing GET /error
2025-11-17 20:41:43.195 [http-nio-8080-exec-5] DEBUG o.s.s.w.a.AnonymousAuthenticationFilter - Set SecurityContextHolder to anonymous SecurityContext
2025-11-17 20:41:43.195 [http-nio-8080-exec-5] DEBUG o.s.s.w.s.HttpSessionRequestCache - Saved request http://localhost:8080/error?continue to session
2025-11-17 20:41:43.196 [http-nio-8080-exec-5] DEBUG o.s.s.web.DefaultRedirectStrategy - Redirecting to http://localhost:8080/login
2025-11-17 20:41:43.198 [http-nio-8080-exec-6] DEBUG o.s.security.web.FilterChainProxy - Securing GET /login
2025-11-17 20:41:43.198 [http-nio-8080-exec-6] DEBUG o.s.security.web.FilterChainProxy - Secured GET /login
2025-11-17 20:41:43.198 [http-nio-8080-exec-6] DEBUG o.s.s.w.a.AnonymousAuthenticationFilter - Set SecurityContextHolder to anonymous SecurityContext
2025-11-17 20:41:43.199 [http-nio-8080-exec-6] DEBUG o.s.security.web.FilterChainProxy - Securing GET /error
2025-11-17 20:41:43.199 [http-nio-8080-exec-6] DEBUG o.s.s.w.a.AnonymousAuthenticationFilter - Set SecurityContextHolder to anonymous SecurityContext
2025-11-17 20:41:43.199 [http-nio-8080-exec-6] DEBUG o.s.s.w.s.HttpSessionRequestCache - Saved request http://localhost:8080/error?continue to session
2025-11-17 20:41:43.199 [http-nio-8080-exec-6] DEBUG o.s.s.web.DefaultRedirectStrategy - Redirecting to http://localhost:8080/login
2025-11-17 20:41:43.201 [http-nio-8080-exec-7] DEBUG o.s.security.web.FilterChainProxy - Securing GET /login
2025-11-17 20:41:43.201 [http-nio-8080-exec-7] DEBUG o.s.security.web.FilterChainProxy - Secured GET /login
2025-11-17 20:41:43.202 [http-nio-8080-exec-7] DEBUG o.s.s.w.a.AnonymousAuthenticationFilter - Set SecurityContextHolder to anonymous SecurityContext
2025-11-17 20:41:43.202 [http-nio-8080-exec-7] DEBUG o.s.security.web.FilterChainProxy - Securing GET /error
2025-11-17 20:41:43.202 [http-nio-8080-exec-7] DEBUG o.s.s.w.a.AnonymousAuthenticationFilter - Set SecurityContextHolder to anonymous SecurityContext
2025-11-17 20:41:43.202 [http-nio-8080-exec-7] DEBUG o.s.s.w.s.HttpSessionRequestCache - Saved request http://localhost:8080/error?continue to session
2025-11-17 20:41:43.202 [http-nio-8080-exec-7] DEBUG o.s.s.web.DefaultRedirectStrategy - Redirecting to http://localhost:8080/login
2025-11-17 20:41:43.204 [http-nio-8080-exec-8] DEBUG o.s.security.web.FilterChainProxy - Securing GET /login
2025-11-17 20:41:43.204 [http-nio-8080-exec-8] DEBUG o.s.security.web.FilterChainProxy - Secured GET /login
2025-11-17 20:41:43.206 [http-nio-8080-exec-8] DEBUG o.s.s.w.a.AnonymousAuthenticationFilter - Set SecurityContextHolder to anonymous SecurityContext
2025-11-17 20:41:43.208 [http-nio-8080-exec-8] DEBUG o.s.security.web.FilterChainProxy - Securing GET /error
2025-11-17 20:41:43.209 [http-nio-8080-exec-8] DEBUG o.s.s.w.a.AnonymousAuthenticationFilter - Set SecurityContextHolder to anonymous SecurityContext
2025-11-17 20:41:43.209 [http-nio-8080-exec-8] DEBUG o.s.s.w.s.HttpSessionRequestCache - Saved request http://localhost:8080/error?continue to session
2025-11-17 20:41:43.209 [http-nio-8080-exec-8] DEBUG o.s.s.web.DefaultRedirectStrategy - Redirecting to http://localhost:8080/login
2025-11-17 20:41:43.211 [http-nio-8080-exec-9] DEBUG o.s.security.web.FilterChainProxy - Securing GET /login
2025-11-17 20:41:43.212 [http-nio-8080-exec-9] DEBUG o.s.security.web.FilterChainProxy - Secured GET /login
2025-11-17 20:41:43.212 [http-nio-8080-exec-9] DEBUG o.s.s.w.a.AnonymousAuthenticationFilter - Set SecurityContextHolder to anonymous SecurityContext
2025-11-17 20:41:43.212 [http-nio-8080-exec-9] DEBUG o.s.security.web.FilterChainProxy - Securing GET /error
2025-11-17 20:41:43.213 [http-nio-8080-exec-9] DEBUG o.s.s.w.a.AnonymousAuthenticationFilter - Set SecurityContextHolder to anonymous SecurityContext
2025-11-17 20:41:43.213 [http-nio-8080-exec-9] DEBUG o.s.s.w.s.HttpSessionRequestCache - Saved request http://localhost:8080/error?continue to session
2025-11-17 20:41:43.213 [http-nio-8080-exec-9] DEBUG o.s.s.web.DefaultRedirectStrategy - Redirecting to http://localhost:8080/login
2025-11-17 20:41:43.215 [http-nio-8080-exec-10] DEBUG o.s.security.web.FilterChainProxy - Securing GET /login
2025-11-17 20:41:43.216 [http-nio-8080-exec-10] DEBUG o.s.security.web.FilterChainProxy - Secured GET /login
2025-11-17 20:41:43.216 [http-nio-8080-exec-10] DEBUG o.s.s.w.a.AnonymousAuthenticationFilter - Set SecurityContextHolder to anonymous SecurityContext
2025-11-17 20:41:43.217 [http-nio-8080-exec-10] DEBUG o.s.security.web.FilterChainProxy - Securing GET /error
2025-11-17 20:41:43.217 [http-nio-8080-exec-10] DEBUG o.s.s.w.a.AnonymousAuthenticationFilter - Set SecurityContextHolder to anonymous SecurityContext
2025-11-17 20:41:43.217 [http-nio-8080-exec-10] DEBUG o.s.s.w.s.HttpSessionRequestCache - Saved request http://localhost:8080/error?continue to session
2025-11-17 20:41:43.217 [http-nio-8080-exec-10] DEBUG o.s.s.web.DefaultRedirectStrategy - Redirecting to http://localhost:8080/login
2025-11-17 20:41:43.219 [http-nio-8080-exec-1] DEBUG o.s.security.web.FilterChainProxy - Securing GET /login
2025-11-17 20:41:43.220 [http-nio-8080-exec-1] DEBUG o.s.security.web.FilterChainProxy - Secured GET /login
2025-11-17 20:41:43.220 [http-nio-8080-exec-1] DEBUG o.s.s.w.a.AnonymousAuthenticationFilter - Set SecurityContextHolder to anonymous SecurityContext
2025-11-17 20:41:43.221 [http-nio-8080-exec-1] DEBUG o.s.security.web.FilterChainProxy - Securing GET /error
2025-11-17 20:41:43.221 [http-nio-8080-exec-1] DEBUG o.s.s.w.a.AnonymousAuthenticationFilter - Set SecurityContextHolder to anonymous SecurityContext
2025-11-17 20:41:43.222 [http-nio-8080-exec-1] DEBUG o.s.s.w.s.HttpSessionRequestCache - Saved request http://localhost:8080/error?continue to session
2025-11-17 20:41:43.222 [http-nio-8080-exec-1] DEBUG o.s.s.web.DefaultRedirectStrategy - Redirecting to http://localhost:8080/login
2025-11-17 20:41:43.224 [http-nio-8080-exec-2] DEBUG o.s.security.web.FilterChainProxy - Securing GET /login
2025-11-17 20:41:43.224 [http-nio-8080-exec-2] DEBUG o.s.security.web.FilterChainProxy - Secured GET /login
2025-11-17 20:41:43.224 [http-nio-8080-exec-2] DEBUG o.s.s.w.a.AnonymousAuthenticationFilter - Set SecurityContextHolder to anonymous SecurityContext
2025-11-17 20:41:43.225 [http-nio-8080-exec-2] DEBUG o.s.security.web.FilterChainProxy - Securing GET /error
2025-11-17 20:41:43.225 [http-nio-8080-exec-2] DEBUG o.s.s.w.a.AnonymousAuthenticationFilter - Set SecurityContextHolder to anonymous SecurityContext
2025-11-17 20:41:43.225 [http-nio-8080-exec-2] DEBUG o.s.s.w.s.HttpSessionRequestCache - Saved request http://localhost:8080/error?continue to session
2025-11-17 20:41:43.225 [http-nio-8080-exec-2] DEBUG o.s.s.web.DefaultRedirectStrategy - Redirecting to http://localhost:8080/login
2025-11-17 20:41:43.227 [http-nio-8080-exec-3] DEBUG o.s.security.web.FilterChainProxy - Securing GET /login
2025-11-17 20:41:43.227 [http-nio-8080-exec-3] DEBUG o.s.security.web.FilterChainProxy - Secured GET /login
2025-11-17 20:41:43.227 [http-nio-8080-exec-3] DEBUG o.s.s.w.a.AnonymousAuthenticationFilter - Set SecurityContextHolder to anonymous SecurityContext
2025-11-17 20:41:43.227 [http-nio-8080-exec-3] DEBUG o.s.security.web.FilterChainProxy - Securing GET /error
2025-11-17 20:41:43.227 [http-nio-8080-exec-3] DEBUG o.s.s.w.a.AnonymousAuthenticationFilter - Set SecurityContextHolder to anonymous SecurityContext
2025-11-17 20:41:43.228 [http-nio-8080-exec-3] DEBUG o.s.s.w.s.HttpSessionRequestCache - Saved request http://localhost:8080/error?continue to session
2025-11-17 20:41:43.228 [http-nio-8080-exec-3] DEBUG o.s.s.web.DefaultRedirectStrategy - Redirecting to http://localhost:8080/login
2025-11-17 20:41:43.229 [http-nio-8080-exec-4] DEBUG o.s.security.web.FilterChainProxy - Securing GET /login
2025-11-17 20:41:43.229 [http-nio-8080-exec-4] DEBUG o.s.security.web.FilterChainProxy - Secured GET /login
2025-11-17 20:41:43.229 [http-nio-8080-exec-4] DEBUG o.s.s.w.a.AnonymousAuthenticationFilter - Set SecurityContextHolder to anonymous SecurityContext
2025-11-17 20:41:43.230 [http-nio-8080-exec-4] DEBUG o.s.security.web.FilterChainProxy - Securing GET /error
2025-11-17 20:41:43.230 [http-nio-8080-exec-4] DEBUG o.s.s.w.a.AnonymousAuthenticationFilter - Set SecurityContextHolder to anonymous SecurityContext
2025-11-17 20:41:43.230 [http-nio-8080-exec-4] DEBUG o.s.s.w.s.HttpSessionRequestCache - Saved request http://localhost:8080/error?continue to session
2025-11-17 20:41:43.230 [http-nio-8080-exec-4] DEBUG o.s.s.web.DefaultRedirectStrategy - Redirecting to http://localhost:8080/login
2025-11-17 20:41:43.232 [http-nio-8080-exec-5] DEBUG o.s.security.web.FilterChainProxy - Securing GET /login
2025-11-17 20:41:43.232 [http-nio-8080-exec-5] DEBUG o.s.security.web.FilterChainProxy - Secured GET /login
2025-11-17 20:41:43.232 [http-nio-8080-exec-5] DEBUG o.s.s.w.a.AnonymousAuthenticationFilter - Set SecurityContextHolder to anonymous SecurityContext
2025-11-17 20:41:43.233 [http-nio-8080-exec-5] DEBUG o.s.security.web.FilterChainProxy - Securing GET /error
2025-11-17 20:41:43.233 [http-nio-8080-exec-5] DEBUG o.s.s.w.a.AnonymousAuthenticationFilter - Set SecurityContextHolder to anonymous SecurityContext
2025-11-17 20:41:43.233 [http-nio-8080-exec-5] DEBUG o.s.s.w.s.HttpSessionRequestCache - Saved request http://localhost:8080/error?continue to session
2025-11-17 20:41:43.233 [http-nio-8080-exec-5] DEBUG o.s.s.web.DefaultRedirectStrategy - Redirecting to http://localhost:8080/login
2025-11-17 20:41:43.235 [http-nio-8080-exec-6] DEBUG o.s.security.web.FilterChainProxy - Securing GET /login
2025-11-17 20:41:43.235 [http-nio-8080-exec-6] DEBUG o.s.security.web.FilterChainProxy - Secured GET /login
2025-11-17 20:41:43.235 [http-nio-8080-exec-6] DEBUG o.s.s.w.a.AnonymousAuthenticationFilter - Set SecurityContextHolder to anonymous SecurityContext
2025-11-17 20:41:43.235 [http-nio-8080-exec-6] DEBUG o.s.security.web.FilterChainProxy - Securing GET /error
2025-11-17 20:41:43.236 [http-nio-8080-exec-6] DEBUG o.s.s.w.a.AnonymousAuthenticationFilter - Set SecurityContextHolder to anonymous SecurityContext
2025-11-17 20:41:43.236 [http-nio-8080-exec-6] DEBUG o.s.s.w.s.HttpSessionRequestCache - Saved request http://localhost:8080/error?continue to session
2025-11-17 20:41:43.236 [http-nio-8080-exec-6] DEBUG o.s.s.web.DefaultRedirectStrategy - Redirecting to http://localhost:8080/login
2025-11-17 20:41:43.237 [http-nio-8080-exec-7] DEBUG o.s.security.web.FilterChainProxy - Securing GET /login
2025-11-17 20:41:43.237 [http-nio-8080-exec-7] DEBUG o.s.security.web.FilterChainProxy - Secured GET /login
2025-11-17 20:41:43.238 [http-nio-8080-exec-7] DEBUG o.s.s.w.a.AnonymousAuthenticationFilter - Set SecurityContextHolder to anonymous SecurityContext
2025-11-17 20:41:43.238 [http-nio-8080-exec-7] DEBUG o.s.security.web.FilterChainProxy - Securing GET /error
2025-11-17 20:41:43.238 [http-nio-8080-exec-7] DEBUG o.s.s.w.a.AnonymousAuthenticationFilter - Set SecurityContextHolder to anonymous SecurityContext
2025-11-17 20:41:43.239 [http-nio-8080-exec-7] DEBUG o.s.s.w.s.HttpSessionRequestCache - Saved request http://localhost:8080/error?continue to session
2025-11-17 20:41:43.239 [http-nio-8080-exec-7] DEBUG o.s.s.web.DefaultRedirectStrategy - Redirecting to http://localhost:8080/login
2025-11-17 20:41:43.242 [http-nio-8080-exec-8] DEBUG o.s.security.web.FilterChainProxy - Securing GET /login
2025-11-17 20:41:43.242 [http-nio-8080-exec-8] DEBUG o.s.security.web.FilterChainProxy - Secured GET /login
2025-11-17 20:41:43.242 [http-nio-8080-exec-8] DEBUG o.s.s.w.a.AnonymousAuthenticationFilter - Set SecurityContextHolder to anonymous SecurityContext
2025-11-17 20:41:43.242 [http-nio-8080-exec-8] DEBUG o.s.security.web.FilterChainProxy - Securing GET /error
2025-11-17 20:41:43.242 [http-nio-8080-exec-8] DEBUG o.s.s.w.a.AnonymousAuthenticationFilter - Set SecurityContextHolder to anonymous SecurityContext
2025-11-17 20:41:43.243 [http-nio-8080-exec-8] DEBUG o.s.s.w.s.HttpSessionRequestCache - Saved request http://localhost:8080/error?continue to session
2025-11-17 20:41:43.243 [http-nio-8080-exec-8] DEBUG o.s.s.web.DefaultRedirectStrategy - Redirecting to http://localhost:8080/login
2025-11-17 20:41:43.244 [http-nio-8080-exec-9] DEBUG o.s.security.web.FilterChainProxy - Securing GET /login
2025-11-17 20:41:43.244 [http-nio-8080-exec-9] DEBUG o.s.security.web.FilterChainProxy - Secured GET /login
2025-11-17 20:41:43.245 [http-nio-8080-exec-9] DEBUG o.s.s.w.a.AnonymousAuthenticationFilter - Set SecurityContextHolder to anonymous SecurityContext
2025-11-17 20:41:43.245 [http-nio-8080-exec-9] DEBUG o.s.security.web.FilterChainProxy - Securing GET /error
2025-11-17 20:41:43.245 [http-nio-8080-exec-9] DEBUG o.s.s.w.a.AnonymousAuthenticationFilter - Set SecurityContextHolder to anonymous SecurityContext
2025-11-17 20:41:43.245 [http-nio-8080-exec-9] DEBUG o.s.s.w.s.HttpSessionRequestCache - Saved request http://localhost:8080/error?continue to session
2025-11-17 20:41:43.245 [http-nio-8080-exec-9] DEBUG o.s.s.web.DefaultRedirectStrategy - Redirecting to http://localhost:8080/login
2025-11-17 20:41:43.247 [http-nio-8080-exec-10] DEBUG o.s.security.web.FilterChainProxy - Securing GET /login
2025-11-17 20:41:43.247 [http-nio-8080-exec-10] DEBUG o.s.security.web.FilterChainProxy - Secured GET /login
2025-11-17 20:41:43.247 [http-nio-8080-exec-10] DEBUG o.s.s.w.a.AnonymousAuthenticationFilter - Set SecurityContextHolder to anonymous SecurityContext
2025-11-17 20:41:43.248 [http-nio-8080-exec-10] DEBUG o.s.security.web.FilterChainProxy - Securing GET /error
2025-11-17 20:41:43.248 [http-nio-8080-exec-10] DEBUG o.s.s.w.a.AnonymousAuthenticationFilter - Set SecurityContextHolder to anonymous SecurityContext
2025-11-17 20:41:43.248 [http-nio-8080-exec-10] DEBUG o.s.s.w.s.HttpSessionRequestCache - Saved request http://localhost:8080/error?continue to session
2025-11-17 20:41:43.248 [http-nio-8080-exec-10] DEBUG o.s.s.web.DefaultRedirectStrategy - Redirecting to http://localhost:8080/login
2025-11-17 20:41:43.250 [http-nio-8080-exec-1] DEBUG o.s.security.web.FilterChainProxy - Securing GET /login
2025-11-17 20:41:43.250 [http-nio-8080-exec-1] DEBUG o.s.security.web.FilterChainProxy - Secured GET /login
2025-11-17 20:41:43.250 [http-nio-8080-exec-1] DEBUG o.s.s.w.a.AnonymousAuthenticationFilter - Set SecurityContextHolder to anonymous SecurityContext
2025-11-17 20:41:43.250 [http-nio-8080-exec-1] DEBUG o.s.security.web.FilterChainProxy - Securing GET /error
2025-11-17 20:41:43.251 [http-nio-8080-exec-1] DEBUG o.s.s.w.a.AnonymousAuthenticationFilter - Set SecurityContextHolder to anonymous SecurityContext
2025-11-17 20:41:43.251 [http-nio-8080-exec-1] DEBUG o.s.s.w.s.HttpSessionRequestCache - Saved request http://localhost:8080/error?continue to session
2025-11-17 20:41:43.251 [http-nio-8080-exec-1] DEBUG o.s.s.web.DefaultRedirectStrategy - Redirecting to http://localhost:8080/login
2025-11-17 20:41:43.252 [http-nio-8080-exec-2] DEBUG o.s.security.web.FilterChainProxy - Securing GET /login
2025-11-17 20:41:43.252 [http-nio-8080-exec-2] DEBUG o.s.security.web.FilterChainProxy - Secured GET /login
2025-11-17 20:41:43.253 [http-nio-8080-exec-2] DEBUG o.s.s.w.a.AnonymousAuthenticationFilter - Set SecurityContextHolder to anonymous SecurityContext
2025-11-17 20:41:43.253 [http-nio-8080-exec-2] DEBUG o.s.security.web.FilterChainProxy - Securing GET /error
2025-11-17 20:41:43.253 [http-nio-8080-exec-2] DEBUG o.s.s.w.a.AnonymousAuthenticationFilter - Set SecurityContextHolder to anonymous SecurityContext
2025-11-17 20:41:43.253 [http-nio-8080-exec-2] DEBUG o.s.s.w.s.HttpSessionRequestCache - Saved request http://localhost:8080/error?continue to session
2025-11-17 20:41:43.253 [http-nio-8080-exec-2] DEBUG o.s.s.web.DefaultRedirectStrategy - Redirecting to http://localhost:8080/login
2025-11-17 20:41:44.274 [http-nio-8080-exec-3] DEBUG o.s.security.web.FilterChainProxy - Securing GET /login
2025-11-17 20:41:44.274 [http-nio-8080-exec-3] DEBUG o.s.security.web.FilterChainProxy - Secured GET /login
2025-11-17 20:41:44.275 [http-nio-8080-exec-3] DEBUG o.s.s.w.a.AnonymousAuthenticationFilter - Set SecurityContextHolder to anonymous SecurityContext
2025-11-17 20:41:44.276 [http-nio-8080-exec-3] DEBUG o.s.security.web.FilterChainProxy - Securing GET /error
2025-11-17 20:41:44.276 [http-nio-8080-exec-3] DEBUG o.s.s.w.a.AnonymousAuthenticationFilter - Set SecurityContextHolder to anonymous SecurityContext
2025-11-17 20:41:44.277 [http-nio-8080-exec-3] DEBUG o.s.s.w.s.HttpSessionRequestCache - Saved request http://localhost:8080/error?continue to session
2025-11-17 20:41:44.277 [http-nio-8080-exec-3] DEBUG o.s.s.web.DefaultRedirectStrategy - Redirecting to http://localhost:8080/login
2025-11-17 20:41:44.280 [http-nio-8080-exec-4] DEBUG o.s.security.web.FilterChainProxy - Securing GET /login
2025-11-17 20:41:44.281 [http-nio-8080-exec-4] DEBUG o.s.security.web.FilterChainProxy - Secured GET /login
2025-11-17 20:41:44.282 [http-nio-8080-exec-4] DEBUG o.s.s.w.a.AnonymousAuthenticationFilter - Set SecurityContextHolder to anonymous SecurityContext
2025-11-17 20:41:44.283 [http-nio-8080-exec-4] DEBUG o.s.security.web.FilterChainProxy - Securing GET /error
2025-11-17 20:41:44.284 [http-nio-8080-exec-4] DEBUG o.s.s.w.a.AnonymousAuthenticationFilter - Set SecurityContextHolder to anonymous SecurityContext
2025-11-17 20:41:44.284 [http-nio-8080-exec-4] DEBUG o.s.s.w.s.HttpSessionRequestCache - Saved request http://localhost:8080/error?continue to session
2025-11-17 20:41:44.284 [http-nio-8080-exec-4] DEBUG o.s.s.web.DefaultRedirectStrategy - Redirecting to http://localhost:8080/login
2025-11-17 20:41:44.288 [http-nio-8080-exec-5] DEBUG o.s.security.web.FilterChainProxy - Securing GET /login
2025-11-17 20:41:44.288 [http-nio-8080-exec-5] DEBUG o.s.security.web.FilterChainProxy - Secured GET /login
2025-11-17 20:41:44.289 [http-nio-8080-exec-5] DEBUG o.s.s.w.a.AnonymousAuthenticationFilter - Set SecurityContextHolder to anonymous SecurityContext
2025-11-17 20:41:44.290 [http-nio-8080-exec-5] DEBUG o.s.security.web.FilterChainProxy - Securing GET /error
2025-11-17 20:41:44.290 [http-nio-8080-exec-5] DEBUG o.s.s.w.a.AnonymousAuthenticationFilter - Set SecurityContextHolder to anonymous SecurityContext
2025-11-17 20:41:44.290 [http-nio-8080-exec-5] DEBUG o.s.s.w.s.HttpSessionRequestCache - Saved request http://localhost:8080/error?continue to session
2025-11-17 20:41:44.291 [http-nio-8080-exec-5] DEBUG o.s.s.web.DefaultRedirectStrategy - Redirecting to http://localhost:8080/login
2025-11-17 20:41:44.293 [http-nio-8080-exec-6] DEBUG o.s.security.web.FilterChainProxy - Securing GET /login
2025-11-17 20:41:44.294 [http-nio-8080-exec-6] DEBUG o.s.security.web.FilterChainProxy - Secured GET /login
2025-11-17 20:41:44.295 [http-nio-8080-exec-6] DEBUG o.s.s.w.a.AnonymousAuthenticationFilter - Set SecurityContextHolder to anonymous SecurityContext
2025-11-17 20:41:44.295 [http-nio-8080-exec-6] DEBUG o.s.security.web.FilterChainProxy - Securing GET /error
2025-11-17 20:41:44.295 [http-nio-8080-exec-6] DEBUG o.s.s.w.a.AnonymousAuthenticationFilter - Set SecurityContextHolder to anonymous SecurityContext
2025-11-17 20:41:44.296 [http-nio-8080-exec-6] DEBUG o.s.s.w.s.HttpSessionRequestCache - Saved request http://localhost:8080/error?continue to session
2025-11-17 20:41:44.296 [http-nio-8080-exec-6] DEBUG o.s.s.web.DefaultRedirectStrategy - Redirecting to http://localhost:8080/login
2025-11-17 20:41:44.299 [http-nio-8080-exec-7] DEBUG o.s.security.web.FilterChainProxy - Securing GET /login
2025-11-17 20:41:44.299 [http-nio-8080-exec-7] DEBUG o.s.security.web.FilterChainProxy - Secured GET /login
2025-11-17 20:41:44.300 [http-nio-8080-exec-7] DEBUG o.s.s.w.a.AnonymousAuthenticationFilter - Set SecurityContextHolder to anonymous SecurityContext
2025-11-17 20:41:44.300 [http-nio-8080-exec-7] DEBUG o.s.security.web.FilterChainProxy - Securing GET /error
2025-11-17 20:41:44.300 [http-nio-8080-exec-7] DEBUG o.s.s.w.a.AnonymousAuthenticationFilter - Set SecurityContextHolder to anonymous SecurityContext
2025-11-17 20:41:44.301 [http-nio-8080-exec-7] DEBUG o.s.s.w.s.HttpSessionRequestCache - Saved request http://localhost:8080/error?continue to session
2025-11-17 20:41:44.301 [http-nio-8080-exec-7] DEBUG o.s.s.web.DefaultRedirectStrategy - Redirecting to http://localhost:8080/login
2025-11-17 20:41:44.303 [http-nio-8080-exec-8] DEBUG o.s.security.web.FilterChainProxy - Securing GET /login
2025-11-17 20:41:44.303 [http-nio-8080-exec-8] DEBUG o.s.security.web.FilterChainProxy - Secured GET /login
2025-11-17 20:41:44.304 [http-nio-8080-exec-8] DEBUG o.s.s.w.a.AnonymousAuthenticationFilter - Set SecurityContextHolder to anonymous SecurityContext
2025-11-17 20:41:44.304 [http-nio-8080-exec-8] DEBUG o.s.security.web.FilterChainProxy - Securing GET /error
2025-11-17 20:41:44.304 [http-nio-8080-exec-8] DEBUG o.s.s.w.a.AnonymousAuthenticationFilter - Set SecurityContextHolder to anonymous SecurityContext
2025-11-17 20:41:44.305 [http-nio-8080-exec-8] DEBUG o.s.s.w.s.HttpSessionRequestCache - Saved request http://localhost:8080/error?continue to session
2025-11-17 20:41:44.305 [http-nio-8080-exec-8] DEBUG o.s.s.web.DefaultRedirectStrategy - Redirecting to http://localhost:8080/login
2025-11-17 20:41:44.308 [http-nio-8080-exec-9] DEBUG o.s.security.web.FilterChainProxy - Securing GET /login
2025-11-17 20:41:44.308 [http-nio-8080-exec-9] DEBUG o.s.security.web.FilterChainProxy - Secured GET /login
2025-11-17 20:41:44.308 [http-nio-8080-exec-9] DEBUG o.s.s.w.a.AnonymousAuthenticationFilter - Set SecurityContextHolder to anonymous SecurityContext
2025-11-17 20:41:44.309 [http-nio-8080-exec-9] DEBUG o.s.security.web.FilterChainProxy - Securing GET /error
2025-11-17 20:41:44.309 [http-nio-8080-exec-9] DEBUG o.s.s.w.a.AnonymousAuthenticationFilter - Set SecurityContextHolder to anonymous SecurityContext
2025-11-17 20:41:44.309 [http-nio-8080-exec-9] DEBUG o.s.s.w.s.HttpSessionRequestCache - Saved request http://localhost:8080/error?continue to session
2025-11-17 20:41:44.309 [http-nio-8080-exec-9] DEBUG o.s.s.web.DefaultRedirectStrategy - Redirecting to http://localhost:8080/login
2025-11-17 20:41:44.311 [http-nio-8080-exec-10] DEBUG o.s.security.web.FilterChainProxy - Securing GET /login
2025-11-17 20:41:44.311 [http-nio-8080-exec-10] DEBUG o.s.security.web.FilterChainProxy - Secured GET /login
2025-11-17 20:41:44.312 [http-nio-8080-exec-10] DEBUG o.s.s.w.a.AnonymousAuthenticationFilter - Set SecurityContextHolder to anonymous SecurityContext
2025-11-17 20:41:44.312 [http-nio-8080-exec-10] DEBUG o.s.security.web.FilterChainProxy - Securing GET /error
2025-11-17 20:41:44.312 [http-nio-8080-exec-10] DEBUG o.s.s.w.a.AnonymousAuthenticationFilter - Set SecurityContextHolder to anonymous SecurityContext
2025-11-17 20:41:44.313 [http-nio-8080-exec-10] DEBUG o.s.s.w.s.HttpSessionRequestCache - Saved request http://localhost:8080/error?continue to session
2025-11-17 20:41:44.313 [http-nio-8080-exec-10] DEBUG o.s.s.web.DefaultRedirectStrategy - Redirecting to http://localhost:8080/login
2025-11-17 20:41:44.315 [http-nio-8080-exec-1] DEBUG o.s.security.web.FilterChainProxy - Securing GET /login
2025-11-17 20:41:44.315 [http-nio-8080-exec-1] DEBUG o.s.security.web.FilterChainProxy - Secured GET /login
2025-11-17 20:41:44.316 [http-nio-8080-exec-1] DEBUG o.s.s.w.a.AnonymousAuthenticationFilter - Set SecurityContextHolder to anonymous SecurityContext
2025-11-17 20:41:44.316 [http-nio-8080-exec-1] DEBUG o.s.security.web.FilterChainProxy - Securing GET /error
2025-11-17 20:41:44.316 [http-nio-8080-exec-1] DEBUG o.s.s.w.a.AnonymousAuthenticationFilter - Set SecurityContextHolder to anonymous SecurityContext
2025-11-17 20:41:44.316 [http-nio-8080-exec-1] DEBUG o.s.s.w.s.HttpSessionRequestCache - Saved request http://localhost:8080/error?continue to session
2025-11-17 20:41:44.316 [http-nio-8080-exec-1] DEBUG o.s.s.web.DefaultRedirectStrategy - Redirecting to http://localhost:8080/login
2025-11-17 20:41:44.319 [http-nio-8080-exec-2] DEBUG o.s.security.web.FilterChainProxy - Securing GET /login
2025-11-17 20:41:44.319 [http-nio-8080-exec-2] DEBUG o.s.security.web.FilterChainProxy - Secured GET /login
2025-11-17 20:41:44.319 [http-nio-8080-exec-2] DEBUG o.s.s.w.a.AnonymousAuthenticationFilter - Set SecurityContextHolder to anonymous SecurityContext
2025-11-17 20:41:44.319 [http-nio-8080-exec-2] DEBUG o.s.security.web.FilterChainProxy - Securing GET /error
2025-11-17 20:41:44.319 [http-nio-8080-exec-2] DEBUG o.s.s.w.a.AnonymousAuthenticationFilter - Set SecurityContextHolder to anonymous SecurityContext
2025-11-17 20:41:44.320 [http-nio-8080-exec-2] DEBUG o.s.s.w.s.HttpSessionRequestCache - Saved request http://localhost:8080/error?continue to session
2025-11-17 20:41:44.320 [http-nio-8080-exec-2] DEBUG o.s.s.web.DefaultRedirectStrategy - Redirecting to http://localhost:8080/login
2025-11-17 20:41:44.322 [http-nio-8080-exec-3] DEBUG o.s.security.web.FilterChainProxy - Securing GET /login
2025-11-17 20:41:44.322 [http-nio-8080-exec-3] DEBUG o.s.security.web.FilterChainProxy - Secured GET /login
2025-11-17 20:41:44.323 [http-nio-8080-exec-3] DEBUG o.s.s.w.a.AnonymousAuthenticationFilter - Set SecurityContextHolder to anonymous SecurityContext
2025-11-17 20:41:44.323 [http-nio-8080-exec-3] DEBUG o.s.security.web.FilterChainProxy - Securing GET /error
2025-11-17 20:41:44.323 [http-nio-8080-exec-3] DEBUG o.s.s.w.a.AnonymousAuthenticationFilter - Set SecurityContextHolder to anonymous SecurityContext
2025-11-17 20:41:44.323 [http-nio-8080-exec-3] DEBUG o.s.s.w.s.HttpSessionRequestCache - Saved request http://localhost:8080/error?continue to session
2025-11-17 20:41:44.323 [http-nio-8080-exec-3] DEBUG o.s.s.web.DefaultRedirectStrategy - Redirecting to http://localhost:8080/login
2025-11-17 20:41:44.326 [http-nio-8080-exec-4] DEBUG o.s.security.web.FilterChainProxy - Securing GET /login
2025-11-17 20:41:44.326 [http-nio-8080-exec-4] DEBUG o.s.security.web.FilterChainProxy - Secured GET /login
2025-11-17 20:41:44.327 [http-nio-8080-exec-4] DEBUG o.s.s.w.a.AnonymousAuthenticationFilter - Set SecurityContextHolder to anonymous SecurityContext
2025-11-17 20:41:44.327 [http-nio-8080-exec-4] DEBUG o.s.security.web.FilterChainProxy - Securing GET /error
2025-11-17 20:41:44.327 [http-nio-8080-exec-4] DEBUG o.s.s.w.a.AnonymousAuthenticationFilter - Set SecurityContextHolder to anonymous SecurityContext
2025-11-17 20:41:44.327 [http-nio-8080-exec-4] DEBUG o.s.s.w.s.HttpSessionRequestCache - Saved request http://localhost:8080/error?continue to session
2025-11-17 20:41:44.327 [http-nio-8080-exec-4] DEBUG o.s.s.web.DefaultRedirectStrategy - Redirecting to http://localhost:8080/login
2025-11-17 20:41:44.329 [http-nio-8080-exec-5] DEBUG o.s.security.web.FilterChainProxy - Securing GET /login
2025-11-17 20:41:44.329 [http-nio-8080-exec-5] DEBUG o.s.security.web.FilterChainProxy - Secured GET /login
2025-11-17 20:41:44.330 [http-nio-8080-exec-5] DEBUG o.s.s.w.a.AnonymousAuthenticationFilter - Set SecurityContextHolder to anonymous SecurityContext
2025-11-17 20:41:44.330 [http-nio-8080-exec-5] DEBUG o.s.security.web.FilterChainProxy - Securing GET /error
2025-11-17 20:41:44.330 [http-nio-8080-exec-5] DEBUG o.s.s.w.a.AnonymousAuthenticationFilter - Set SecurityContextHolder to anonymous SecurityContext
2025-11-17 20:41:44.330 [http-nio-8080-exec-5] DEBUG o.s.s.w.s.HttpSessionRequestCache - Saved request http://localhost:8080/error?continue to session
2025-11-17 20:41:44.330 [http-nio-8080-exec-5] DEBUG o.s.s.web.DefaultRedirectStrategy - Redirecting to http://localhost:8080/login
2025-11-17 20:41:44.332 [http-nio-8080-exec-6] DEBUG o.s.security.web.FilterChainProxy - Securing GET /login
2025-11-17 20:41:44.332 [http-nio-8080-exec-6] DEBUG o.s.security.web.FilterChainProxy - Secured GET /login
2025-11-17 20:41:44.333 [http-nio-8080-exec-6] DEBUG o.s.s.w.a.AnonymousAuthenticationFilter - Set SecurityContextHolder to anonymous SecurityContext
2025-11-17 20:41:44.333 [http-nio-8080-exec-6] DEBUG o.s.security.web.FilterChainProxy - Securing GET /error
2025-11-17 20:41:44.333 [http-nio-8080-exec-6] DEBUG o.s.s.w.a.AnonymousAuthenticationFilter - Set SecurityContextHolder to anonymous SecurityContext
2025-11-17 20:41:44.334 [http-nio-8080-exec-6] DEBUG o.s.s.w.s.HttpSessionRequestCache - Saved request http://localhost:8080/error?continue to session
2025-11-17 20:41:44.334 [http-nio-8080-exec-6] DEBUG o.s.s.web.DefaultRedirectStrategy - Redirecting to http://localhost:8080/login
2025-11-17 20:41:44.335 [http-nio-8080-exec-7] DEBUG o.s.security.web.FilterChainProxy - Securing GET /login
2025-11-17 20:41:44.335 [http-nio-8080-exec-7] DEBUG o.s.security.web.FilterChainProxy - Secured GET /login
2025-11-17 20:41:44.336 [http-nio-8080-exec-7] DEBUG o.s.s.w.a.AnonymousAuthenticationFilter - Set SecurityContextHolder to anonymous SecurityContext
2025-11-17 20:41:44.336 [http-nio-8080-exec-7] DEBUG o.s.security.web.FilterChainProxy - Securing GET /error
2025-11-17 20:41:44.336 [http-nio-8080-exec-7] DEBUG o.s.s.w.a.AnonymousAuthenticationFilter - Set SecurityContextHolder to anonymous SecurityContext
2025-11-17 20:41:44.336 [http-nio-8080-exec-7] DEBUG o.s.s.w.s.HttpSessionRequestCache - Saved request http://localhost:8080/error?continue to session
2025-11-17 20:41:44.336 [http-nio-8080-exec-7] DEBUG o.s.s.web.DefaultRedirectStrategy - Redirecting to http://localhost:8080/login
2025-11-17 20:41:44.338 [http-nio-8080-exec-8] DEBUG o.s.security.web.FilterChainProxy - Securing GET /login
2025-11-17 20:41:44.338 [http-nio-8080-exec-8] DEBUG o.s.security.web.FilterChainProxy - Secured GET /login
2025-11-17 20:41:44.339 [http-nio-8080-exec-8] DEBUG o.s.s.w.a.AnonymousAuthenticationFilter - Set SecurityContextHolder to anonymous SecurityContext
2025-11-17 20:41:44.340 [http-nio-8080-exec-8] DEBUG o.s.security.web.FilterChainProxy - Securing GET /error
2025-11-17 20:41:44.340 [http-nio-8080-exec-8] DEBUG o.s.s.w.a.AnonymousAuthenticationFilter - Set SecurityContextHolder to anonymous SecurityContext
2025-11-17 20:41:44.340 [http-nio-8080-exec-8] DEBUG o.s.s.w.s.HttpSessionRequestCache - Saved request http://localhost:8080/error?continue to session
2025-11-17 20:41:44.340 [http-nio-8080-exec-8] DEBUG o.s.s.web.DefaultRedirectStrategy - Redirecting to http://localhost:8080/login
2025-11-17 20:41:44.342 [http-nio-8080-exec-9] DEBUG o.s.security.web.FilterChainProxy - Securing GET /login
2025-11-17 20:41:44.342 [http-nio-8080-exec-9] DEBUG o.s.security.web.FilterChainProxy - Secured GET /login
2025-11-17 20:41:44.342 [http-nio-8080-exec-9] DEBUG o.s.s.w.a.AnonymousAuthenticationFilter - Set SecurityContextHolder to anonymous SecurityContext
2025-11-17 20:41:44.343 [http-nio-8080-exec-9] DEBUG o.s.security.web.FilterChainProxy - Securing GET /error
2025-11-17 20:41:44.343 [http-nio-8080-exec-9] DEBUG o.s.s.w.a.AnonymousAuthenticationFilter - Set SecurityContextHolder to anonymous SecurityContext
2025-11-17 20:41:44.343 [http-nio-8080-exec-9] DEBUG o.s.s.w.s.HttpSessionRequestCache - Saved request http://localhost:8080/error?continue to session
2025-11-17 20:41:44.343 [http-nio-8080-exec-9] DEBUG o.s.s.web.DefaultRedirectStrategy - Redirecting to http://localhost:8080/login
2025-11-17 20:41:44.345 [http-nio-8080-exec-10] DEBUG o.s.security.web.FilterChainProxy - Securing GET /login
2025-11-17 20:41:44.345 [http-nio-8080-exec-10] DEBUG o.s.security.web.FilterChainProxy - Secured GET /login
2025-11-17 20:41:44.345 [http-nio-8080-exec-10] DEBUG o.s.s.w.a.AnonymousAuthenticationFilter - Set SecurityContextHolder to anonymous SecurityContext
2025-11-17 20:41:44.345 [http-nio-8080-exec-10] DEBUG o.s.security.web.FilterChainProxy - Securing GET /error
2025-11-17 20:41:44.345 [http-nio-8080-exec-10] DEBUG o.s.s.w.a.AnonymousAuthenticationFilter - Set SecurityContextHolder to anonymous SecurityContext
2025-11-17 20:41:44.346 [http-nio-8080-exec-10] DEBUG o.s.s.w.s.HttpSessionRequestCache - Saved request http://localhost:8080/error?continue to session
2025-11-17 20:41:44.346 [http-nio-8080-exec-10] DEBUG o.s.s.web.DefaultRedirectStrategy - Redirecting to http://localhost:8080/login
2025-11-17 20:41:44.348 [http-nio-8080-exec-1] DEBUG o.s.security.web.FilterChainProxy - Securing GET /login
2025-11-17 20:41:44.348 [http-nio-8080-exec-1] DEBUG o.s.security.web.FilterChainProxy - Secured GET /login
2025-11-17 20:41:44.349 [http-nio-8080-exec-1] DEBUG o.s.s.w.a.AnonymousAuthenticationFilter - Set SecurityContextHolder to anonymous SecurityContext
2025-11-17 20:41:44.349 [http-nio-8080-exec-1] DEBUG o.s.security.web.FilterChainProxy - Securing GET /error
2025-11-17 20:41:44.349 [http-nio-8080-exec-1] DEBUG o.s.s.w.a.AnonymousAuthenticationFilter - Set SecurityContextHolder to anonymous SecurityContext
2025-11-17 20:41:44.349 [http-nio-8080-exec-1] DEBUG o.s.s.w.s.HttpSessionRequestCache - Saved request http://localhost:8080/error?continue to session
2025-11-17 20:41:44.349 [http-nio-8080-exec-1] DEBUG o.s.s.web.DefaultRedirectStrategy - Redirecting to http://localhost:8080/login
2025-11-17 20:41:44.351 [http-nio-8080-exec-2] DEBUG o.s.security.web.FilterChainProxy - Securing GET /login
2025-11-17 20:41:44.351 [http-nio-8080-exec-2] DEBUG o.s.security.web.FilterChainProxy - Secured GET /login
2025-11-17 20:41:44.352 [http-nio-8080-exec-2] DEBUG o.s.s.w.a.AnonymousAuthenticationFilter - Set SecurityContextHolder to anonymous SecurityContext
2025-11-17 20:41:44.352 [http-nio-8080-exec-2] DEBUG o.s.security.web.FilterChainProxy - Securing GET /error
2025-11-17 20:41:44.352 [http-nio-8080-exec-2] DEBUG o.s.s.w.a.AnonymousAuthenticationFilter - Set SecurityContextHolder to anonymous SecurityContext
2025-11-17 20:41:44.353 [http-nio-8080-exec-2] DEBUG o.s.s.w.s.HttpSessionRequestCache - Saved request http://localhost:8080/error?continue to session
2025-11-17 20:41:44.353 [http-nio-8080-exec-2] DEBUG o.s.s.web.DefaultRedirectStrategy - Redirecting to http://localhost:8080/login
2025-11-17 20:43:05.310 [File Watcher] INFO  o.s.b.d.a.LocalDevToolsAutoConfiguration$RestartingClassPathChangeChangedEventListener - Restarting due to 1 class path change (0 additions, 0 deletions, 1 modification)
2025-11-17 20:43:05.322 [Thread-5] INFO  o.s.b.w.e.tomcat.GracefulShutdown - Commencing graceful shutdown. Waiting for active requests to complete
2025-11-17 20:43:05.330 [tomcat-shutdown] INFO  o.s.b.w.e.tomcat.GracefulShutdown - Graceful shutdown complete
2025-11-17 20:43:05.334 [Thread-5] INFO  o.s.o.j.LocalContainerEntityManagerFactoryBean - Closing JPA EntityManagerFactory for persistence unit 'default'
2025-11-17 20:43:05.340 [Thread-5] INFO  com.zaxxer.hikari.HikariDataSource - HikariPool-1 - Shutdown initiated...
2025-11-17 20:43:05.389 [Thread-5] INFO  com.zaxxer.hikari.HikariDataSource - HikariPool-1 - Shutdown completed.
2025-11-17 20:43:05.464 [restartedMain] INFO  com.gamescore.back.BackApplication - Starting BackApplication using Java 21.0.8 with PID 19283 (/Users/hug0gil/Desktop/DAW/DWESE/Proyectos/GameScore/back/target/classes started by hug0gil in /Users/hug0gil/Desktop/DAW/DWESE/Proyectos/GameScore/back)
2025-11-17 20:43:05.464 [restartedMain] DEBUG com.gamescore.back.BackApplication - Running with Spring Boot v3.5.7, Spring v6.2.12
2025-11-17 20:43:05.465 [restartedMain] INFO  com.gamescore.back.BackApplication - No active profile set, falling back to 1 default profile: "default"
2025-11-17 20:43:05.561 [restartedMain] INFO  o.s.d.r.c.RepositoryConfigurationDelegate - Bootstrapping Spring Data JPA repositories in DEFAULT mode.
2025-11-17 20:43:05.568 [restartedMain] INFO  o.s.d.r.c.RepositoryConfigurationDelegate - Finished Spring Data repository scanning in 6 ms. Found 4 JPA repository interfaces.
2025-11-17 20:43:05.637 [restartedMain] INFO  o.s.b.w.e.tomcat.TomcatWebServer - Tomcat initialized with port 8080 (http)
2025-11-17 20:43:05.638 [restartedMain] INFO  o.a.catalina.core.StandardService - Starting service [Tomcat]
2025-11-17 20:43:05.638 [restartedMain] INFO  o.a.catalina.core.StandardEngine - Starting Servlet engine: [Apache Tomcat/10.1.48]
2025-11-17 20:43:05.645 [restartedMain] INFO  o.a.c.c.C.[Tomcat].[localhost].[/] - Initializing Spring embedded WebApplicationContext
2025-11-17 20:43:05.645 [restartedMain] INFO  o.s.b.w.s.c.ServletWebServerApplicationContext - Root WebApplicationContext: initialization completed in 179 ms
2025-11-17 20:43:05.672 [restartedMain] INFO  o.h.jpa.internal.util.LogHelper - HHH000204: Processing PersistenceUnitInfo [name: default]
2025-11-17 20:43:05.677 [restartedMain] INFO  o.h.c.i.RegionFactoryInitiator - HHH000026: Second-level cache disabled
2025-11-17 20:43:05.680 [restartedMain] INFO  o.s.o.j.p.SpringPersistenceUnitInfo - No LoadTimeWeaver setup: ignoring JPA class transformer
2025-11-17 20:43:05.681 [restartedMain] INFO  com.zaxxer.hikari.HikariDataSource - HikariPool-2 - Starting...
2025-11-17 20:43:07.567 [restartedMain] INFO  com.zaxxer.hikari.pool.HikariPool - HikariPool-2 - Added connection com.mysql.cj.jdbc.ConnectionImpl@76cddb44
2025-11-17 20:43:07.568 [restartedMain] INFO  com.zaxxer.hikari.HikariDataSource - HikariPool-2 - Start completed.
2025-11-17 20:43:07.757 [restartedMain] WARN  org.hibernate.orm.deprecation - HHH90000025: MySQLDialect does not need to be specified explicitly using 'hibernate.dialect' (remove the property setting and it will be selected by default)
2025-11-17 20:43:07.758 [restartedMain] INFO  o.hibernate.orm.connections.pooling - HHH10001005: Database info:
	Database JDBC URL [Connecting through datasource 'HikariDataSource (HikariPool-2)']
	Database driver: undefined/unknown
	Database version: 9.4
	Autocommit mode: undefined/unknown
	Isolation level: undefined/unknown
	Minimum pool size: undefined/unknown
	Maximum pool size: undefined/unknown
2025-11-17 20:43:07.862 [restartedMain] INFO  o.h.e.t.j.p.i.JtaPlatformInitiator - HHH000489: No JTA platform available (set 'hibernate.transaction.jta.platform' to enable JTA platform integration)
2025-11-17 20:43:11.470 [restartedMain] INFO  o.s.o.j.LocalContainerEntityManagerFactoryBean - Initialized JPA EntityManagerFactory for persistence unit 'default'
2025-11-17 20:43:11.600 [restartedMain] DEBUG o.s.s.c.a.a.c.AuthenticationConfiguration$DefaultPasswordEncoderAuthenticationManagerBuilder - No authenticationProviders and no parentAuthenticationManager defined. Returning null.
2025-11-17 20:43:11.632 [restartedMain] DEBUG o.s.s.web.DefaultSecurityFilterChain - Will secure any request with filters: DisableEncodeUrlFilter, WebAsyncManagerIntegrationFilter, SecurityContextHolderFilter, HeaderWriterFilter, CsrfFilter, LogoutFilter, OAuth2AuthorizationRequestRedirectFilter, OAuth2LoginAuthenticationFilter, UsernamePasswordAuthenticationFilter, DefaultResourcesFilter, DefaultLoginPageGeneratingFilter, DefaultLogoutPageGeneratingFilter, RequestCacheAwareFilter, SecurityContextHolderAwareRequestFilter, AnonymousAuthenticationFilter, ExceptionTranslationFilter, AuthorizationFilter
2025-11-17 20:43:11.660 [restartedMain] INFO  o.s.b.a.h.H2ConsoleAutoConfiguration - H2 console available at '/h2-console'. Database available at 'jdbc:mysql://root:tkLpBtTxRBVsqioSkUDlqnbgmFKxVtiE@crossover.proxy.rlwy.net:27029/railway'
2025-11-17 20:43:11.674 [restartedMain] INFO  o.s.b.d.a.OptionalLiveReloadServer - LiveReload server is running on port 35729
2025-11-17 20:43:11.679 [restartedMain] INFO  o.s.b.w.e.tomcat.TomcatWebServer - Tomcat started on port 8080 (http) with context path '/'
2025-11-17 20:43:11.681 [restartedMain] INFO  com.gamescore.back.BackApplication - Started BackApplication in 6.232 seconds (process running for 113.225)
2025-11-17 20:43:11.682 [restartedMain] INFO  o.s.b.d.a.ConditionEvaluationDeltaLoggingListener - Condition evaluation unchanged
2025-11-17 20:44:00.606 [File Watcher] INFO  o.s.b.d.a.LocalDevToolsAutoConfiguration$RestartingClassPathChangeChangedEventListener - Restarting due to 1 class path change (0 additions, 0 deletions, 1 modification)
2025-11-17 20:44:00.613 [Thread-7] INFO  o.s.b.w.e.tomcat.GracefulShutdown - Commencing graceful shutdown. Waiting for active requests to complete
2025-11-17 20:44:00.616 [tomcat-shutdown] INFO  o.s.b.w.e.tomcat.GracefulShutdown - Graceful shutdown complete
2025-11-17 20:44:00.621 [Thread-7] INFO  o.s.o.j.LocalContainerEntityManagerFactoryBean - Closing JPA EntityManagerFactory for persistence unit 'default'
2025-11-17 20:44:00.624 [Thread-7] INFO  com.zaxxer.hikari.HikariDataSource - HikariPool-2 - Shutdown initiated...
2025-11-17 20:44:00.672 [Thread-7] INFO  com.zaxxer.hikari.HikariDataSource - HikariPool-2 - Shutdown completed.
2025-11-17 20:44:00.746 [restartedMain] INFO  com.gamescore.back.BackApplication - Starting BackApplication using Java 21.0.8 with PID 19283 (/Users/hug0gil/Desktop/DAW/DWESE/Proyectos/GameScore/back/target/classes started by hug0gil in /Users/hug0gil/Desktop/DAW/DWESE/Proyectos/GameScore/back)
2025-11-17 20:44:00.746 [restartedMain] DEBUG com.gamescore.back.BackApplication - Running with Spring Boot v3.5.7, Spring v6.2.12
2025-11-17 20:44:00.746 [restartedMain] INFO  com.gamescore.back.BackApplication - No active profile set, falling back to 1 default profile: "default"
2025-11-17 20:44:00.822 [restartedMain] INFO  o.s.d.r.c.RepositoryConfigurationDelegate - Bootstrapping Spring Data JPA repositories in DEFAULT mode.
2025-11-17 20:44:00.829 [restartedMain] INFO  o.s.d.r.c.RepositoryConfigurationDelegate - Finished Spring Data repository scanning in 7 ms. Found 4 JPA repository interfaces.
2025-11-17 20:44:00.888 [restartedMain] INFO  o.s.b.w.e.tomcat.TomcatWebServer - Tomcat initialized with port 8080 (http)
2025-11-17 20:44:00.888 [restartedMain] INFO  o.a.catalina.core.StandardService - Starting service [Tomcat]
2025-11-17 20:44:00.888 [restartedMain] INFO  o.a.catalina.core.StandardEngine - Starting Servlet engine: [Apache Tomcat/10.1.48]
2025-11-17 20:44:00.894 [restartedMain] INFO  o.a.c.c.C.[Tomcat].[localhost].[/] - Initializing Spring embedded WebApplicationContext
2025-11-17 20:44:00.894 [restartedMain] INFO  o.s.b.w.s.c.ServletWebServerApplicationContext - Root WebApplicationContext: initialization completed in 147 ms
2025-11-17 20:44:00.944 [restartedMain] INFO  o.h.jpa.internal.util.LogHelper - HHH000204: Processing PersistenceUnitInfo [name: default]
2025-11-17 20:44:00.945 [restartedMain] INFO  o.h.c.i.RegionFactoryInitiator - HHH000026: Second-level cache disabled
2025-11-17 20:44:00.949 [restartedMain] INFO  o.s.o.j.p.SpringPersistenceUnitInfo - No LoadTimeWeaver setup: ignoring JPA class transformer
2025-11-17 20:44:00.949 [restartedMain] INFO  com.zaxxer.hikari.HikariDataSource - HikariPool-3 - Starting...
2025-11-17 20:44:02.880 [restartedMain] INFO  com.zaxxer.hikari.pool.HikariPool - HikariPool-3 - Added connection com.mysql.cj.jdbc.ConnectionImpl@2015ecab
2025-11-17 20:44:02.880 [restartedMain] INFO  com.zaxxer.hikari.HikariDataSource - HikariPool-3 - Start completed.
2025-11-17 20:44:03.074 [restartedMain] WARN  org.hibernate.orm.deprecation - HHH90000025: MySQLDialect does not need to be specified explicitly using 'hibernate.dialect' (remove the property setting and it will be selected by default)
2025-11-17 20:44:03.075 [restartedMain] INFO  o.hibernate.orm.connections.pooling - HHH10001005: Database info:
	Database JDBC URL [Connecting through datasource 'HikariDataSource (HikariPool-3)']
	Database driver: undefined/unknown
	Database version: 9.4
	Autocommit mode: undefined/unknown
	Isolation level: undefined/unknown
	Minimum pool size: undefined/unknown
	Maximum pool size: undefined/unknown
2025-11-17 20:44:03.162 [restartedMain] INFO  o.h.e.t.j.p.i.JtaPlatformInitiator - HHH000489: No JTA platform available (set 'hibernate.transaction.jta.platform' to enable JTA platform integration)
2025-11-17 20:44:06.836 [restartedMain] INFO  o.s.o.j.LocalContainerEntityManagerFactoryBean - Initialized JPA EntityManagerFactory for persistence unit 'default'
2025-11-17 20:44:06.956 [restartedMain] DEBUG o.s.s.c.a.a.c.AuthenticationConfiguration$DefaultPasswordEncoderAuthenticationManagerBuilder - No authenticationProviders and no parentAuthenticationManager defined. Returning null.
2025-11-17 20:44:06.963 [restartedMain] DEBUG o.s.s.web.DefaultSecurityFilterChain - Will secure any request with filters: DisableEncodeUrlFilter, WebAsyncManagerIntegrationFilter, SecurityContextHolderFilter, HeaderWriterFilter, CsrfFilter, LogoutFilter, RequestCacheAwareFilter, SecurityContextHolderAwareRequestFilter, AnonymousAuthenticationFilter, ExceptionTranslationFilter, AuthorizationFilter
2025-11-17 20:44:06.986 [restartedMain] INFO  o.s.b.a.h.H2ConsoleAutoConfiguration - H2 console available at '/h2-console'. Database available at 'jdbc:mysql://root:tkLpBtTxRBVsqioSkUDlqnbgmFKxVtiE@crossover.proxy.rlwy.net:27029/railway'
2025-11-17 20:44:06.995 [restartedMain] INFO  o.s.b.d.a.OptionalLiveReloadServer - LiveReload server is running on port 35729
2025-11-17 20:44:06.999 [restartedMain] INFO  o.s.b.w.e.tomcat.TomcatWebServer - Tomcat started on port 8080 (http) with context path '/'
2025-11-17 20:44:07.000 [restartedMain] INFO  com.gamescore.back.BackApplication - Started BackApplication in 6.268 seconds (process running for 168.545)
2025-11-17 20:44:07.001 [SpringApplicationShutdownHook] INFO  o.s.b.w.e.tomcat.GracefulShutdown - Commencing graceful shutdown. Waiting for active requests to complete
2025-11-17 20:44:07.001 [restartedMain] INFO  o.s.b.d.a.ConditionEvaluationDeltaLoggingListener - Condition evaluation unchanged
2025-11-17 20:44:07.002 [tomcat-shutdown] INFO  o.s.b.w.e.tomcat.GracefulShutdown - Graceful shutdown complete
2025-11-17 20:44:07.003 [SpringApplicationShutdownHook] INFO  o.s.o.j.LocalContainerEntityManagerFactoryBean - Closing JPA EntityManagerFactory for persistence unit 'default'
2025-11-17 20:44:07.003 [SpringApplicationShutdownHook] INFO  com.zaxxer.hikari.HikariDataSource - HikariPool-3 - Shutdown initiated...
2025-11-17 20:44:07.691 [SpringApplicationShutdownHook] INFO  com.zaxxer.hikari.HikariDataSource - HikariPool-3 - Shutdown completed.
2025-11-17 20:44:08.752 [restartedMain] INFO  com.gamescore.back.BackApplication - Starting BackApplication using Java 21.0.8 with PID 21725 (/Users/hug0gil/Desktop/DAW/DWESE/Proyectos/GameScore/back/target/classes started by hug0gil in /Users/hug0gil/Desktop/DAW/DWESE/Proyectos/GameScore/back)
2025-11-17 20:44:08.753 [restartedMain] DEBUG com.gamescore.back.BackApplication - Running with Spring Boot v3.5.7, Spring v6.2.12
2025-11-17 20:44:08.753 [restartedMain] INFO  com.gamescore.back.BackApplication - No active profile set, falling back to 1 default profile: "default"
2025-11-17 20:44:08.773 [restartedMain] INFO  o.s.b.d.e.DevToolsPropertyDefaultsPostProcessor - Devtools property defaults active! Set 'spring.devtools.add-properties' to 'false' to disable
2025-11-17 20:44:08.773 [restartedMain] INFO  o.s.b.d.e.DevToolsPropertyDefaultsPostProcessor - For additional web related logging consider setting the 'logging.level.web' property to 'DEBUG'
2025-11-17 20:44:09.111 [restartedMain] INFO  o.s.d.r.c.RepositoryConfigurationDelegate - Bootstrapping Spring Data JPA repositories in DEFAULT mode.
2025-11-17 20:44:09.144 [restartedMain] INFO  o.s.d.r.c.RepositoryConfigurationDelegate - Finished Spring Data repository scanning in 28 ms. Found 4 JPA repository interfaces.
2025-11-17 20:44:09.454 [restartedMain] INFO  o.s.b.w.e.tomcat.TomcatWebServer - Tomcat initialized with port 8080 (http)
2025-11-17 20:44:09.461 [restartedMain] INFO  o.a.catalina.core.StandardService - Starting service [Tomcat]
2025-11-17 20:44:09.462 [restartedMain] INFO  o.a.catalina.core.StandardEngine - Starting Servlet engine: [Apache Tomcat/10.1.48]
2025-11-17 20:44:09.486 [restartedMain] INFO  o.a.c.c.C.[Tomcat].[localhost].[/] - Initializing Spring embedded WebApplicationContext
2025-11-17 20:44:09.487 [restartedMain] INFO  o.s.b.w.s.c.ServletWebServerApplicationContext - Root WebApplicationContext: initialization completed in 713 ms
2025-11-17 20:44:09.608 [restartedMain] INFO  o.h.jpa.internal.util.LogHelper - HHH000204: Processing PersistenceUnitInfo [name: default]
2025-11-17 20:44:09.631 [restartedMain] INFO  org.hibernate.Version - HHH000412: Hibernate ORM core version 6.6.33.Final
2025-11-17 20:44:09.646 [restartedMain] INFO  o.h.c.i.RegionFactoryInitiator - HHH000026: Second-level cache disabled
2025-11-17 20:44:09.760 [restartedMain] INFO  o.s.o.j.p.SpringPersistenceUnitInfo - No LoadTimeWeaver setup: ignoring JPA class transformer
2025-11-17 20:44:09.772 [restartedMain] INFO  com.zaxxer.hikari.HikariDataSource - HikariPool-1 - Starting...
2025-11-17 20:44:11.857 [restartedMain] INFO  com.zaxxer.hikari.pool.HikariPool - HikariPool-1 - Added connection com.mysql.cj.jdbc.ConnectionImpl@11e5bb01
2025-11-17 20:44:11.860 [restartedMain] INFO  com.zaxxer.hikari.HikariDataSource - HikariPool-1 - Start completed.
2025-11-17 20:44:12.288 [restartedMain] WARN  org.hibernate.orm.deprecation - HHH90000025: MySQLDialect does not need to be specified explicitly using 'hibernate.dialect' (remove the property setting and it will be selected by default)
2025-11-17 20:44:12.306 [restartedMain] INFO  o.hibernate.orm.connections.pooling - HHH10001005: Database info:
	Database JDBC URL [Connecting through datasource 'HikariDataSource (HikariPool-1)']
	Database driver: undefined/unknown
	Database version: 9.4
	Autocommit mode: undefined/unknown
	Isolation level: undefined/unknown
	Minimum pool size: undefined/unknown
	Maximum pool size: undefined/unknown
2025-11-17 20:44:12.770 [restartedMain] INFO  o.h.e.t.j.p.i.JtaPlatformInitiator - HHH000489: No JTA platform available (set 'hibernate.transaction.jta.platform' to enable JTA platform integration)
2025-11-17 20:44:16.635 [restartedMain] INFO  o.s.o.j.LocalContainerEntityManagerFactoryBean - Initialized JPA EntityManagerFactory for persistence unit 'default'
2025-11-17 20:44:16.810 [restartedMain] INFO  o.s.d.j.r.query.QueryEnhancerFactory - Hibernate is in classpath; If applicable, HQL parser will be used.
2025-11-17 20:44:17.504 [restartedMain] DEBUG o.s.s.c.a.a.c.AuthenticationConfiguration$DefaultPasswordEncoderAuthenticationManagerBuilder - No authenticationProviders and no parentAuthenticationManager defined. Returning null.
2025-11-17 20:44:17.549 [restartedMain] DEBUG o.s.s.web.DefaultSecurityFilterChain - Will secure any request with filters: DisableEncodeUrlFilter, WebAsyncManagerIntegrationFilter, SecurityContextHolderFilter, HeaderWriterFilter, CsrfFilter, LogoutFilter, RequestCacheAwareFilter, SecurityContextHolderAwareRequestFilter, AnonymousAuthenticationFilter, ExceptionTranslationFilter, AuthorizationFilter
2025-11-17 20:44:17.851 [restartedMain] INFO  o.s.b.a.h.H2ConsoleAutoConfiguration - H2 console available at '/h2-console'. Database available at 'jdbc:mysql://root:tkLpBtTxRBVsqioSkUDlqnbgmFKxVtiE@crossover.proxy.rlwy.net:27029/railway'
2025-11-17 20:44:17.896 [restartedMain] INFO  o.s.b.d.a.OptionalLiveReloadServer - LiveReload server is running on port 35729
2025-11-17 20:44:17.918 [restartedMain] INFO  o.s.b.w.e.tomcat.TomcatWebServer - Tomcat started on port 8080 (http) with context path '/'
2025-11-17 20:44:17.925 [restartedMain] INFO  com.gamescore.back.BackApplication - Started BackApplication in 9.359 seconds (process running for 9.667)
2025-11-17 20:44:17.927 [SpringApplicationShutdownHook] INFO  o.s.b.w.e.tomcat.GracefulShutdown - Commencing graceful shutdown. Waiting for active requests to complete
2025-11-17 20:44:17.930 [tomcat-shutdown] INFO  o.s.b.w.e.tomcat.GracefulShutdown - Graceful shutdown complete
2025-11-17 20:44:17.934 [SpringApplicationShutdownHook] INFO  o.s.o.j.LocalContainerEntityManagerFactoryBean - Closing JPA EntityManagerFactory for persistence unit 'default'
2025-11-17 20:44:17.935 [SpringApplicationShutdownHook] INFO  com.zaxxer.hikari.HikariDataSource - HikariPool-1 - Shutdown initiated...
2025-11-17 20:44:18.275 [SpringApplicationShutdownHook] INFO  com.zaxxer.hikari.HikariDataSource - HikariPool-1 - Shutdown completed.
2025-11-17 20:44:19.371 [restartedMain] INFO  com.gamescore.back.BackApplication - Starting BackApplication using Java 21.0.8 with PID 22174 (/Users/hug0gil/Desktop/DAW/DWESE/Proyectos/GameScore/back/target/classes started by hug0gil in /Users/hug0gil/Desktop/DAW/DWESE/Proyectos/GameScore/back)
2025-11-17 20:44:19.371 [restartedMain] DEBUG com.gamescore.back.BackApplication - Running with Spring Boot v3.5.7, Spring v6.2.12
2025-11-17 20:44:19.372 [restartedMain] INFO  com.gamescore.back.BackApplication - No active profile set, falling back to 1 default profile: "default"
2025-11-17 20:44:19.403 [restartedMain] INFO  o.s.b.d.e.DevToolsPropertyDefaultsPostProcessor - Devtools property defaults active! Set 'spring.devtools.add-properties' to 'false' to disable
2025-11-17 20:44:19.404 [restartedMain] INFO  o.s.b.d.e.DevToolsPropertyDefaultsPostProcessor - For additional web related logging consider setting the 'logging.level.web' property to 'DEBUG'
2025-11-17 20:44:19.773 [restartedMain] INFO  o.s.d.r.c.RepositoryConfigurationDelegate - Bootstrapping Spring Data JPA repositories in DEFAULT mode.
2025-11-17 20:44:19.812 [restartedMain] INFO  o.s.d.r.c.RepositoryConfigurationDelegate - Finished Spring Data repository scanning in 33 ms. Found 4 JPA repository interfaces.
2025-11-17 20:44:20.147 [restartedMain] INFO  o.s.b.w.e.tomcat.TomcatWebServer - Tomcat initialized with port 8080 (http)
2025-11-17 20:44:20.156 [restartedMain] INFO  o.a.catalina.core.StandardService - Starting service [Tomcat]
2025-11-17 20:44:20.157 [restartedMain] INFO  o.a.catalina.core.StandardEngine - Starting Servlet engine: [Apache Tomcat/10.1.48]
2025-11-17 20:44:20.179 [restartedMain] INFO  o.a.c.c.C.[Tomcat].[localhost].[/] - Initializing Spring embedded WebApplicationContext
2025-11-17 20:44:20.179 [restartedMain] INFO  o.s.b.w.s.c.ServletWebServerApplicationContext - Root WebApplicationContext: initialization completed in 775 ms
2025-11-17 20:44:20.304 [restartedMain] INFO  o.h.jpa.internal.util.LogHelper - HHH000204: Processing PersistenceUnitInfo [name: default]
2025-11-17 20:44:20.334 [restartedMain] INFO  org.hibernate.Version - HHH000412: Hibernate ORM core version 6.6.33.Final
2025-11-17 20:44:20.350 [restartedMain] INFO  o.h.c.i.RegionFactoryInitiator - HHH000026: Second-level cache disabled
2025-11-17 20:44:20.472 [restartedMain] INFO  o.s.o.j.p.SpringPersistenceUnitInfo - No LoadTimeWeaver setup: ignoring JPA class transformer
2025-11-17 20:44:20.487 [restartedMain] INFO  com.zaxxer.hikari.HikariDataSource - HikariPool-1 - Starting...
2025-11-17 20:44:22.664 [restartedMain] INFO  com.zaxxer.hikari.pool.HikariPool - HikariPool-1 - Added connection com.mysql.cj.jdbc.ConnectionImpl@22b266a3
2025-11-17 20:44:22.668 [restartedMain] INFO  com.zaxxer.hikari.HikariDataSource - HikariPool-1 - Start completed.
2025-11-17 20:44:23.123 [restartedMain] WARN  org.hibernate.orm.deprecation - HHH90000025: MySQLDialect does not need to be specified explicitly using 'hibernate.dialect' (remove the property setting and it will be selected by default)
2025-11-17 20:44:23.141 [restartedMain] INFO  o.hibernate.orm.connections.pooling - HHH10001005: Database info:
	Database JDBC URL [Connecting through datasource 'HikariDataSource (HikariPool-1)']
	Database driver: undefined/unknown
	Database version: 9.4
	Autocommit mode: undefined/unknown
	Isolation level: undefined/unknown
	Minimum pool size: undefined/unknown
	Maximum pool size: undefined/unknown
2025-11-17 20:44:23.581 [restartedMain] INFO  o.h.e.t.j.p.i.JtaPlatformInitiator - HHH000489: No JTA platform available (set 'hibernate.transaction.jta.platform' to enable JTA platform integration)
2025-11-17 20:44:27.585 [restartedMain] INFO  o.s.o.j.LocalContainerEntityManagerFactoryBean - Initialized JPA EntityManagerFactory for persistence unit 'default'
2025-11-17 20:44:27.744 [restartedMain] INFO  o.s.d.j.r.query.QueryEnhancerFactory - Hibernate is in classpath; If applicable, HQL parser will be used.
2025-11-17 20:44:28.487 [restartedMain] DEBUG o.s.s.c.a.a.c.AuthenticationConfiguration$DefaultPasswordEncoderAuthenticationManagerBuilder - No authenticationProviders and no parentAuthenticationManager defined. Returning null.
2025-11-17 20:44:28.525 [restartedMain] DEBUG o.s.s.web.DefaultSecurityFilterChain - Will secure any request with filters: DisableEncodeUrlFilter, WebAsyncManagerIntegrationFilter, SecurityContextHolderFilter, HeaderWriterFilter, CsrfFilter, LogoutFilter, RequestCacheAwareFilter, SecurityContextHolderAwareRequestFilter, AnonymousAuthenticationFilter, ExceptionTranslationFilter, AuthorizationFilter
2025-11-17 20:44:28.823 [restartedMain] INFO  o.s.b.a.h.H2ConsoleAutoConfiguration - H2 console available at '/h2-console'. Database available at 'jdbc:mysql://root:tkLpBtTxRBVsqioSkUDlqnbgmFKxVtiE@crossover.proxy.rlwy.net:27029/railway'
2025-11-17 20:44:28.867 [restartedMain] INFO  o.s.b.d.a.OptionalLiveReloadServer - LiveReload server is running on port 35729
2025-11-17 20:44:28.888 [restartedMain] INFO  o.s.b.w.e.tomcat.TomcatWebServer - Tomcat started on port 8080 (http) with context path '/'
2025-11-17 20:44:28.894 [restartedMain] INFO  com.gamescore.back.BackApplication - Started BackApplication in 9.724 seconds (process running for 10.037)
2025-11-17 20:44:33.158 [http-nio-8080-exec-1] INFO  o.a.c.c.C.[Tomcat].[localhost].[/] - Initializing Spring DispatcherServlet 'dispatcherServlet'
2025-11-17 20:44:33.159 [http-nio-8080-exec-1] INFO  o.s.web.servlet.DispatcherServlet - Initializing Servlet 'dispatcherServlet'
2025-11-17 20:44:33.161 [http-nio-8080-exec-1] INFO  o.s.web.servlet.DispatcherServlet - Completed initialization in 2 ms
2025-11-17 20:44:33.172 [http-nio-8080-exec-1] DEBUG o.s.security.web.FilterChainProxy - Securing GET /
2025-11-17 20:44:33.177 [http-nio-8080-exec-1] DEBUG o.s.security.web.FilterChainProxy - Secured GET /
2025-11-17 20:44:33.184 [http-nio-8080-exec-1] DEBUG o.s.s.w.a.AnonymousAuthenticationFilter - Set SecurityContextHolder to anonymous SecurityContext
2025-11-17 20:44:33.188 [http-nio-8080-exec-1] DEBUG o.s.security.web.FilterChainProxy - Securing GET /error
2025-11-17 20:44:33.188 [http-nio-8080-exec-1] DEBUG o.s.security.web.FilterChainProxy - Secured GET /error
2025-11-17 20:44:33.207 [http-nio-8080-exec-1] DEBUG o.s.s.w.a.AnonymousAuthenticationFilter - Set SecurityContextHolder to anonymous SecurityContext
2025-11-17 20:44:34.209 [http-nio-8080-exec-2] DEBUG o.s.security.web.FilterChainProxy - Securing GET /
2025-11-17 20:44:34.210 [http-nio-8080-exec-2] DEBUG o.s.security.web.FilterChainProxy - Secured GET /
2025-11-17 20:44:34.211 [http-nio-8080-exec-2] DEBUG o.s.s.w.a.AnonymousAuthenticationFilter - Set SecurityContextHolder to anonymous SecurityContext
2025-11-17 20:44:34.212 [http-nio-8080-exec-2] DEBUG o.s.security.web.FilterChainProxy - Securing GET /error
2025-11-17 20:44:34.213 [http-nio-8080-exec-2] DEBUG o.s.security.web.FilterChainProxy - Secured GET /error
2025-11-17 20:44:34.222 [http-nio-8080-exec-2] DEBUG o.s.s.w.a.AnonymousAuthenticationFilter - Set SecurityContextHolder to anonymous SecurityContext
2025-11-17 20:44:36.535 [http-nio-8080-exec-3] DEBUG o.s.security.web.FilterChainProxy - Securing GET /games
2025-11-17 20:44:36.536 [http-nio-8080-exec-3] DEBUG o.s.security.web.FilterChainProxy - Secured GET /games
2025-11-17 20:44:37.195 [http-nio-8080-exec-3] DEBUG org.hibernate.SQL - 
    select
        g1_0.id,
        g1_0.background_url,
        g1_0.created_at,
        g1_0.description,
        g1_0.metacritic,
        g1_0.name,
        g1_0.rating,
        g1_0.rawg_id,
        g1_0.release_date,
        g1_0.slug,
        g1_0.updated_at,
        g1_0.website,
        g1_0.youtube_url 
    from
        game g1_0
2025-11-17 20:44:38.254 [http-nio-8080-exec-3] ERROR org.thymeleaf.TemplateEngine - [THYMELEAF][http-nio-8080-exec-3] Exception processing template "games/list": Error resolving template [games/list], template might not exist or might not be accessible by any of the configured Template Resolvers
org.thymeleaf.exceptions.TemplateInputException: Error resolving template [games/list], template might not exist or might not be accessible by any of the configured Template Resolvers
	at org.thymeleaf.engine.TemplateManager.resolveTemplate(TemplateManager.java:869)
	at org.thymeleaf.engine.TemplateManager.parseAndProcess(TemplateManager.java:607)
	at org.thymeleaf.TemplateEngine.process(TemplateEngine.java:1103)
	at org.thymeleaf.TemplateEngine.process(TemplateEngine.java:1077)
	at org.thymeleaf.spring6.view.ThymeleafView.renderFragment(ThymeleafView.java:372)
	at org.thymeleaf.spring6.view.ThymeleafView.render(ThymeleafView.java:192)
	at org.springframework.web.servlet.DispatcherServlet.render(DispatcherServlet.java:1438)
	at org.springframework.web.servlet.DispatcherServlet.processDispatchResult(DispatcherServlet.java:1168)
	at org.springframework.web.servlet.DispatcherServlet.doDispatch(DispatcherServlet.java:1106)
	at org.springframework.web.servlet.DispatcherServlet.doService(DispatcherServlet.java:979)
	at org.springframework.web.servlet.FrameworkServlet.processRequest(FrameworkServlet.java:1014)
	at org.springframework.web.servlet.FrameworkServlet.doGet(FrameworkServlet.java:903)
	at jakarta.servlet.http.HttpServlet.service(HttpServlet.java:564)
	at org.springframework.web.servlet.FrameworkServlet.service(FrameworkServlet.java:885)
	at jakarta.servlet.http.HttpServlet.service(HttpServlet.java:658)
	at org.apache.catalina.core.ApplicationFilterChain.internalDoFilter(ApplicationFilterChain.java:193)
	at org.apache.catalina.core.ApplicationFilterChain.doFilter(ApplicationFilterChain.java:138)
	at org.apache.tomcat.websocket.server.WsFilter.doFilter(WsFilter.java:51)
	at org.apache.catalina.core.ApplicationFilterChain.internalDoFilter(ApplicationFilterChain.java:162)
	at org.apache.catalina.core.ApplicationFilterChain.doFilter(ApplicationFilterChain.java:138)
	at org.springframework.web.filter.CompositeFilter$VirtualFilterChain.doFilter(CompositeFilter.java:108)
	at org.springframework.web.filter.CompositeFilter$VirtualFilterChain.doFilter(CompositeFilter.java:108)
	at org.springframework.security.web.FilterChainProxy.lambda$doFilterInternal$3(FilterChainProxy.java:231)
	at org.springframework.security.web.FilterChainProxy$VirtualFilterChain.doFilter(FilterChainProxy.java:365)
	at org.springframework.security.web.access.intercept.AuthorizationFilter.doFilter(AuthorizationFilter.java:101)
	at org.springframework.security.web.FilterChainProxy$VirtualFilterChain.doFilter(FilterChainProxy.java:374)
	at org.springframework.security.web.access.ExceptionTranslationFilter.doFilter(ExceptionTranslationFilter.java:125)
	at org.springframework.security.web.access.ExceptionTranslationFilter.doFilter(ExceptionTranslationFilter.java:119)
	at org.springframework.security.web.FilterChainProxy$VirtualFilterChain.doFilter(FilterChainProxy.java:374)
	at org.springframework.security.web.authentication.AnonymousAuthenticationFilter.doFilter(AnonymousAuthenticationFilter.java:100)
	at org.springframework.security.web.FilterChainProxy$VirtualFilterChain.doFilter(FilterChainProxy.java:374)
	at org.springframework.security.web.servletapi.SecurityContextHolderAwareRequestFilter.doFilter(SecurityContextHolderAwareRequestFilter.java:179)
	at org.springframework.security.web.FilterChainProxy$VirtualFilterChain.doFilter(FilterChainProxy.java:374)
	at org.springframework.security.web.savedrequest.RequestCacheAwareFilter.doFilter(RequestCacheAwareFilter.java:63)
	at org.springframework.security.web.FilterChainProxy$VirtualFilterChain.doFilter(FilterChainProxy.java:374)
	at org.springframework.security.web.authentication.logout.LogoutFilter.doFilter(LogoutFilter.java:107)
	at org.springframework.security.web.authentication.logout.LogoutFilter.doFilter(LogoutFilter.java:93)
	at org.springframework.security.web.FilterChainProxy$VirtualFilterChain.doFilter(FilterChainProxy.java:374)
	at org.springframework.security.web.csrf.CsrfFilter.doFilterInternal(CsrfFilter.java:117)
	at org.springframework.web.filter.OncePerRequestFilter.doFilter(OncePerRequestFilter.java:116)
	at org.springframework.security.web.FilterChainProxy$VirtualFilterChain.doFilter(FilterChainProxy.java:374)
	at org.springframework.security.web.header.HeaderWriterFilter.doHeadersAfter(HeaderWriterFilter.java:90)
	at org.springframework.security.web.header.HeaderWriterFilter.doFilterInternal(HeaderWriterFilter.java:75)
	at org.springframework.web.filter.OncePerRequestFilter.doFilter(OncePerRequestFilter.java:116)
	at org.springframework.security.web.FilterChainProxy$VirtualFilterChain.doFilter(FilterChainProxy.java:374)
	at org.springframework.security.web.context.SecurityContextHolderFilter.doFilter(SecurityContextHolderFilter.java:82)
	at org.springframework.security.web.context.SecurityContextHolderFilter.doFilter(SecurityContextHolderFilter.java:69)
	at org.springframework.security.web.FilterChainProxy$VirtualFilterChain.doFilter(FilterChainProxy.java:374)
	at org.springframework.security.web.context.request.async.WebAsyncManagerIntegrationFilter.doFilterInternal(WebAsyncManagerIntegrationFilter.java:62)
	at org.springframework.web.filter.OncePerRequestFilter.doFilter(OncePerRequestFilter.java:116)
	at org.springframework.security.web.FilterChainProxy$VirtualFilterChain.doFilter(FilterChainProxy.java:374)
	at org.springframework.security.web.session.DisableEncodeUrlFilter.doFilterInternal(DisableEncodeUrlFilter.java:42)
	at org.springframework.web.filter.OncePerRequestFilter.doFilter(OncePerRequestFilter.java:116)
	at org.springframework.security.web.FilterChainProxy$VirtualFilterChain.doFilter(FilterChainProxy.java:374)
	at org.springframework.security.web.FilterChainProxy.doFilterInternal(FilterChainProxy.java:233)
	at org.springframework.security.web.FilterChainProxy.doFilter(FilterChainProxy.java:191)
	at org.springframework.web.filter.CompositeFilter$VirtualFilterChain.doFilter(CompositeFilter.java:113)
	at org.springframework.web.filter.ServletRequestPathFilter.doFilter(ServletRequestPathFilter.java:52)
	at org.springframework.web.filter.CompositeFilter$VirtualFilterChain.doFilter(CompositeFilter.java:113)
	at org.springframework.web.filter.CompositeFilter.doFilter(CompositeFilter.java:74)
	at org.springframework.security.config.annotation.web.configuration.WebSecurityConfiguration$CompositeFilterChainProxy.doFilter(WebSecurityConfiguration.java:319)
	at org.springframework.web.filter.CompositeFilter$VirtualFilterChain.doFilter(CompositeFilter.java:113)
	at org.springframework.web.servlet.handler.HandlerMappingIntrospector.lambda$createCacheFilter$4(HandlerMappingIntrospector.java:267)
	at org.springframework.web.filter.CompositeFilter$VirtualFilterChain.doFilter(CompositeFilter.java:113)
	at org.springframework.web.filter.CompositeFilter.doFilter(CompositeFilter.java:74)
	at org.springframework.security.config.annotation.web.configuration.WebMvcSecurityConfiguration$CompositeFilterChainProxy.doFilter(WebMvcSecurityConfiguration.java:240)
	at org.springframework.web.filter.DelegatingFilterProxy.invokeDelegate(DelegatingFilterProxy.java:362)
	at org.springframework.web.filter.DelegatingFilterProxy.doFilter(DelegatingFilterProxy.java:278)
	at org.apache.catalina.core.ApplicationFilterChain.internalDoFilter(ApplicationFilterChain.java:162)
	at org.apache.catalina.core.ApplicationFilterChain.doFilter(ApplicationFilterChain.java:138)
	at org.springframework.web.filter.RequestContextFilter.doFilterInternal(RequestContextFilter.java:100)
	at org.springframework.web.filter.OncePerRequestFilter.doFilter(OncePerRequestFilter.java:116)
	at org.apache.catalina.core.ApplicationFilterChain.internalDoFilter(ApplicationFilterChain.java:162)
	at org.apache.catalina.core.ApplicationFilterChain.doFilter(ApplicationFilterChain.java:138)
	at org.springframework.web.filter.FormContentFilter.doFilterInternal(FormContentFilter.java:93)
	at org.springframework.web.filter.OncePerRequestFilter.doFilter(OncePerRequestFilter.java:116)
	at org.apache.catalina.core.ApplicationFilterChain.internalDoFilter(ApplicationFilterChain.java:162)
	at org.apache.catalina.core.ApplicationFilterChain.doFilter(ApplicationFilterChain.java:138)
	at org.springframework.web.filter.CharacterEncodingFilter.doFilterInternal(CharacterEncodingFilter.java:201)
	at org.springframework.web.filter.OncePerRequestFilter.doFilter(OncePerRequestFilter.java:116)
	at org.apache.catalina.core.ApplicationFilterChain.internalDoFilter(ApplicationFilterChain.java:162)
	at org.apache.catalina.core.ApplicationFilterChain.doFilter(ApplicationFilterChain.java:138)
	at org.apache.catalina.core.StandardWrapperValve.invoke(StandardWrapperValve.java:165)
	at org.apache.catalina.core.StandardContextValve.invoke(StandardContextValve.java:88)
	at org.apache.catalina.authenticator.AuthenticatorBase.invoke(AuthenticatorBase.java:482)
	at org.apache.catalina.core.StandardHostValve.invoke(StandardHostValve.java:113)
	at org.apache.catalina.valves.ErrorReportValve.invoke(ErrorReportValve.java:83)
	at org.apache.catalina.core.StandardEngineValve.invoke(StandardEngineValve.java:72)
	at org.apache.catalina.connector.CoyoteAdapter.service(CoyoteAdapter.java:342)
	at org.apache.coyote.http11.Http11Processor.service(Http11Processor.java:399)
	at org.apache.coyote.AbstractProcessorLight.process(AbstractProcessorLight.java:63)
	at org.apache.coyote.AbstractProtocol$ConnectionHandler.process(AbstractProtocol.java:903)
	at org.apache.tomcat.util.net.NioEndpoint$SocketProcessor.doRun(NioEndpoint.java:1774)
	at org.apache.tomcat.util.net.SocketProcessorBase.run(SocketProcessorBase.java:52)
	at org.apache.tomcat.util.threads.ThreadPoolExecutor.runWorker(ThreadPoolExecutor.java:973)
	at org.apache.tomcat.util.threads.ThreadPoolExecutor$Worker.run(ThreadPoolExecutor.java:491)
	at org.apache.tomcat.util.threads.TaskThread$WrappingRunnable.run(TaskThread.java:63)
	at java.base/java.lang.Thread.run(Unknown Source)
2025-11-17 20:44:38.257 [http-nio-8080-exec-3] DEBUG o.s.s.w.a.AnonymousAuthenticationFilter - Set SecurityContextHolder to anonymous SecurityContext
2025-11-17 20:44:38.258 [http-nio-8080-exec-3] ERROR o.a.c.c.C.[.[.[.[dispatcherServlet] - Servlet.service() for servlet [dispatcherServlet] in context with path [] threw exception [Request processing failed: org.thymeleaf.exceptions.TemplateInputException: Error resolving template [games/list], template might not exist or might not be accessible by any of the configured Template Resolvers] with root cause
org.thymeleaf.exceptions.TemplateInputException: Error resolving template [games/list], template might not exist or might not be accessible by any of the configured Template Resolvers
	at org.thymeleaf.engine.TemplateManager.resolveTemplate(TemplateManager.java:869)
	at org.thymeleaf.engine.TemplateManager.parseAndProcess(TemplateManager.java:607)
	at org.thymeleaf.TemplateEngine.process(TemplateEngine.java:1103)
	at org.thymeleaf.TemplateEngine.process(TemplateEngine.java:1077)
	at org.thymeleaf.spring6.view.ThymeleafView.renderFragment(ThymeleafView.java:372)
	at org.thymeleaf.spring6.view.ThymeleafView.render(ThymeleafView.java:192)
	at org.springframework.web.servlet.DispatcherServlet.render(DispatcherServlet.java:1438)
	at org.springframework.web.servlet.DispatcherServlet.processDispatchResult(DispatcherServlet.java:1168)
	at org.springframework.web.servlet.DispatcherServlet.doDispatch(DispatcherServlet.java:1106)
	at org.springframework.web.servlet.DispatcherServlet.doService(DispatcherServlet.java:979)
	at org.springframework.web.servlet.FrameworkServlet.processRequest(FrameworkServlet.java:1014)
	at org.springframework.web.servlet.FrameworkServlet.doGet(FrameworkServlet.java:903)
	at jakarta.servlet.http.HttpServlet.service(HttpServlet.java:564)
	at org.springframework.web.servlet.FrameworkServlet.service(FrameworkServlet.java:885)
	at jakarta.servlet.http.HttpServlet.service(HttpServlet.java:658)
	at org.apache.catalina.core.ApplicationFilterChain.internalDoFilter(ApplicationFilterChain.java:193)
	at org.apache.catalina.core.ApplicationFilterChain.doFilter(ApplicationFilterChain.java:138)
	at org.apache.tomcat.websocket.server.WsFilter.doFilter(WsFilter.java:51)
	at org.apache.catalina.core.ApplicationFilterChain.internalDoFilter(ApplicationFilterChain.java:162)
	at org.apache.catalina.core.ApplicationFilterChain.doFilter(ApplicationFilterChain.java:138)
	at org.springframework.web.filter.CompositeFilter$VirtualFilterChain.doFilter(CompositeFilter.java:108)
	at org.springframework.web.filter.CompositeFilter$VirtualFilterChain.doFilter(CompositeFilter.java:108)
	at org.springframework.security.web.FilterChainProxy.lambda$doFilterInternal$3(FilterChainProxy.java:231)
	at org.springframework.security.web.FilterChainProxy$VirtualFilterChain.doFilter(FilterChainProxy.java:365)
	at org.springframework.security.web.access.intercept.AuthorizationFilter.doFilter(AuthorizationFilter.java:101)
	at org.springframework.security.web.FilterChainProxy$VirtualFilterChain.doFilter(FilterChainProxy.java:374)
	at org.springframework.security.web.access.ExceptionTranslationFilter.doFilter(ExceptionTranslationFilter.java:125)
	at org.springframework.security.web.access.ExceptionTranslationFilter.doFilter(ExceptionTranslationFilter.java:119)
	at org.springframework.security.web.FilterChainProxy$VirtualFilterChain.doFilter(FilterChainProxy.java:374)
	at org.springframework.security.web.authentication.AnonymousAuthenticationFilter.doFilter(AnonymousAuthenticationFilter.java:100)
	at org.springframework.security.web.FilterChainProxy$VirtualFilterChain.doFilter(FilterChainProxy.java:374)
	at org.springframework.security.web.servletapi.SecurityContextHolderAwareRequestFilter.doFilter(SecurityContextHolderAwareRequestFilter.java:179)
	at org.springframework.security.web.FilterChainProxy$VirtualFilterChain.doFilter(FilterChainProxy.java:374)
	at org.springframework.security.web.savedrequest.RequestCacheAwareFilter.doFilter(RequestCacheAwareFilter.java:63)
	at org.springframework.security.web.FilterChainProxy$VirtualFilterChain.doFilter(FilterChainProxy.java:374)
	at org.springframework.security.web.authentication.logout.LogoutFilter.doFilter(LogoutFilter.java:107)
	at org.springframework.security.web.authentication.logout.LogoutFilter.doFilter(LogoutFilter.java:93)
	at org.springframework.security.web.FilterChainProxy$VirtualFilterChain.doFilter(FilterChainProxy.java:374)
	at org.springframework.security.web.csrf.CsrfFilter.doFilterInternal(CsrfFilter.java:117)
	at org.springframework.web.filter.OncePerRequestFilter.doFilter(OncePerRequestFilter.java:116)
	at org.springframework.security.web.FilterChainProxy$VirtualFilterChain.doFilter(FilterChainProxy.java:374)
	at org.springframework.security.web.header.HeaderWriterFilter.doHeadersAfter(HeaderWriterFilter.java:90)
	at org.springframework.security.web.header.HeaderWriterFilter.doFilterInternal(HeaderWriterFilter.java:75)
	at org.springframework.web.filter.OncePerRequestFilter.doFilter(OncePerRequestFilter.java:116)
	at org.springframework.security.web.FilterChainProxy$VirtualFilterChain.doFilter(FilterChainProxy.java:374)
	at org.springframework.security.web.context.SecurityContextHolderFilter.doFilter(SecurityContextHolderFilter.java:82)
	at org.springframework.security.web.context.SecurityContextHolderFilter.doFilter(SecurityContextHolderFilter.java:69)
	at org.springframework.security.web.FilterChainProxy$VirtualFilterChain.doFilter(FilterChainProxy.java:374)
	at org.springframework.security.web.context.request.async.WebAsyncManagerIntegrationFilter.doFilterInternal(WebAsyncManagerIntegrationFilter.java:62)
	at org.springframework.web.filter.OncePerRequestFilter.doFilter(OncePerRequestFilter.java:116)
	at org.springframework.security.web.FilterChainProxy$VirtualFilterChain.doFilter(FilterChainProxy.java:374)
	at org.springframework.security.web.session.DisableEncodeUrlFilter.doFilterInternal(DisableEncodeUrlFilter.java:42)
	at org.springframework.web.filter.OncePerRequestFilter.doFilter(OncePerRequestFilter.java:116)
	at org.springframework.security.web.FilterChainProxy$VirtualFilterChain.doFilter(FilterChainProxy.java:374)
	at org.springframework.security.web.FilterChainProxy.doFilterInternal(FilterChainProxy.java:233)
	at org.springframework.security.web.FilterChainProxy.doFilter(FilterChainProxy.java:191)
	at org.springframework.web.filter.CompositeFilter$VirtualFilterChain.doFilter(CompositeFilter.java:113)
	at org.springframework.web.filter.ServletRequestPathFilter.doFilter(ServletRequestPathFilter.java:52)
	at org.springframework.web.filter.CompositeFilter$VirtualFilterChain.doFilter(CompositeFilter.java:113)
	at org.springframework.web.filter.CompositeFilter.doFilter(CompositeFilter.java:74)
	at org.springframework.security.config.annotation.web.configuration.WebSecurityConfiguration$CompositeFilterChainProxy.doFilter(WebSecurityConfiguration.java:319)
	at org.springframework.web.filter.CompositeFilter$VirtualFilterChain.doFilter(CompositeFilter.java:113)
	at org.springframework.web.servlet.handler.HandlerMappingIntrospector.lambda$createCacheFilter$4(HandlerMappingIntrospector.java:267)
	at org.springframework.web.filter.CompositeFilter$VirtualFilterChain.doFilter(CompositeFilter.java:113)
	at org.springframework.web.filter.CompositeFilter.doFilter(CompositeFilter.java:74)
	at org.springframework.security.config.annotation.web.configuration.WebMvcSecurityConfiguration$CompositeFilterChainProxy.doFilter(WebMvcSecurityConfiguration.java:240)
	at org.springframework.web.filter.DelegatingFilterProxy.invokeDelegate(DelegatingFilterProxy.java:362)
	at org.springframework.web.filter.DelegatingFilterProxy.doFilter(DelegatingFilterProxy.java:278)
	at org.apache.catalina.core.ApplicationFilterChain.internalDoFilter(ApplicationFilterChain.java:162)
	at org.apache.catalina.core.ApplicationFilterChain.doFilter(ApplicationFilterChain.java:138)
	at org.springframework.web.filter.RequestContextFilter.doFilterInternal(RequestContextFilter.java:100)
	at org.springframework.web.filter.OncePerRequestFilter.doFilter(OncePerRequestFilter.java:116)
	at org.apache.catalina.core.ApplicationFilterChain.internalDoFilter(ApplicationFilterChain.java:162)
	at org.apache.catalina.core.ApplicationFilterChain.doFilter(ApplicationFilterChain.java:138)
	at org.springframework.web.filter.FormContentFilter.doFilterInternal(FormContentFilter.java:93)
	at org.springframework.web.filter.OncePerRequestFilter.doFilter(OncePerRequestFilter.java:116)
	at org.apache.catalina.core.ApplicationFilterChain.internalDoFilter(ApplicationFilterChain.java:162)
	at org.apache.catalina.core.ApplicationFilterChain.doFilter(ApplicationFilterChain.java:138)
	at org.springframework.web.filter.CharacterEncodingFilter.doFilterInternal(CharacterEncodingFilter.java:201)
	at org.springframework.web.filter.OncePerRequestFilter.doFilter(OncePerRequestFilter.java:116)
	at org.apache.catalina.core.ApplicationFilterChain.internalDoFilter(ApplicationFilterChain.java:162)
	at org.apache.catalina.core.ApplicationFilterChain.doFilter(ApplicationFilterChain.java:138)
	at org.apache.catalina.core.StandardWrapperValve.invoke(StandardWrapperValve.java:165)
	at org.apache.catalina.core.StandardContextValve.invoke(StandardContextValve.java:88)
	at org.apache.catalina.authenticator.AuthenticatorBase.invoke(AuthenticatorBase.java:482)
	at org.apache.catalina.core.StandardHostValve.invoke(StandardHostValve.java:113)
	at org.apache.catalina.valves.ErrorReportValve.invoke(ErrorReportValve.java:83)
	at org.apache.catalina.core.StandardEngineValve.invoke(StandardEngineValve.java:72)
	at org.apache.catalina.connector.CoyoteAdapter.service(CoyoteAdapter.java:342)
	at org.apache.coyote.http11.Http11Processor.service(Http11Processor.java:399)
	at org.apache.coyote.AbstractProcessorLight.process(AbstractProcessorLight.java:63)
	at org.apache.coyote.AbstractProtocol$ConnectionHandler.process(AbstractProtocol.java:903)
	at org.apache.tomcat.util.net.NioEndpoint$SocketProcessor.doRun(NioEndpoint.java:1774)
	at org.apache.tomcat.util.net.SocketProcessorBase.run(SocketProcessorBase.java:52)
	at org.apache.tomcat.util.threads.ThreadPoolExecutor.runWorker(ThreadPoolExecutor.java:973)
	at org.apache.tomcat.util.threads.ThreadPoolExecutor$Worker.run(ThreadPoolExecutor.java:491)
	at org.apache.tomcat.util.threads.TaskThread$WrappingRunnable.run(TaskThread.java:63)
	at java.base/java.lang.Thread.run(Unknown Source)
2025-11-17 20:44:38.259 [http-nio-8080-exec-3] DEBUG o.s.security.web.FilterChainProxy - Securing GET /error
2025-11-17 20:44:38.259 [http-nio-8080-exec-3] DEBUG o.s.security.web.FilterChainProxy - Secured GET /error
2025-11-17 20:44:38.262 [http-nio-8080-exec-3] DEBUG o.s.s.w.a.AnonymousAuthenticationFilter - Set SecurityContextHolder to anonymous SecurityContext
2025-11-17 20:47:13.845 [restartedMain] INFO  com.gamescore.back.BackApplication - Starting BackApplication using Java 21.0.8 with PID 22174 (/Users/hug0gil/Desktop/DAW/DWESE/Proyectos/GameScore/back/target/classes started by hug0gil in /Users/hug0gil/Desktop/DAW/DWESE/Proyectos/GameScore/back)
2025-11-17 20:47:13.845 [restartedMain] DEBUG com.gamescore.back.BackApplication - Running with Spring Boot v3.5.7, Spring v6.2.12
2025-11-17 20:47:13.846 [restartedMain] INFO  com.gamescore.back.BackApplication - No active profile set, falling back to 1 default profile: "default"
2025-11-17 20:47:13.953 [restartedMain] INFO  o.s.d.r.c.RepositoryConfigurationDelegate - Bootstrapping Spring Data JPA repositories in DEFAULT mode.
2025-11-17 20:47:13.961 [restartedMain] INFO  o.s.d.r.c.RepositoryConfigurationDelegate - Finished Spring Data repository scanning in 7 ms. Found 4 JPA repository interfaces.
2025-11-17 20:47:14.033 [restartedMain] INFO  o.s.b.w.e.tomcat.TomcatWebServer - Tomcat initialized with port 8080 (http)
2025-11-17 20:47:14.034 [restartedMain] INFO  o.a.catalina.core.StandardService - Starting service [Tomcat]
2025-11-17 20:47:14.034 [restartedMain] INFO  o.a.catalina.core.StandardEngine - Starting Servlet engine: [Apache Tomcat/10.1.48]
2025-11-17 20:47:14.041 [restartedMain] INFO  o.a.c.c.C.[Tomcat].[localhost].[/] - Initializing Spring embedded WebApplicationContext
2025-11-17 20:47:14.041 [restartedMain] INFO  o.s.b.w.s.c.ServletWebServerApplicationContext - Root WebApplicationContext: initialization completed in 194 ms
2025-11-17 20:47:14.064 [restartedMain] INFO  o.h.jpa.internal.util.LogHelper - HHH000204: Processing PersistenceUnitInfo [name: default]
2025-11-17 20:47:14.065 [restartedMain] INFO  o.h.c.i.RegionFactoryInitiator - HHH000026: Second-level cache disabled
2025-11-17 20:47:14.069 [restartedMain] INFO  o.s.o.j.p.SpringPersistenceUnitInfo - No LoadTimeWeaver setup: ignoring JPA class transformer
2025-11-17 20:47:14.070 [restartedMain] INFO  com.zaxxer.hikari.HikariDataSource - HikariPool-2 - Starting...
2025-11-17 20:47:17.215 [restartedMain] INFO  com.zaxxer.hikari.pool.HikariPool - HikariPool-2 - Added connection com.mysql.cj.jdbc.ConnectionImpl@38430c7f
2025-11-17 20:47:17.217 [restartedMain] INFO  com.zaxxer.hikari.HikariDataSource - HikariPool-2 - Start completed.
2025-11-17 20:47:17.476 [restartedMain] WARN  org.hibernate.orm.deprecation - HHH90000025: MySQLDialect does not need to be specified explicitly using 'hibernate.dialect' (remove the property setting and it will be selected by default)
2025-11-17 20:47:17.478 [restartedMain] INFO  o.hibernate.orm.connections.pooling - HHH10001005: Database info:
	Database JDBC URL [Connecting through datasource 'HikariDataSource (HikariPool-2)']
	Database driver: undefined/unknown
	Database version: 9.4
	Autocommit mode: undefined/unknown
	Isolation level: undefined/unknown
	Minimum pool size: undefined/unknown
	Maximum pool size: undefined/unknown
2025-11-17 20:47:17.588 [restartedMain] INFO  o.h.e.t.j.p.i.JtaPlatformInitiator - HHH000489: No JTA platform available (set 'hibernate.transaction.jta.platform' to enable JTA platform integration)
2025-11-17 20:47:23.019 [restartedMain] INFO  o.s.o.j.LocalContainerEntityManagerFactoryBean - Initialized JPA EntityManagerFactory for persistence unit 'default'
2025-11-17 20:47:23.151 [restartedMain] INFO  o.s.b.a.w.s.WelcomePageHandlerMapping - Adding welcome page template: index
2025-11-17 20:47:23.195 [restartedMain] DEBUG o.s.s.c.a.a.c.AuthenticationConfiguration$DefaultPasswordEncoderAuthenticationManagerBuilder - No authenticationProviders and no parentAuthenticationManager defined. Returning null.
2025-11-17 20:47:23.197 [restartedMain] WARN  o.s.b.w.s.c.AnnotationConfigServletWebServerApplicationContext - Exception encountered during context initialization - cancelling refresh attempt: org.springframework.beans.factory.UnsatisfiedDependencyException: Error creating bean with name 'org.springframework.security.config.annotation.web.configuration.WebSecurityConfiguration': Unsatisfied dependency expressed through method 'setFilterChains' parameter 0: Error creating bean with name 'filterChain' defined in class path resource [com/gamescore/back/config/SecurityConfig.class]: Failed to instantiate [org.springframework.security.web.SecurityFilterChain]: Factory method 'filterChain' threw exception with message: Unresolved compilation problems: 
	Syntax error on tokens, delete these tokens
	Syntax error on tokens, QualifiedSuperReceiver expected instead
	Syntax error on tokens, delete these tokens

2025-11-17 20:47:23.198 [restartedMain] INFO  o.s.o.j.LocalContainerEntityManagerFactoryBean - Closing JPA EntityManagerFactory for persistence unit 'default'
2025-11-17 20:47:23.198 [restartedMain] INFO  com.zaxxer.hikari.HikariDataSource - HikariPool-2 - Shutdown initiated...
2025-11-17 20:47:24.207 [restartedMain] INFO  com.zaxxer.hikari.HikariDataSource - HikariPool-2 - Shutdown completed.
2025-11-17 20:47:24.210 [restartedMain] INFO  o.a.catalina.core.StandardService - Stopping service [Tomcat]
2025-11-17 20:47:24.222 [restartedMain] INFO  o.s.b.a.l.ConditionEvaluationReportLogger - 

Error starting ApplicationContext. To display the condition evaluation report re-run your application with 'debug' enabled.
2025-11-17 20:47:24.241 [restartedMain] ERROR o.s.boot.SpringApplication - Application run failed
org.springframework.beans.factory.UnsatisfiedDependencyException: Error creating bean with name 'org.springframework.security.config.annotation.web.configuration.WebSecurityConfiguration': Unsatisfied dependency expressed through method 'setFilterChains' parameter 0: Error creating bean with name 'filterChain' defined in class path resource [com/gamescore/back/config/SecurityConfig.class]: Failed to instantiate [org.springframework.security.web.SecurityFilterChain]: Factory method 'filterChain' threw exception with message: Unresolved compilation problems: 
	Syntax error on tokens, delete these tokens
	Syntax error on tokens, QualifiedSuperReceiver expected instead
	Syntax error on tokens, delete these tokens

	at org.springframework.beans.factory.annotation.AutowiredAnnotationBeanPostProcessor$AutowiredMethodElement.resolveMethodArguments(AutowiredAnnotationBeanPostProcessor.java:896) ~[spring-beans-6.2.12.jar:6.2.12]
	at org.springframework.beans.factory.annotation.AutowiredAnnotationBeanPostProcessor$AutowiredMethodElement.inject(AutowiredAnnotationBeanPostProcessor.java:849) ~[spring-beans-6.2.12.jar:6.2.12]
	at org.springframework.beans.factory.annotation.InjectionMetadata.inject(InjectionMetadata.java:146) ~[spring-beans-6.2.12.jar:6.2.12]
	at org.springframework.beans.factory.annotation.AutowiredAnnotationBeanPostProcessor.postProcessProperties(AutowiredAnnotationBeanPostProcessor.java:509) ~[spring-beans-6.2.12.jar:6.2.12]
	at org.springframework.beans.factory.support.AbstractAutowireCapableBeanFactory.populateBean(AbstractAutowireCapableBeanFactory.java:1459) ~[spring-beans-6.2.12.jar:6.2.12]
	at org.springframework.beans.factory.support.AbstractAutowireCapableBeanFactory.doCreateBean(AbstractAutowireCapableBeanFactory.java:606) ~[spring-beans-6.2.12.jar:6.2.12]
	at org.springframework.beans.factory.support.AbstractAutowireCapableBeanFactory.createBean(AbstractAutowireCapableBeanFactory.java:529) ~[spring-beans-6.2.12.jar:6.2.12]
	at org.springframework.beans.factory.support.AbstractBeanFactory.lambda$doGetBean$0(AbstractBeanFactory.java:339) ~[spring-beans-6.2.12.jar:6.2.12]
	at org.springframework.beans.factory.support.DefaultSingletonBeanRegistry.getSingleton(DefaultSingletonBeanRegistry.java:373) ~[spring-beans-6.2.12.jar:6.2.12]
	at org.springframework.beans.factory.support.AbstractBeanFactory.doGetBean(AbstractBeanFactory.java:337) ~[spring-beans-6.2.12.jar:6.2.12]
	at org.springframework.beans.factory.support.AbstractBeanFactory.getBean(AbstractBeanFactory.java:202) ~[spring-beans-6.2.12.jar:6.2.12]
	at org.springframework.beans.factory.support.DefaultListableBeanFactory.instantiateSingleton(DefaultListableBeanFactory.java:1228) ~[spring-beans-6.2.12.jar:6.2.12]
	at org.springframework.beans.factory.support.DefaultListableBeanFactory.preInstantiateSingleton(DefaultListableBeanFactory.java:1194) ~[spring-beans-6.2.12.jar:6.2.12]
	at org.springframework.beans.factory.support.DefaultListableBeanFactory.preInstantiateSingletons(DefaultListableBeanFactory.java:1130) ~[spring-beans-6.2.12.jar:6.2.12]
	at org.springframework.context.support.AbstractApplicationContext.finishBeanFactoryInitialization(AbstractApplicationContext.java:990) ~[spring-context-6.2.12.jar:6.2.12]
	at org.springframework.context.support.AbstractApplicationContext.refresh(AbstractApplicationContext.java:627) ~[spring-context-6.2.12.jar:6.2.12]
	at org.springframework.boot.web.servlet.context.ServletWebServerApplicationContext.refresh(ServletWebServerApplicationContext.java:146) ~[spring-boot-3.5.7.jar:3.5.7]
	at org.springframework.boot.SpringApplication.refresh(SpringApplication.java:752) ~[spring-boot-3.5.7.jar:3.5.7]
	at org.springframework.boot.SpringApplication.refreshContext(SpringApplication.java:439) ~[spring-boot-3.5.7.jar:3.5.7]
	at org.springframework.boot.SpringApplication.run(SpringApplication.java:318) ~[spring-boot-3.5.7.jar:3.5.7]
	at org.springframework.boot.SpringApplication.run(SpringApplication.java:1361) ~[spring-boot-3.5.7.jar:3.5.7]
	at org.springframework.boot.SpringApplication.run(SpringApplication.java:1350) ~[spring-boot-3.5.7.jar:3.5.7]
	at com.gamescore.back.BackApplication.main(BackApplication.java:10) ~[classes/:na]
	at java.base/jdk.internal.reflect.DirectMethodHandleAccessor.invoke(Unknown Source) ~[na:na]
	at java.base/java.lang.reflect.Method.invoke(Unknown Source) ~[na:na]
	at org.springframework.boot.devtools.restart.RestartLauncher.run(RestartLauncher.java:50) ~[spring-boot-devtools-3.5.7.jar:3.5.7]
Caused by: org.springframework.beans.factory.BeanCreationException: Error creating bean with name 'filterChain' defined in class path resource [com/gamescore/back/config/SecurityConfig.class]: Failed to instantiate [org.springframework.security.web.SecurityFilterChain]: Factory method 'filterChain' threw exception with message: Unresolved compilation problems: 
	Syntax error on tokens, delete these tokens
	Syntax error on tokens, QualifiedSuperReceiver expected instead
	Syntax error on tokens, delete these tokens

	at org.springframework.beans.factory.support.ConstructorResolver.instantiate(ConstructorResolver.java:657) ~[spring-beans-6.2.12.jar:6.2.12]
	at org.springframework.beans.factory.support.ConstructorResolver.instantiateUsingFactoryMethod(ConstructorResolver.java:645) ~[spring-beans-6.2.12.jar:6.2.12]
	at org.springframework.beans.factory.support.AbstractAutowireCapableBeanFactory.instantiateUsingFactoryMethod(AbstractAutowireCapableBeanFactory.java:1375) ~[spring-beans-6.2.12.jar:6.2.12]
	at org.springframework.beans.factory.support.AbstractAutowireCapableBeanFactory.createBeanInstance(AbstractAutowireCapableBeanFactory.java:1205) ~[spring-beans-6.2.12.jar:6.2.12]
	at org.springframework.beans.factory.support.AbstractAutowireCapableBeanFactory.doCreateBean(AbstractAutowireCapableBeanFactory.java:569) ~[spring-beans-6.2.12.jar:6.2.12]
	at org.springframework.beans.factory.support.AbstractAutowireCapableBeanFactory.createBean(AbstractAutowireCapableBeanFactory.java:529) ~[spring-beans-6.2.12.jar:6.2.12]
	at org.springframework.beans.factory.support.AbstractBeanFactory.lambda$doGetBean$0(AbstractBeanFactory.java:339) ~[spring-beans-6.2.12.jar:6.2.12]
	at org.springframework.beans.factory.support.DefaultSingletonBeanRegistry.getSingleton(DefaultSingletonBeanRegistry.java:373) ~[spring-beans-6.2.12.jar:6.2.12]
	at org.springframework.beans.factory.support.AbstractBeanFactory.doGetBean(AbstractBeanFactory.java:337) ~[spring-beans-6.2.12.jar:6.2.12]
	at org.springframework.beans.factory.support.AbstractBeanFactory.getBean(AbstractBeanFactory.java:202) ~[spring-beans-6.2.12.jar:6.2.12]
	at org.springframework.beans.factory.config.DependencyDescriptor.resolveCandidate(DependencyDescriptor.java:254) ~[spring-beans-6.2.12.jar:6.2.12]
	at org.springframework.beans.factory.support.DefaultListableBeanFactory.addCandidateEntry(DefaultListableBeanFactory.java:2021) ~[spring-beans-6.2.12.jar:6.2.12]
	at org.springframework.beans.factory.support.DefaultListableBeanFactory.findAutowireCandidates(DefaultListableBeanFactory.java:1985) ~[spring-beans-6.2.12.jar:6.2.12]
	at org.springframework.beans.factory.support.DefaultListableBeanFactory.resolveMultipleBeanCollection(DefaultListableBeanFactory.java:1875) ~[spring-beans-6.2.12.jar:6.2.12]
	at org.springframework.beans.factory.support.DefaultListableBeanFactory.resolveMultipleBeans(DefaultListableBeanFactory.java:1843) ~[spring-beans-6.2.12.jar:6.2.12]
	at org.springframework.beans.factory.support.DefaultListableBeanFactory.doResolveDependency(DefaultListableBeanFactory.java:1719) ~[spring-beans-6.2.12.jar:6.2.12]
	at org.springframework.beans.factory.support.DefaultListableBeanFactory.resolveDependency(DefaultListableBeanFactory.java:1653) ~[spring-beans-6.2.12.jar:6.2.12]
	at org.springframework.beans.factory.annotation.AutowiredAnnotationBeanPostProcessor$AutowiredMethodElement.resolveMethodArguments(AutowiredAnnotationBeanPostProcessor.java:888) ~[spring-beans-6.2.12.jar:6.2.12]
	... 25 common frames omitted
Caused by: org.springframework.beans.BeanInstantiationException: Failed to instantiate [org.springframework.security.web.SecurityFilterChain]: Factory method 'filterChain' threw exception with message: Unresolved compilation problems: 
	Syntax error on tokens, delete these tokens
	Syntax error on tokens, QualifiedSuperReceiver expected instead
	Syntax error on tokens, delete these tokens

	at org.springframework.beans.factory.support.SimpleInstantiationStrategy.lambda$instantiate$0(SimpleInstantiationStrategy.java:200) ~[spring-beans-6.2.12.jar:6.2.12]
	at org.springframework.beans.factory.support.SimpleInstantiationStrategy.instantiateWithFactoryMethod(SimpleInstantiationStrategy.java:89) ~[spring-beans-6.2.12.jar:6.2.12]
	at org.springframework.beans.factory.support.SimpleInstantiationStrategy.instantiate(SimpleInstantiationStrategy.java:169) ~[spring-beans-6.2.12.jar:6.2.12]
	at org.springframework.beans.factory.support.ConstructorResolver.instantiate(ConstructorResolver.java:653) ~[spring-beans-6.2.12.jar:6.2.12]
	... 42 common frames omitted
Caused by: java.lang.Error: Unresolved compilation problems: 
	Syntax error on tokens, delete these tokens
	Syntax error on tokens, QualifiedSuperReceiver expected instead
	Syntax error on tokens, delete these tokens

	at com.gamescore.back.config.SecurityConfig.filterChain(SecurityConfig.java:28) ~[classes/:na]
	at com.gamescore.back.config.SecurityConfig$$SpringCGLIB$$0.CGLIB$filterChain$0(<generated>) ~[classes/:na]
	at com.gamescore.back.config.SecurityConfig$$SpringCGLIB$$FastClass$$1.invoke(<generated>) ~[classes/:na]
	at org.springframework.cglib.proxy.MethodProxy.invokeSuper(MethodProxy.java:258) ~[spring-core-6.2.12.jar:6.2.12]
	at org.springframework.context.annotation.ConfigurationClassEnhancer$BeanMethodInterceptor.intercept(ConfigurationClassEnhancer.java:400) ~[spring-context-6.2.12.jar:6.2.12]
	at com.gamescore.back.config.SecurityConfig$$SpringCGLIB$$0.filterChain(<generated>) ~[classes/:na]
	at java.base/jdk.internal.reflect.DirectMethodHandleAccessor.invoke(Unknown Source) ~[na:na]
	at java.base/java.lang.reflect.Method.invoke(Unknown Source) ~[na:na]
	at org.springframework.beans.factory.support.SimpleInstantiationStrategy.lambda$instantiate$0(SimpleInstantiationStrategy.java:172) ~[spring-beans-6.2.12.jar:6.2.12]
	... 45 common frames omitted
2025-11-17 21:50:38.125 [restartedMain] INFO  com.gamescore.back.BackApplication - Starting BackApplication using Java 21.0.8 with PID 31690 (/Users/hug0gil/Desktop/DAW/DWESE/Proyectos/GameScore/back/target/classes started by hug0gil in /Users/hug0gil/Desktop/DAW/DWESE/Proyectos/GameScore/back)
2025-11-17 21:50:38.126 [restartedMain] DEBUG com.gamescore.back.BackApplication - Running with Spring Boot v3.5.7, Spring v6.2.12
2025-11-17 21:50:38.126 [restartedMain] INFO  com.gamescore.back.BackApplication - No active profile set, falling back to 1 default profile: "default"
2025-11-17 21:50:38.148 [restartedMain] INFO  o.s.b.d.e.DevToolsPropertyDefaultsPostProcessor - Devtools property defaults active! Set 'spring.devtools.add-properties' to 'false' to disable
2025-11-17 21:50:38.149 [restartedMain] INFO  o.s.b.d.e.DevToolsPropertyDefaultsPostProcessor - For additional web related logging consider setting the 'logging.level.web' property to 'DEBUG'
2025-11-17 21:50:38.533 [restartedMain] INFO  o.s.d.r.c.RepositoryConfigurationDelegate - Bootstrapping Spring Data JPA repositories in DEFAULT mode.
2025-11-17 21:50:38.569 [restartedMain] INFO  o.s.d.r.c.RepositoryConfigurationDelegate - Finished Spring Data repository scanning in 28 ms. Found 4 JPA repository interfaces.
2025-11-17 21:50:38.923 [restartedMain] INFO  o.s.b.w.e.tomcat.TomcatWebServer - Tomcat initialized with port 8080 (http)
2025-11-17 21:50:38.938 [restartedMain] INFO  o.a.catalina.core.StandardService - Starting service [Tomcat]
2025-11-17 21:50:38.938 [restartedMain] INFO  o.a.catalina.core.StandardEngine - Starting Servlet engine: [Apache Tomcat/10.1.48]
2025-11-17 21:50:38.959 [restartedMain] INFO  o.a.c.c.C.[Tomcat].[localhost].[/] - Initializing Spring embedded WebApplicationContext
2025-11-17 21:50:38.959 [restartedMain] INFO  o.s.b.w.s.c.ServletWebServerApplicationContext - Root WebApplicationContext: initialization completed in 810 ms
2025-11-17 21:50:39.090 [restartedMain] INFO  o.h.jpa.internal.util.LogHelper - HHH000204: Processing PersistenceUnitInfo [name: default]
2025-11-17 21:50:39.121 [restartedMain] INFO  org.hibernate.Version - HHH000412: Hibernate ORM core version 6.6.33.Final
2025-11-17 21:50:39.140 [restartedMain] INFO  o.h.c.i.RegionFactoryInitiator - HHH000026: Second-level cache disabled
2025-11-17 21:50:39.271 [restartedMain] INFO  o.s.o.j.p.SpringPersistenceUnitInfo - No LoadTimeWeaver setup: ignoring JPA class transformer
2025-11-17 21:50:39.285 [restartedMain] INFO  com.zaxxer.hikari.HikariDataSource - HikariPool-1 - Starting...
2025-11-17 21:50:41.469 [restartedMain] INFO  com.zaxxer.hikari.pool.HikariPool - HikariPool-1 - Added connection com.mysql.cj.jdbc.ConnectionImpl@3f9e57bc
2025-11-17 21:50:41.473 [restartedMain] INFO  com.zaxxer.hikari.HikariDataSource - HikariPool-1 - Start completed.
2025-11-17 21:50:41.924 [restartedMain] WARN  org.hibernate.orm.deprecation - HHH90000025: MySQLDialect does not need to be specified explicitly using 'hibernate.dialect' (remove the property setting and it will be selected by default)
2025-11-17 21:50:41.942 [restartedMain] INFO  o.hibernate.orm.connections.pooling - HHH10001005: Database info:
	Database JDBC URL [Connecting through datasource 'HikariDataSource (HikariPool-1)']
	Database driver: undefined/unknown
	Database version: 9.4
	Autocommit mode: undefined/unknown
	Isolation level: undefined/unknown
	Minimum pool size: undefined/unknown
	Maximum pool size: undefined/unknown
2025-11-17 21:50:42.454 [restartedMain] INFO  o.h.e.t.j.p.i.JtaPlatformInitiator - HHH000489: No JTA platform available (set 'hibernate.transaction.jta.platform' to enable JTA platform integration)
2025-11-17 21:50:46.609 [restartedMain] INFO  o.s.o.j.LocalContainerEntityManagerFactoryBean - Initialized JPA EntityManagerFactory for persistence unit 'default'
2025-11-17 21:50:46.778 [restartedMain] INFO  o.s.d.j.r.query.QueryEnhancerFactory - Hibernate is in classpath; If applicable, HQL parser will be used.
2025-11-17 21:50:47.483 [restartedMain] INFO  o.s.b.a.w.s.WelcomePageHandlerMapping - Adding welcome page template: index
2025-11-17 21:50:47.609 [restartedMain] DEBUG o.s.s.c.a.a.c.AuthenticationConfiguration$DefaultPasswordEncoderAuthenticationManagerBuilder - No authenticationProviders and no parentAuthenticationManager defined. Returning null.
2025-11-17 21:50:47.655 [restartedMain] DEBUG o.s.s.web.DefaultSecurityFilterChain - Will secure any request with filters: DisableEncodeUrlFilter, WebAsyncManagerIntegrationFilter, SecurityContextHolderFilter, HeaderWriterFilter, CsrfFilter, LogoutFilter, RequestCacheAwareFilter, SecurityContextHolderAwareRequestFilter, AnonymousAuthenticationFilter, ExceptionTranslationFilter, AuthorizationFilter
2025-11-17 21:50:47.963 [restartedMain] INFO  o.s.b.a.h.H2ConsoleAutoConfiguration - H2 console available at '/h2-console'. Database available at 'jdbc:mysql://root:tkLpBtTxRBVsqioSkUDlqnbgmFKxVtiE@crossover.proxy.rlwy.net:27029/railway'
2025-11-17 21:50:48.001 [restartedMain] INFO  o.s.b.d.a.OptionalLiveReloadServer - LiveReload server is running on port 35729
2025-11-17 21:50:48.020 [restartedMain] INFO  o.s.b.w.e.tomcat.TomcatWebServer - Tomcat started on port 8080 (http) with context path '/'
2025-11-17 21:50:48.027 [restartedMain] INFO  com.gamescore.back.BackApplication - Started BackApplication in 10.112 seconds (process running for 10.456)
2025-11-17 21:50:49.193 [http-nio-8080-exec-1] INFO  o.a.c.c.C.[Tomcat].[localhost].[/] - Initializing Spring DispatcherServlet 'dispatcherServlet'
2025-11-17 21:50:49.193 [http-nio-8080-exec-1] INFO  o.s.web.servlet.DispatcherServlet - Initializing Servlet 'dispatcherServlet'
2025-11-17 21:50:49.194 [http-nio-8080-exec-1] INFO  o.s.web.servlet.DispatcherServlet - Completed initialization in 1 ms
2025-11-17 21:50:49.204 [http-nio-8080-exec-1] DEBUG o.s.security.web.FilterChainProxy - Securing GET /
2025-11-17 21:50:49.208 [http-nio-8080-exec-1] DEBUG o.s.security.web.FilterChainProxy - Secured GET /
2025-11-17 21:50:49.300 [http-nio-8080-exec-1] WARN  o.t.s.p.AbstractStandardFragmentInsertionTagProcessor - [THYMELEAF][http-nio-8080-exec-1][index] Deprecated unwrapped fragment expression "layout :: head('Inicio')" found in template index, line 3, col 7. Please use the complete syntax of fragment expressions instead ("~{layout :: head('Inicio')}"). The old, unwrapped syntax for fragment expressions will be removed in future versions of Thymeleaf.
2025-11-17 21:50:49.359 [http-nio-8080-exec-1] WARN  o.t.s.p.AbstractStandardFragmentInsertionTagProcessor - [THYMELEAF][http-nio-8080-exec-1][index] Deprecated unwrapped fragment expression "layout :: scripts" found in template index, line 20, col 6. Please use the complete syntax of fragment expressions instead ("~{layout :: scripts}"). The old, unwrapped syntax for fragment expressions will be removed in future versions of Thymeleaf.
2025-11-17 21:50:49.362 [http-nio-8080-exec-1] DEBUG o.s.s.w.a.AnonymousAuthenticationFilter - Set SecurityContextHolder to anonymous SecurityContext
2025-11-17 21:50:49.392 [http-nio-8080-exec-2] DEBUG o.s.security.web.FilterChainProxy - Securing GET /css/custom-styles.css
2025-11-17 21:50:49.392 [http-nio-8080-exec-2] DEBUG o.s.security.web.FilterChainProxy - Secured GET /css/custom-styles.css
2025-11-17 21:50:49.399 [http-nio-8080-exec-2] DEBUG o.s.s.w.a.AnonymousAuthenticationFilter - Set SecurityContextHolder to anonymous SecurityContext
2025-11-17 21:50:49.438 [http-nio-8080-exec-3] DEBUG o.s.security.web.FilterChainProxy - Securing GET /images/logo-horizontal.jpg
2025-11-17 21:50:49.439 [http-nio-8080-exec-3] DEBUG o.s.security.web.FilterChainProxy - Secured GET /images/logo-horizontal.jpg
2025-11-17 21:50:49.442 [http-nio-8080-exec-3] DEBUG o.s.s.w.a.AnonymousAuthenticationFilter - Set SecurityContextHolder to anonymous SecurityContext
2025-11-17 21:50:50.606 [http-nio-8080-exec-4] DEBUG o.s.security.web.FilterChainProxy - Securing GET /juegos
2025-11-17 21:50:50.607 [http-nio-8080-exec-4] DEBUG o.s.security.web.FilterChainProxy - Secured GET /juegos
2025-11-17 21:50:51.258 [http-nio-8080-exec-4] DEBUG org.hibernate.SQL - 
    select
        g1_0.id,
        g1_0.background_url,
        g1_0.created_at,
        g1_0.description,
        g1_0.metacritic,
        g1_0.name,
        g1_0.rating,
        g1_0.rawg_id,
        g1_0.release_date,
        g1_0.slug,
        g1_0.updated_at,
        g1_0.website,
        g1_0.youtube_url 
    from
        game g1_0
2025-11-17 21:50:52.629 [http-nio-8080-exec-4] DEBUG org.hibernate.SQL - 
    select
        g1_0.id,
        g1_0.background_url,
        g1_0.created_at,
        g1_0.description,
        g1_0.metacritic,
        g1_0.name,
        g1_0.rating,
        g1_0.rawg_id,
        g1_0.release_date,
        g1_0.slug,
        g1_0.updated_at,
        g1_0.website,
        g1_0.youtube_url 
    from
        game g1_0 
    order by
        g1_0.rating desc 
    limit
        ?, ?
2025-11-17 21:50:52.836 [http-nio-8080-exec-4] DEBUG org.hibernate.SQL - 
    select
        count(g1_0.id) 
    from
        game g1_0
2025-11-17 21:50:53.614 [http-nio-8080-exec-4] WARN  o.t.s.p.AbstractStandardFragmentInsertionTagProcessor - [THYMELEAF][http-nio-8080-exec-4][games] Deprecated unwrapped fragment expression "layout :: head('Juegos')" found in template games, line 3, col 7. Please use the complete syntax of fragment expressions instead ("~{layout :: head('Juegos')}"). The old, unwrapped syntax for fragment expressions will be removed in future versions of Thymeleaf.
2025-11-17 21:50:53.618 [http-nio-8080-exec-4] WARN  o.t.s.p.AbstractStandardFragmentInsertionTagProcessor - [THYMELEAF][http-nio-8080-exec-4][games] Deprecated unwrapped fragment expression "layout :: header" found in template games, line 7, col 6. Please use the complete syntax of fragment expressions instead ("~{layout :: header}"). The old, unwrapped syntax for fragment expressions will be removed in future versions of Thymeleaf.
2025-11-17 21:50:53.634 [http-nio-8080-exec-4] ERROR org.thymeleaf.TemplateEngine - [THYMELEAF][http-nio-8080-exec-4] Exception processing template "games": An error happened during template parsing (template: "class path resource [templates/games.html]")
org.thymeleaf.exceptions.TemplateInputException: An error happened during template parsing (template: "class path resource [templates/games.html]")
	at org.thymeleaf.templateparser.markup.AbstractMarkupTemplateParser.parse(AbstractMarkupTemplateParser.java:241)
	at org.thymeleaf.templateparser.markup.AbstractMarkupTemplateParser.parseStandalone(AbstractMarkupTemplateParser.java:100)
	at org.thymeleaf.engine.TemplateManager.parseAndProcess(TemplateManager.java:666)
	at org.thymeleaf.TemplateEngine.process(TemplateEngine.java:1103)
	at org.thymeleaf.TemplateEngine.process(TemplateEngine.java:1077)
	at org.thymeleaf.spring6.view.ThymeleafView.renderFragment(ThymeleafView.java:372)
	at org.thymeleaf.spring6.view.ThymeleafView.render(ThymeleafView.java:192)
	at org.springframework.web.servlet.DispatcherServlet.render(DispatcherServlet.java:1438)
	at org.springframework.web.servlet.DispatcherServlet.processDispatchResult(DispatcherServlet.java:1168)
	at org.springframework.web.servlet.DispatcherServlet.doDispatch(DispatcherServlet.java:1106)
	at org.springframework.web.servlet.DispatcherServlet.doService(DispatcherServlet.java:979)
	at org.springframework.web.servlet.FrameworkServlet.processRequest(FrameworkServlet.java:1014)
	at org.springframework.web.servlet.FrameworkServlet.doGet(FrameworkServlet.java:903)
	at jakarta.servlet.http.HttpServlet.service(HttpServlet.java:564)
	at org.springframework.web.servlet.FrameworkServlet.service(FrameworkServlet.java:885)
	at jakarta.servlet.http.HttpServlet.service(HttpServlet.java:658)
	at org.apache.catalina.core.ApplicationFilterChain.internalDoFilter(ApplicationFilterChain.java:193)
	at org.apache.catalina.core.ApplicationFilterChain.doFilter(ApplicationFilterChain.java:138)
	at org.apache.tomcat.websocket.server.WsFilter.doFilter(WsFilter.java:51)
	at org.apache.catalina.core.ApplicationFilterChain.internalDoFilter(ApplicationFilterChain.java:162)
	at org.apache.catalina.core.ApplicationFilterChain.doFilter(ApplicationFilterChain.java:138)
	at org.springframework.web.filter.CompositeFilter$VirtualFilterChain.doFilter(CompositeFilter.java:108)
	at org.springframework.web.filter.CompositeFilter$VirtualFilterChain.doFilter(CompositeFilter.java:108)
	at org.springframework.security.web.FilterChainProxy.lambda$doFilterInternal$3(FilterChainProxy.java:231)
	at org.springframework.security.web.FilterChainProxy$VirtualFilterChain.doFilter(FilterChainProxy.java:365)
	at org.springframework.security.web.access.intercept.AuthorizationFilter.doFilter(AuthorizationFilter.java:101)
	at org.springframework.security.web.FilterChainProxy$VirtualFilterChain.doFilter(FilterChainProxy.java:374)
	at org.springframework.security.web.access.ExceptionTranslationFilter.doFilter(ExceptionTranslationFilter.java:125)
	at org.springframework.security.web.access.ExceptionTranslationFilter.doFilter(ExceptionTranslationFilter.java:119)
	at org.springframework.security.web.FilterChainProxy$VirtualFilterChain.doFilter(FilterChainProxy.java:374)
	at org.springframework.security.web.authentication.AnonymousAuthenticationFilter.doFilter(AnonymousAuthenticationFilter.java:100)
	at org.springframework.security.web.FilterChainProxy$VirtualFilterChain.doFilter(FilterChainProxy.java:374)
	at org.springframework.security.web.servletapi.SecurityContextHolderAwareRequestFilter.doFilter(SecurityContextHolderAwareRequestFilter.java:179)
	at org.springframework.security.web.FilterChainProxy$VirtualFilterChain.doFilter(FilterChainProxy.java:374)
	at org.springframework.security.web.savedrequest.RequestCacheAwareFilter.doFilter(RequestCacheAwareFilter.java:63)
	at org.springframework.security.web.FilterChainProxy$VirtualFilterChain.doFilter(FilterChainProxy.java:374)
	at org.springframework.security.web.authentication.logout.LogoutFilter.doFilter(LogoutFilter.java:107)
	at org.springframework.security.web.authentication.logout.LogoutFilter.doFilter(LogoutFilter.java:93)
	at org.springframework.security.web.FilterChainProxy$VirtualFilterChain.doFilter(FilterChainProxy.java:374)
	at org.springframework.security.web.csrf.CsrfFilter.doFilterInternal(CsrfFilter.java:117)
	at org.springframework.web.filter.OncePerRequestFilter.doFilter(OncePerRequestFilter.java:116)
	at org.springframework.security.web.FilterChainProxy$VirtualFilterChain.doFilter(FilterChainProxy.java:374)
	at org.springframework.security.web.header.HeaderWriterFilter.doHeadersAfter(HeaderWriterFilter.java:90)
	at org.springframework.security.web.header.HeaderWriterFilter.doFilterInternal(HeaderWriterFilter.java:75)
	at org.springframework.web.filter.OncePerRequestFilter.doFilter(OncePerRequestFilter.java:116)
	at org.springframework.security.web.FilterChainProxy$VirtualFilterChain.doFilter(FilterChainProxy.java:374)
	at org.springframework.security.web.context.SecurityContextHolderFilter.doFilter(SecurityContextHolderFilter.java:82)
	at org.springframework.security.web.context.SecurityContextHolderFilter.doFilter(SecurityContextHolderFilter.java:69)
	at org.springframework.security.web.FilterChainProxy$VirtualFilterChain.doFilter(FilterChainProxy.java:374)
	at org.springframework.security.web.context.request.async.WebAsyncManagerIntegrationFilter.doFilterInternal(WebAsyncManagerIntegrationFilter.java:62)
	at org.springframework.web.filter.OncePerRequestFilter.doFilter(OncePerRequestFilter.java:116)
	at org.springframework.security.web.FilterChainProxy$VirtualFilterChain.doFilter(FilterChainProxy.java:374)
	at org.springframework.security.web.session.DisableEncodeUrlFilter.doFilterInternal(DisableEncodeUrlFilter.java:42)
	at org.springframework.web.filter.OncePerRequestFilter.doFilter(OncePerRequestFilter.java:116)
	at org.springframework.security.web.FilterChainProxy$VirtualFilterChain.doFilter(FilterChainProxy.java:374)
	at org.springframework.security.web.FilterChainProxy.doFilterInternal(FilterChainProxy.java:233)
	at org.springframework.security.web.FilterChainProxy.doFilter(FilterChainProxy.java:191)
	at org.springframework.web.filter.CompositeFilter$VirtualFilterChain.doFilter(CompositeFilter.java:113)
	at org.springframework.web.filter.ServletRequestPathFilter.doFilter(ServletRequestPathFilter.java:52)
	at org.springframework.web.filter.CompositeFilter$VirtualFilterChain.doFilter(CompositeFilter.java:113)
	at org.springframework.web.filter.CompositeFilter.doFilter(CompositeFilter.java:74)
	at org.springframework.security.config.annotation.web.configuration.WebSecurityConfiguration$CompositeFilterChainProxy.doFilter(WebSecurityConfiguration.java:319)
	at org.springframework.web.filter.CompositeFilter$VirtualFilterChain.doFilter(CompositeFilter.java:113)
	at org.springframework.web.servlet.handler.HandlerMappingIntrospector.lambda$createCacheFilter$4(HandlerMappingIntrospector.java:267)
	at org.springframework.web.filter.CompositeFilter$VirtualFilterChain.doFilter(CompositeFilter.java:113)
	at org.springframework.web.filter.CompositeFilter.doFilter(CompositeFilter.java:74)
	at org.springframework.security.config.annotation.web.configuration.WebMvcSecurityConfiguration$CompositeFilterChainProxy.doFilter(WebMvcSecurityConfiguration.java:240)
	at org.springframework.web.filter.DelegatingFilterProxy.invokeDelegate(DelegatingFilterProxy.java:362)
	at org.springframework.web.filter.DelegatingFilterProxy.doFilter(DelegatingFilterProxy.java:278)
	at org.apache.catalina.core.ApplicationFilterChain.internalDoFilter(ApplicationFilterChain.java:162)
	at org.apache.catalina.core.ApplicationFilterChain.doFilter(ApplicationFilterChain.java:138)
	at org.springframework.web.filter.RequestContextFilter.doFilterInternal(RequestContextFilter.java:100)
	at org.springframework.web.filter.OncePerRequestFilter.doFilter(OncePerRequestFilter.java:116)
	at org.apache.catalina.core.ApplicationFilterChain.internalDoFilter(ApplicationFilterChain.java:162)
	at org.apache.catalina.core.ApplicationFilterChain.doFilter(ApplicationFilterChain.java:138)
	at org.springframework.web.filter.FormContentFilter.doFilterInternal(FormContentFilter.java:93)
	at org.springframework.web.filter.OncePerRequestFilter.doFilter(OncePerRequestFilter.java:116)
	at org.apache.catalina.core.ApplicationFilterChain.internalDoFilter(ApplicationFilterChain.java:162)
	at org.apache.catalina.core.ApplicationFilterChain.doFilter(ApplicationFilterChain.java:138)
	at org.springframework.web.filter.CharacterEncodingFilter.doFilterInternal(CharacterEncodingFilter.java:201)
	at org.springframework.web.filter.OncePerRequestFilter.doFilter(OncePerRequestFilter.java:116)
	at org.apache.catalina.core.ApplicationFilterChain.internalDoFilter(ApplicationFilterChain.java:162)
	at org.apache.catalina.core.ApplicationFilterChain.doFilter(ApplicationFilterChain.java:138)
	at org.apache.catalina.core.StandardWrapperValve.invoke(StandardWrapperValve.java:165)
	at org.apache.catalina.core.StandardContextValve.invoke(StandardContextValve.java:88)
	at org.apache.catalina.authenticator.AuthenticatorBase.invoke(AuthenticatorBase.java:482)
	at org.apache.catalina.core.StandardHostValve.invoke(StandardHostValve.java:113)
	at org.apache.catalina.valves.ErrorReportValve.invoke(ErrorReportValve.java:83)
	at org.apache.catalina.core.StandardEngineValve.invoke(StandardEngineValve.java:72)
	at org.apache.catalina.connector.CoyoteAdapter.service(CoyoteAdapter.java:342)
	at org.apache.coyote.http11.Http11Processor.service(Http11Processor.java:399)
	at org.apache.coyote.AbstractProcessorLight.process(AbstractProcessorLight.java:63)
	at org.apache.coyote.AbstractProtocol$ConnectionHandler.process(AbstractProtocol.java:903)
	at org.apache.tomcat.util.net.NioEndpoint$SocketProcessor.doRun(NioEndpoint.java:1774)
	at org.apache.tomcat.util.net.SocketProcessorBase.run(SocketProcessorBase.java:52)
	at org.apache.tomcat.util.threads.ThreadPoolExecutor.runWorker(ThreadPoolExecutor.java:973)
	at org.apache.tomcat.util.threads.ThreadPoolExecutor$Worker.run(ThreadPoolExecutor.java:491)
	at org.apache.tomcat.util.threads.TaskThread$WrappingRunnable.run(TaskThread.java:63)
	at java.base/java.lang.Thread.run(Unknown Source)
Caused by: org.attoparser.ParseException: Exception evaluating SpringEL expression: "game.imageUrl" (template: "games" - line 18, col 30)
	at org.attoparser.MarkupParser.parseDocument(MarkupParser.java:393)
	at org.attoparser.MarkupParser.parse(MarkupParser.java:257)
	at org.thymeleaf.templateparser.markup.AbstractMarkupTemplateParser.parse(AbstractMarkupTemplateParser.java:230)
	... 98 common frames omitted
Caused by: org.thymeleaf.exceptions.TemplateProcessingException: Exception evaluating SpringEL expression: "game.imageUrl" (template: "games" - line 18, col 30)
	at org.thymeleaf.spring6.expression.SPELVariableExpressionEvaluator.evaluate(SPELVariableExpressionEvaluator.java:292)
	at org.thymeleaf.standard.expression.VariableExpression.executeVariableExpression(VariableExpression.java:166)
	at org.thymeleaf.standard.expression.SimpleExpression.executeSimple(SimpleExpression.java:66)
	at org.thymeleaf.standard.expression.Expression.execute(Expression.java:109)
	at org.thymeleaf.standard.expression.Expression.execute(Expression.java:138)
	at org.thymeleaf.standard.processor.AbstractStandardExpressionAttributeTagProcessor.doProcess(AbstractStandardExpressionAttributeTagProcessor.java:144)
	at org.thymeleaf.processor.element.AbstractAttributeTagProcessor.doProcess(AbstractAttributeTagProcessor.java:74)
	at org.thymeleaf.processor.element.AbstractElementTagProcessor.process(AbstractElementTagProcessor.java:95)
	at org.thymeleaf.util.ProcessorConfigurationUtils$ElementTagProcessorWrapper.process(ProcessorConfigurationUtils.java:633)
	at org.thymeleaf.engine.ProcessorTemplateHandler.handleStandaloneElement(ProcessorTemplateHandler.java:918)
	at org.thymeleaf.engine.StandaloneElementTag.beHandled(StandaloneElementTag.java:228)
	at org.thymeleaf.engine.Model.process(Model.java:282)
	at org.thymeleaf.engine.Model.process(Model.java:290)
	at org.thymeleaf.engine.IteratedGatheringModelProcessable.processIterationModel(IteratedGatheringModelProcessable.java:368)
	at org.thymeleaf.engine.IteratedGatheringModelProcessable.process(IteratedGatheringModelProcessable.java:222)
	at org.thymeleaf.engine.ProcessorTemplateHandler.handleCloseElement(ProcessorTemplateHandler.java:1640)
	at org.thymeleaf.engine.TemplateHandlerAdapterMarkupHandler.handleCloseElementEnd(TemplateHandlerAdapterMarkupHandler.java:388)
	at org.thymeleaf.templateparser.markup.InlinedOutputExpressionMarkupHandler$InlineMarkupAdapterPreProcessorHandler.handleCloseElementEnd(InlinedOutputExpressionMarkupHandler.java:322)
	at org.thymeleaf.standard.inline.OutputExpressionInlinePreProcessorHandler.handleCloseElementEnd(OutputExpressionInlinePreProcessorHandler.java:220)
	at org.thymeleaf.templateparser.markup.InlinedOutputExpressionMarkupHandler.handleCloseElementEnd(InlinedOutputExpressionMarkupHandler.java:164)
	at org.attoparser.HtmlElement.handleCloseElementEnd(HtmlElement.java:169)
	at org.attoparser.HtmlMarkupHandler.handleCloseElementEnd(HtmlMarkupHandler.java:412)
	at org.attoparser.MarkupEventProcessorHandler.handleCloseElementEnd(MarkupEventProcessorHandler.java:473)
	at org.attoparser.ParsingElementMarkupUtil.parseCloseElement(ParsingElementMarkupUtil.java:201)
	at org.attoparser.MarkupParser.parseBuffer(MarkupParser.java:725)
	at org.attoparser.MarkupParser.parseDocument(MarkupParser.java:301)
	... 100 common frames omitted
Caused by: org.springframework.expression.spel.SpelEvaluationException: EL1008E: Property or field 'imageUrl' cannot be found on object of type 'com.gamescore.back.model.Game' - maybe not public or not valid?
	at org.springframework.expression.spel.ast.PropertyOrFieldReference.readProperty(PropertyOrFieldReference.java:229)
	at org.springframework.expression.spel.ast.PropertyOrFieldReference.getValueInternal(PropertyOrFieldReference.java:112)
	at org.springframework.expression.spel.ast.PropertyOrFieldReference$AccessorValueRef.getValue(PropertyOrFieldReference.java:376)
	at org.springframework.expression.spel.ast.CompoundExpression.getValueInternal(CompoundExpression.java:97)
	at org.springframework.expression.spel.ast.SpelNodeImpl.getValue(SpelNodeImpl.java:116)
	at org.springframework.expression.spel.standard.SpelExpression.getValue(SpelExpression.java:338)
	at org.thymeleaf.spring6.expression.SPELVariableExpressionEvaluator.evaluate(SPELVariableExpressionEvaluator.java:265)
	... 125 common frames omitted
2025-11-17 21:50:53.641 [http-nio-8080-exec-4] DEBUG o.s.s.w.a.AnonymousAuthenticationFilter - Set SecurityContextHolder to anonymous SecurityContext
2025-11-17 21:50:53.641 [http-nio-8080-exec-4] ERROR o.a.c.c.C.[.[.[.[dispatcherServlet] - Servlet.service() for servlet [dispatcherServlet] in context with path [] threw exception [Request processing failed: org.thymeleaf.exceptions.TemplateInputException: An error happened during template parsing (template: "class path resource [templates/games.html]")] with root cause
org.springframework.expression.spel.SpelEvaluationException: EL1008E: Property or field 'imageUrl' cannot be found on object of type 'com.gamescore.back.model.Game' - maybe not public or not valid?
	at org.springframework.expression.spel.ast.PropertyOrFieldReference.readProperty(PropertyOrFieldReference.java:229)
	at org.springframework.expression.spel.ast.PropertyOrFieldReference.getValueInternal(PropertyOrFieldReference.java:112)
	at org.springframework.expression.spel.ast.PropertyOrFieldReference$AccessorValueRef.getValue(PropertyOrFieldReference.java:376)
	at org.springframework.expression.spel.ast.CompoundExpression.getValueInternal(CompoundExpression.java:97)
	at org.springframework.expression.spel.ast.SpelNodeImpl.getValue(SpelNodeImpl.java:116)
	at org.springframework.expression.spel.standard.SpelExpression.getValue(SpelExpression.java:338)
	at org.thymeleaf.spring6.expression.SPELVariableExpressionEvaluator.evaluate(SPELVariableExpressionEvaluator.java:265)
	at org.thymeleaf.standard.expression.VariableExpression.executeVariableExpression(VariableExpression.java:166)
	at org.thymeleaf.standard.expression.SimpleExpression.executeSimple(SimpleExpression.java:66)
	at org.thymeleaf.standard.expression.Expression.execute(Expression.java:109)
	at org.thymeleaf.standard.expression.Expression.execute(Expression.java:138)
	at org.thymeleaf.standard.processor.AbstractStandardExpressionAttributeTagProcessor.doProcess(AbstractStandardExpressionAttributeTagProcessor.java:144)
	at org.thymeleaf.processor.element.AbstractAttributeTagProcessor.doProcess(AbstractAttributeTagProcessor.java:74)
	at org.thymeleaf.processor.element.AbstractElementTagProcessor.process(AbstractElementTagProcessor.java:95)
	at org.thymeleaf.util.ProcessorConfigurationUtils$ElementTagProcessorWrapper.process(ProcessorConfigurationUtils.java:633)
	at org.thymeleaf.engine.ProcessorTemplateHandler.handleStandaloneElement(ProcessorTemplateHandler.java:918)
	at org.thymeleaf.engine.StandaloneElementTag.beHandled(StandaloneElementTag.java:228)
	at org.thymeleaf.engine.Model.process(Model.java:282)
	at org.thymeleaf.engine.Model.process(Model.java:290)
	at org.thymeleaf.engine.IteratedGatheringModelProcessable.processIterationModel(IteratedGatheringModelProcessable.java:368)
	at org.thymeleaf.engine.IteratedGatheringModelProcessable.process(IteratedGatheringModelProcessable.java:222)
	at org.thymeleaf.engine.ProcessorTemplateHandler.handleCloseElement(ProcessorTemplateHandler.java:1640)
	at org.thymeleaf.engine.TemplateHandlerAdapterMarkupHandler.handleCloseElementEnd(TemplateHandlerAdapterMarkupHandler.java:388)
	at org.thymeleaf.templateparser.markup.InlinedOutputExpressionMarkupHandler$InlineMarkupAdapterPreProcessorHandler.handleCloseElementEnd(InlinedOutputExpressionMarkupHandler.java:322)
	at org.thymeleaf.standard.inline.OutputExpressionInlinePreProcessorHandler.handleCloseElementEnd(OutputExpressionInlinePreProcessorHandler.java:220)
	at org.thymeleaf.templateparser.markup.InlinedOutputExpressionMarkupHandler.handleCloseElementEnd(InlinedOutputExpressionMarkupHandler.java:164)
	at org.attoparser.HtmlElement.handleCloseElementEnd(HtmlElement.java:169)
	at org.attoparser.HtmlMarkupHandler.handleCloseElementEnd(HtmlMarkupHandler.java:412)
	at org.attoparser.MarkupEventProcessorHandler.handleCloseElementEnd(MarkupEventProcessorHandler.java:473)
	at org.attoparser.ParsingElementMarkupUtil.parseCloseElement(ParsingElementMarkupUtil.java:201)
	at org.attoparser.MarkupParser.parseBuffer(MarkupParser.java:725)
	at org.attoparser.MarkupParser.parseDocument(MarkupParser.java:301)
	at org.attoparser.MarkupParser.parse(MarkupParser.java:257)
	at org.thymeleaf.templateparser.markup.AbstractMarkupTemplateParser.parse(AbstractMarkupTemplateParser.java:230)
	at org.thymeleaf.templateparser.markup.AbstractMarkupTemplateParser.parseStandalone(AbstractMarkupTemplateParser.java:100)
	at org.thymeleaf.engine.TemplateManager.parseAndProcess(TemplateManager.java:666)
	at org.thymeleaf.TemplateEngine.process(TemplateEngine.java:1103)
	at org.thymeleaf.TemplateEngine.process(TemplateEngine.java:1077)
	at org.thymeleaf.spring6.view.ThymeleafView.renderFragment(ThymeleafView.java:372)
	at org.thymeleaf.spring6.view.ThymeleafView.render(ThymeleafView.java:192)
	at org.springframework.web.servlet.DispatcherServlet.render(DispatcherServlet.java:1438)
	at org.springframework.web.servlet.DispatcherServlet.processDispatchResult(DispatcherServlet.java:1168)
	at org.springframework.web.servlet.DispatcherServlet.doDispatch(DispatcherServlet.java:1106)
	at org.springframework.web.servlet.DispatcherServlet.doService(DispatcherServlet.java:979)
	at org.springframework.web.servlet.FrameworkServlet.processRequest(FrameworkServlet.java:1014)
	at org.springframework.web.servlet.FrameworkServlet.doGet(FrameworkServlet.java:903)
	at jakarta.servlet.http.HttpServlet.service(HttpServlet.java:564)
	at org.springframework.web.servlet.FrameworkServlet.service(FrameworkServlet.java:885)
	at jakarta.servlet.http.HttpServlet.service(HttpServlet.java:658)
	at org.apache.catalina.core.ApplicationFilterChain.internalDoFilter(ApplicationFilterChain.java:193)
	at org.apache.catalina.core.ApplicationFilterChain.doFilter(ApplicationFilterChain.java:138)
	at org.apache.tomcat.websocket.server.WsFilter.doFilter(WsFilter.java:51)
	at org.apache.catalina.core.ApplicationFilterChain.internalDoFilter(ApplicationFilterChain.java:162)
	at org.apache.catalina.core.ApplicationFilterChain.doFilter(ApplicationFilterChain.java:138)
	at org.springframework.web.filter.CompositeFilter$VirtualFilterChain.doFilter(CompositeFilter.java:108)
	at org.springframework.web.filter.CompositeFilter$VirtualFilterChain.doFilter(CompositeFilter.java:108)
	at org.springframework.security.web.FilterChainProxy.lambda$doFilterInternal$3(FilterChainProxy.java:231)
	at org.springframework.security.web.FilterChainProxy$VirtualFilterChain.doFilter(FilterChainProxy.java:365)
	at org.springframework.security.web.access.intercept.AuthorizationFilter.doFilter(AuthorizationFilter.java:101)
	at org.springframework.security.web.FilterChainProxy$VirtualFilterChain.doFilter(FilterChainProxy.java:374)
	at org.springframework.security.web.access.ExceptionTranslationFilter.doFilter(ExceptionTranslationFilter.java:125)
	at org.springframework.security.web.access.ExceptionTranslationFilter.doFilter(ExceptionTranslationFilter.java:119)
	at org.springframework.security.web.FilterChainProxy$VirtualFilterChain.doFilter(FilterChainProxy.java:374)
	at org.springframework.security.web.authentication.AnonymousAuthenticationFilter.doFilter(AnonymousAuthenticationFilter.java:100)
	at org.springframework.security.web.FilterChainProxy$VirtualFilterChain.doFilter(FilterChainProxy.java:374)
	at org.springframework.security.web.servletapi.SecurityContextHolderAwareRequestFilter.doFilter(SecurityContextHolderAwareRequestFilter.java:179)
	at org.springframework.security.web.FilterChainProxy$VirtualFilterChain.doFilter(FilterChainProxy.java:374)
	at org.springframework.security.web.savedrequest.RequestCacheAwareFilter.doFilter(RequestCacheAwareFilter.java:63)
	at org.springframework.security.web.FilterChainProxy$VirtualFilterChain.doFilter(FilterChainProxy.java:374)
	at org.springframework.security.web.authentication.logout.LogoutFilter.doFilter(LogoutFilter.java:107)
	at org.springframework.security.web.authentication.logout.LogoutFilter.doFilter(LogoutFilter.java:93)
	at org.springframework.security.web.FilterChainProxy$VirtualFilterChain.doFilter(FilterChainProxy.java:374)
	at org.springframework.security.web.csrf.CsrfFilter.doFilterInternal(CsrfFilter.java:117)
	at org.springframework.web.filter.OncePerRequestFilter.doFilter(OncePerRequestFilter.java:116)
	at org.springframework.security.web.FilterChainProxy$VirtualFilterChain.doFilter(FilterChainProxy.java:374)
	at org.springframework.security.web.header.HeaderWriterFilter.doHeadersAfter(HeaderWriterFilter.java:90)
	at org.springframework.security.web.header.HeaderWriterFilter.doFilterInternal(HeaderWriterFilter.java:75)
	at org.springframework.web.filter.OncePerRequestFilter.doFilter(OncePerRequestFilter.java:116)
	at org.springframework.security.web.FilterChainProxy$VirtualFilterChain.doFilter(FilterChainProxy.java:374)
	at org.springframework.security.web.context.SecurityContextHolderFilter.doFilter(SecurityContextHolderFilter.java:82)
	at org.springframework.security.web.context.SecurityContextHolderFilter.doFilter(SecurityContextHolderFilter.java:69)
	at org.springframework.security.web.FilterChainProxy$VirtualFilterChain.doFilter(FilterChainProxy.java:374)
	at org.springframework.security.web.context.request.async.WebAsyncManagerIntegrationFilter.doFilterInternal(WebAsyncManagerIntegrationFilter.java:62)
	at org.springframework.web.filter.OncePerRequestFilter.doFilter(OncePerRequestFilter.java:116)
	at org.springframework.security.web.FilterChainProxy$VirtualFilterChain.doFilter(FilterChainProxy.java:374)
	at org.springframework.security.web.session.DisableEncodeUrlFilter.doFilterInternal(DisableEncodeUrlFilter.java:42)
	at org.springframework.web.filter.OncePerRequestFilter.doFilter(OncePerRequestFilter.java:116)
	at org.springframework.security.web.FilterChainProxy$VirtualFilterChain.doFilter(FilterChainProxy.java:374)
	at org.springframework.security.web.FilterChainProxy.doFilterInternal(FilterChainProxy.java:233)
	at org.springframework.security.web.FilterChainProxy.doFilter(FilterChainProxy.java:191)
	at org.springframework.web.filter.CompositeFilter$VirtualFilterChain.doFilter(CompositeFilter.java:113)
	at org.springframework.web.filter.ServletRequestPathFilter.doFilter(ServletRequestPathFilter.java:52)
	at org.springframework.web.filter.CompositeFilter$VirtualFilterChain.doFilter(CompositeFilter.java:113)
	at org.springframework.web.filter.CompositeFilter.doFilter(CompositeFilter.java:74)
	at org.springframework.security.config.annotation.web.configuration.WebSecurityConfiguration$CompositeFilterChainProxy.doFilter(WebSecurityConfiguration.java:319)
	at org.springframework.web.filter.CompositeFilter$VirtualFilterChain.doFilter(CompositeFilter.java:113)
	at org.springframework.web.servlet.handler.HandlerMappingIntrospector.lambda$createCacheFilter$4(HandlerMappingIntrospector.java:267)
	at org.springframework.web.filter.CompositeFilter$VirtualFilterChain.doFilter(CompositeFilter.java:113)
	at org.springframework.web.filter.CompositeFilter.doFilter(CompositeFilter.java:74)
	at org.springframework.security.config.annotation.web.configuration.WebMvcSecurityConfiguration$CompositeFilterChainProxy.doFilter(WebMvcSecurityConfiguration.java:240)
	at org.springframework.web.filter.DelegatingFilterProxy.invokeDelegate(DelegatingFilterProxy.java:362)
	at org.springframework.web.filter.DelegatingFilterProxy.doFilter(DelegatingFilterProxy.java:278)
	at org.apache.catalina.core.ApplicationFilterChain.internalDoFilter(ApplicationFilterChain.java:162)
	at org.apache.catalina.core.ApplicationFilterChain.doFilter(ApplicationFilterChain.java:138)
	at org.springframework.web.filter.RequestContextFilter.doFilterInternal(RequestContextFilter.java:100)
	at org.springframework.web.filter.OncePerRequestFilter.doFilter(OncePerRequestFilter.java:116)
	at org.apache.catalina.core.ApplicationFilterChain.internalDoFilter(ApplicationFilterChain.java:162)
	at org.apache.catalina.core.ApplicationFilterChain.doFilter(ApplicationFilterChain.java:138)
	at org.springframework.web.filter.FormContentFilter.doFilterInternal(FormContentFilter.java:93)
	at org.springframework.web.filter.OncePerRequestFilter.doFilter(OncePerRequestFilter.java:116)
	at org.apache.catalina.core.ApplicationFilterChain.internalDoFilter(ApplicationFilterChain.java:162)
	at org.apache.catalina.core.ApplicationFilterChain.doFilter(ApplicationFilterChain.java:138)
	at org.springframework.web.filter.CharacterEncodingFilter.doFilterInternal(CharacterEncodingFilter.java:201)
	at org.springframework.web.filter.OncePerRequestFilter.doFilter(OncePerRequestFilter.java:116)
	at org.apache.catalina.core.ApplicationFilterChain.internalDoFilter(ApplicationFilterChain.java:162)
	at org.apache.catalina.core.ApplicationFilterChain.doFilter(ApplicationFilterChain.java:138)
	at org.apache.catalina.core.StandardWrapperValve.invoke(StandardWrapperValve.java:165)
	at org.apache.catalina.core.StandardContextValve.invoke(StandardContextValve.java:88)
	at org.apache.catalina.authenticator.AuthenticatorBase.invoke(AuthenticatorBase.java:482)
	at org.apache.catalina.core.StandardHostValve.invoke(StandardHostValve.java:113)
	at org.apache.catalina.valves.ErrorReportValve.invoke(ErrorReportValve.java:83)
	at org.apache.catalina.core.StandardEngineValve.invoke(StandardEngineValve.java:72)
	at org.apache.catalina.connector.CoyoteAdapter.service(CoyoteAdapter.java:342)
	at org.apache.coyote.http11.Http11Processor.service(Http11Processor.java:399)
	at org.apache.coyote.AbstractProcessorLight.process(AbstractProcessorLight.java:63)
	at org.apache.coyote.AbstractProtocol$ConnectionHandler.process(AbstractProtocol.java:903)
	at org.apache.tomcat.util.net.NioEndpoint$SocketProcessor.doRun(NioEndpoint.java:1774)
	at org.apache.tomcat.util.net.SocketProcessorBase.run(SocketProcessorBase.java:52)
	at org.apache.tomcat.util.threads.ThreadPoolExecutor.runWorker(ThreadPoolExecutor.java:973)
	at org.apache.tomcat.util.threads.ThreadPoolExecutor$Worker.run(ThreadPoolExecutor.java:491)
	at org.apache.tomcat.util.threads.TaskThread$WrappingRunnable.run(TaskThread.java:63)
	at java.base/java.lang.Thread.run(Unknown Source)
2025-11-17 21:50:53.647 [http-nio-8080-exec-4] DEBUG o.s.security.web.FilterChainProxy - Securing GET /error
2025-11-17 21:50:53.648 [http-nio-8080-exec-4] DEBUG o.s.security.web.FilterChainProxy - Secured GET /error
2025-11-17 21:50:53.658 [http-nio-8080-exec-4] DEBUG o.s.s.w.a.AnonymousAuthenticationFilter - Set SecurityContextHolder to anonymous SecurityContext
2025-11-17 21:52:11.611 [SpringApplicationShutdownHook] INFO  o.s.b.w.e.tomcat.GracefulShutdown - Commencing graceful shutdown. Waiting for active requests to complete
2025-11-17 21:52:11.622 [tomcat-shutdown] INFO  o.s.b.w.e.tomcat.GracefulShutdown - Graceful shutdown complete
2025-11-17 21:52:11.633 [SpringApplicationShutdownHook] INFO  o.s.o.j.LocalContainerEntityManagerFactoryBean - Closing JPA EntityManagerFactory for persistence unit 'default'
2025-11-17 21:52:11.641 [SpringApplicationShutdownHook] INFO  com.zaxxer.hikari.HikariDataSource - HikariPool-1 - Shutdown initiated...
2025-11-17 21:52:11.717 [SpringApplicationShutdownHook] INFO  com.zaxxer.hikari.HikariDataSource - HikariPool-1 - Shutdown completed.
2025-11-17 21:52:13.802 [restartedMain] INFO  com.gamescore.back.BackApplication - Starting BackApplication using Java 21.0.8 with PID 34048 (/Users/hug0gil/Desktop/DAW/DWESE/Proyectos/GameScore/back/target/classes started by hug0gil in /Users/hug0gil/Desktop/DAW/DWESE/Proyectos/GameScore/back)
2025-11-17 21:52:13.803 [restartedMain] DEBUG com.gamescore.back.BackApplication - Running with Spring Boot v3.5.7, Spring v6.2.12
2025-11-17 21:52:13.803 [restartedMain] INFO  com.gamescore.back.BackApplication - No active profile set, falling back to 1 default profile: "default"
2025-11-17 21:52:13.828 [restartedMain] INFO  o.s.b.d.e.DevToolsPropertyDefaultsPostProcessor - Devtools property defaults active! Set 'spring.devtools.add-properties' to 'false' to disable
2025-11-17 21:52:13.828 [restartedMain] INFO  o.s.b.d.e.DevToolsPropertyDefaultsPostProcessor - For additional web related logging consider setting the 'logging.level.web' property to 'DEBUG'
2025-11-17 21:52:14.225 [restartedMain] INFO  o.s.d.r.c.RepositoryConfigurationDelegate - Bootstrapping Spring Data JPA repositories in DEFAULT mode.
2025-11-17 21:52:14.257 [restartedMain] INFO  o.s.d.r.c.RepositoryConfigurationDelegate - Finished Spring Data repository scanning in 28 ms. Found 4 JPA repository interfaces.
2025-11-17 21:52:14.591 [restartedMain] INFO  o.s.b.w.e.tomcat.TomcatWebServer - Tomcat initialized with port 8080 (http)
2025-11-17 21:52:14.599 [restartedMain] INFO  o.a.catalina.core.StandardService - Starting service [Tomcat]
2025-11-17 21:52:14.599 [restartedMain] INFO  o.a.catalina.core.StandardEngine - Starting Servlet engine: [Apache Tomcat/10.1.48]
2025-11-17 21:52:14.623 [restartedMain] INFO  o.a.c.c.C.[Tomcat].[localhost].[/] - Initializing Spring embedded WebApplicationContext
2025-11-17 21:52:14.623 [restartedMain] INFO  o.s.b.w.s.c.ServletWebServerApplicationContext - Root WebApplicationContext: initialization completed in 794 ms
2025-11-17 21:52:14.748 [restartedMain] INFO  o.h.jpa.internal.util.LogHelper - HHH000204: Processing PersistenceUnitInfo [name: default]
2025-11-17 21:52:14.777 [restartedMain] INFO  org.hibernate.Version - HHH000412: Hibernate ORM core version 6.6.33.Final
2025-11-17 21:52:14.795 [restartedMain] INFO  o.h.c.i.RegionFactoryInitiator - HHH000026: Second-level cache disabled
2025-11-17 21:52:14.922 [restartedMain] INFO  o.s.o.j.p.SpringPersistenceUnitInfo - No LoadTimeWeaver setup: ignoring JPA class transformer
2025-11-17 21:52:14.936 [restartedMain] INFO  com.zaxxer.hikari.HikariDataSource - HikariPool-1 - Starting...
2025-11-17 21:52:18.321 [restartedMain] INFO  com.zaxxer.hikari.pool.HikariPool - HikariPool-1 - Added connection com.mysql.cj.jdbc.ConnectionImpl@376b23ca
2025-11-17 21:52:18.326 [restartedMain] INFO  com.zaxxer.hikari.HikariDataSource - HikariPool-1 - Start completed.
2025-11-17 21:52:18.795 [restartedMain] WARN  org.hibernate.orm.deprecation - HHH90000025: MySQLDialect does not need to be specified explicitly using 'hibernate.dialect' (remove the property setting and it will be selected by default)
2025-11-17 21:52:18.813 [restartedMain] INFO  o.hibernate.orm.connections.pooling - HHH10001005: Database info:
	Database JDBC URL [Connecting through datasource 'HikariDataSource (HikariPool-1)']
	Database driver: undefined/unknown
	Database version: 9.4
	Autocommit mode: undefined/unknown
	Isolation level: undefined/unknown
	Minimum pool size: undefined/unknown
	Maximum pool size: undefined/unknown
2025-11-17 21:52:19.281 [restartedMain] INFO  o.h.e.t.j.p.i.JtaPlatformInitiator - HHH000489: No JTA platform available (set 'hibernate.transaction.jta.platform' to enable JTA platform integration)
2025-11-17 21:52:23.572 [restartedMain] INFO  o.s.o.j.LocalContainerEntityManagerFactoryBean - Initialized JPA EntityManagerFactory for persistence unit 'default'
2025-11-17 21:52:23.715 [restartedMain] INFO  o.s.d.j.r.query.QueryEnhancerFactory - Hibernate is in classpath; If applicable, HQL parser will be used.
2025-11-17 21:52:24.310 [restartedMain] INFO  o.s.b.a.w.s.WelcomePageHandlerMapping - Adding welcome page template: index
2025-11-17 21:52:24.413 [restartedMain] DEBUG o.s.s.c.a.a.c.AuthenticationConfiguration$DefaultPasswordEncoderAuthenticationManagerBuilder - No authenticationProviders and no parentAuthenticationManager defined. Returning null.
2025-11-17 21:52:24.458 [restartedMain] DEBUG o.s.s.web.DefaultSecurityFilterChain - Will secure any request with filters: DisableEncodeUrlFilter, WebAsyncManagerIntegrationFilter, SecurityContextHolderFilter, HeaderWriterFilter, CsrfFilter, LogoutFilter, RequestCacheAwareFilter, SecurityContextHolderAwareRequestFilter, AnonymousAuthenticationFilter, ExceptionTranslationFilter, AuthorizationFilter
2025-11-17 21:52:24.842 [restartedMain] INFO  o.s.b.a.h.H2ConsoleAutoConfiguration - H2 console available at '/h2-console'. Database available at 'jdbc:mysql://root:tkLpBtTxRBVsqioSkUDlqnbgmFKxVtiE@crossover.proxy.rlwy.net:27029/railway'
2025-11-17 21:52:24.888 [restartedMain] INFO  o.s.b.d.a.OptionalLiveReloadServer - LiveReload server is running on port 35729
2025-11-17 21:52:24.911 [restartedMain] INFO  o.s.b.w.e.tomcat.TomcatWebServer - Tomcat started on port 8080 (http) with context path '/'
2025-11-17 21:52:24.919 [restartedMain] INFO  com.gamescore.back.BackApplication - Started BackApplication in 11.323 seconds (process running for 11.662)
2025-11-17 21:52:30.887 [http-nio-8080-exec-1] INFO  o.a.c.c.C.[Tomcat].[localhost].[/] - Initializing Spring DispatcherServlet 'dispatcherServlet'
2025-11-17 21:52:30.888 [http-nio-8080-exec-1] INFO  o.s.web.servlet.DispatcherServlet - Initializing Servlet 'dispatcherServlet'
2025-11-17 21:52:30.889 [http-nio-8080-exec-1] INFO  o.s.web.servlet.DispatcherServlet - Completed initialization in 1 ms
2025-11-17 21:52:30.899 [http-nio-8080-exec-1] DEBUG o.s.security.web.FilterChainProxy - Securing GET /
2025-11-17 21:52:30.902 [http-nio-8080-exec-1] DEBUG o.s.security.web.FilterChainProxy - Secured GET /
2025-11-17 21:52:30.989 [http-nio-8080-exec-1] WARN  o.t.s.p.AbstractStandardFragmentInsertionTagProcessor - [THYMELEAF][http-nio-8080-exec-1][index] Deprecated unwrapped fragment expression "layout :: head('Inicio')" found in template index, line 3, col 7. Please use the complete syntax of fragment expressions instead ("~{layout :: head('Inicio')}"). The old, unwrapped syntax for fragment expressions will be removed in future versions of Thymeleaf.
2025-11-17 21:52:31.054 [http-nio-8080-exec-1] WARN  o.t.s.p.AbstractStandardFragmentInsertionTagProcessor - [THYMELEAF][http-nio-8080-exec-1][index] Deprecated unwrapped fragment expression "layout :: scripts" found in template index, line 20, col 6. Please use the complete syntax of fragment expressions instead ("~{layout :: scripts}"). The old, unwrapped syntax for fragment expressions will be removed in future versions of Thymeleaf.
2025-11-17 21:52:31.057 [http-nio-8080-exec-1] DEBUG o.s.s.w.a.AnonymousAuthenticationFilter - Set SecurityContextHolder to anonymous SecurityContext
2025-11-17 21:52:31.071 [http-nio-8080-exec-2] DEBUG o.s.security.web.FilterChainProxy - Securing GET /css/custom-styles.css
2025-11-17 21:52:31.071 [http-nio-8080-exec-2] DEBUG o.s.security.web.FilterChainProxy - Secured GET /css/custom-styles.css
2025-11-17 21:52:31.077 [http-nio-8080-exec-2] DEBUG o.s.s.w.a.AnonymousAuthenticationFilter - Set SecurityContextHolder to anonymous SecurityContext
2025-11-17 21:52:31.092 [http-nio-8080-exec-3] DEBUG o.s.security.web.FilterChainProxy - Securing GET /images/logo-horizontal.jpg
2025-11-17 21:52:31.093 [http-nio-8080-exec-3] DEBUG o.s.security.web.FilterChainProxy - Secured GET /images/logo-horizontal.jpg
2025-11-17 21:52:31.097 [http-nio-8080-exec-3] DEBUG o.s.s.w.a.AnonymousAuthenticationFilter - Set SecurityContextHolder to anonymous SecurityContext
2025-11-17 21:52:32.106 [http-nio-8080-exec-4] DEBUG o.s.security.web.FilterChainProxy - Securing GET /juegos
2025-11-17 21:52:32.107 [http-nio-8080-exec-4] DEBUG o.s.security.web.FilterChainProxy - Secured GET /juegos
2025-11-17 21:52:32.869 [http-nio-8080-exec-4] DEBUG org.hibernate.SQL - 
    select
        g1_0.id,
        g1_0.background_url,
        g1_0.created_at,
        g1_0.description,
        g1_0.metacritic,
        g1_0.name,
        g1_0.rating,
        g1_0.rawg_id,
        g1_0.release_date,
        g1_0.slug,
        g1_0.updated_at,
        g1_0.website,
        g1_0.youtube_url 
    from
        game g1_0
2025-11-17 21:52:34.320 [http-nio-8080-exec-4] DEBUG org.hibernate.SQL - 
    select
        g1_0.id,
        g1_0.background_url,
        g1_0.created_at,
        g1_0.description,
        g1_0.metacritic,
        g1_0.name,
        g1_0.rating,
        g1_0.rawg_id,
        g1_0.release_date,
        g1_0.slug,
        g1_0.updated_at,
        g1_0.website,
        g1_0.youtube_url 
    from
        game g1_0 
    order by
        g1_0.rating desc 
    limit
        ?, ?
2025-11-17 21:52:34.530 [http-nio-8080-exec-4] DEBUG org.hibernate.SQL - 
    select
        count(g1_0.id) 
    from
        game g1_0
2025-11-17 21:52:35.332 [http-nio-8080-exec-4] WARN  o.t.s.p.AbstractStandardFragmentInsertionTagProcessor - [THYMELEAF][http-nio-8080-exec-4][games] Deprecated unwrapped fragment expression "layout :: head('Juegos')" found in template games, line 3, col 7. Please use the complete syntax of fragment expressions instead ("~{layout :: head('Juegos')}"). The old, unwrapped syntax for fragment expressions will be removed in future versions of Thymeleaf.
2025-11-17 21:52:35.335 [http-nio-8080-exec-4] WARN  o.t.s.p.AbstractStandardFragmentInsertionTagProcessor - [THYMELEAF][http-nio-8080-exec-4][games] Deprecated unwrapped fragment expression "layout :: header" found in template games, line 7, col 6. Please use the complete syntax of fragment expressions instead ("~{layout :: header}"). The old, unwrapped syntax for fragment expressions will be removed in future versions of Thymeleaf.
2025-11-17 21:52:35.358 [http-nio-8080-exec-4] WARN  o.t.s.p.AbstractStandardFragmentInsertionTagProcessor - [THYMELEAF][http-nio-8080-exec-4][games] Deprecated unwrapped fragment expression "layout :: footer" found in template games, line 53, col 6. Please use the complete syntax of fragment expressions instead ("~{layout :: footer}"). The old, unwrapped syntax for fragment expressions will be removed in future versions of Thymeleaf.
2025-11-17 21:52:35.361 [http-nio-8080-exec-4] WARN  o.t.s.p.AbstractStandardFragmentInsertionTagProcessor - [THYMELEAF][http-nio-8080-exec-4][games] Deprecated unwrapped fragment expression "layout :: scripts" found in template games, line 55, col 6. Please use the complete syntax of fragment expressions instead ("~{layout :: scripts}"). The old, unwrapped syntax for fragment expressions will be removed in future versions of Thymeleaf.
2025-11-17 21:52:35.365 [http-nio-8080-exec-4] DEBUG o.s.s.w.a.AnonymousAuthenticationFilter - Set SecurityContextHolder to anonymous SecurityContext
2025-11-17 21:52:35.373 [http-nio-8080-exec-5] DEBUG o.s.security.web.FilterChainProxy - Securing GET /css/custom-styles.css
2025-11-17 21:52:35.374 [http-nio-8080-exec-6] DEBUG o.s.security.web.FilterChainProxy - Securing GET /images/GameScoreLogo.png
2025-11-17 21:52:35.374 [http-nio-8080-exec-5] DEBUG o.s.security.web.FilterChainProxy - Secured GET /css/custom-styles.css
2025-11-17 21:52:35.374 [http-nio-8080-exec-6] DEBUG o.s.security.web.FilterChainProxy - Secured GET /images/GameScoreLogo.png
2025-11-17 21:52:35.375 [http-nio-8080-exec-5] DEBUG o.s.s.w.a.AnonymousAuthenticationFilter - Set SecurityContextHolder to anonymous SecurityContext
2025-11-17 21:52:35.382 [http-nio-8080-exec-6] DEBUG o.s.s.w.a.AnonymousAuthenticationFilter - Set SecurityContextHolder to anonymous SecurityContext
2025-11-17 21:52:55.976 [http-nio-8080-exec-9] DEBUG o.s.security.web.FilterChainProxy - Securing GET /juegos
2025-11-17 21:52:55.977 [http-nio-8080-exec-9] DEBUG o.s.security.web.FilterChainProxy - Secured GET /juegos
2025-11-17 21:52:56.567 [http-nio-8080-exec-9] DEBUG org.hibernate.SQL - 
    select
        g1_0.id,
        g1_0.background_url,
        g1_0.created_at,
        g1_0.description,
        g1_0.metacritic,
        g1_0.name,
        g1_0.rating,
        g1_0.rawg_id,
        g1_0.release_date,
        g1_0.slug,
        g1_0.updated_at,
        g1_0.website,
        g1_0.youtube_url 
    from
        game g1_0
2025-11-17 21:52:57.900 [http-nio-8080-exec-9] DEBUG org.hibernate.SQL - 
    select
        g1_0.id,
        g1_0.background_url,
        g1_0.created_at,
        g1_0.description,
        g1_0.metacritic,
        g1_0.name,
        g1_0.rating,
        g1_0.rawg_id,
        g1_0.release_date,
        g1_0.slug,
        g1_0.updated_at,
        g1_0.website,
        g1_0.youtube_url 
    from
        game g1_0 
    order by
        g1_0.rating desc 
    limit
        ?, ?
2025-11-17 21:52:58.099 [http-nio-8080-exec-9] DEBUG org.hibernate.SQL - 
    select
        count(g1_0.id) 
    from
        game g1_0
2025-11-17 21:52:58.875 [http-nio-8080-exec-9] WARN  o.t.s.p.AbstractStandardFragmentInsertionTagProcessor - [THYMELEAF][http-nio-8080-exec-9][games] Deprecated unwrapped fragment expression "layout :: head('Juegos')" found in template games, line 3, col 7. Please use the complete syntax of fragment expressions instead ("~{layout :: head('Juegos')}"). The old, unwrapped syntax for fragment expressions will be removed in future versions of Thymeleaf.
2025-11-17 21:52:58.877 [http-nio-8080-exec-9] WARN  o.t.s.p.AbstractStandardFragmentInsertionTagProcessor - [THYMELEAF][http-nio-8080-exec-9][games] Deprecated unwrapped fragment expression "layout :: header" found in template games, line 7, col 6. Please use the complete syntax of fragment expressions instead ("~{layout :: header}"). The old, unwrapped syntax for fragment expressions will be removed in future versions of Thymeleaf.
2025-11-17 21:52:58.901 [http-nio-8080-exec-9] WARN  o.t.s.p.AbstractStandardFragmentInsertionTagProcessor - [THYMELEAF][http-nio-8080-exec-9][games] Deprecated unwrapped fragment expression "layout :: footer" found in template games, line 53, col 6. Please use the complete syntax of fragment expressions instead ("~{layout :: footer}"). The old, unwrapped syntax for fragment expressions will be removed in future versions of Thymeleaf.
2025-11-17 21:52:58.908 [http-nio-8080-exec-9] WARN  o.t.s.p.AbstractStandardFragmentInsertionTagProcessor - [THYMELEAF][http-nio-8080-exec-9][games] Deprecated unwrapped fragment expression "layout :: scripts" found in template games, line 55, col 6. Please use the complete syntax of fragment expressions instead ("~{layout :: scripts}"). The old, unwrapped syntax for fragment expressions will be removed in future versions of Thymeleaf.
2025-11-17 21:52:58.910 [http-nio-8080-exec-10] DEBUG o.s.security.web.FilterChainProxy - Securing GET /css/custom-styles.css
2025-11-17 21:52:58.911 [http-nio-8080-exec-10] DEBUG o.s.security.web.FilterChainProxy - Secured GET /css/custom-styles.css
2025-11-17 21:52:58.912 [http-nio-8080-exec-9] DEBUG o.s.s.w.a.AnonymousAuthenticationFilter - Set SecurityContextHolder to anonymous SecurityContext
2025-11-17 21:52:58.914 [http-nio-8080-exec-10] DEBUG o.s.s.w.a.AnonymousAuthenticationFilter - Set SecurityContextHolder to anonymous SecurityContext
2025-11-17 21:52:58.918 [http-nio-8080-exec-1] DEBUG o.s.security.web.FilterChainProxy - Securing GET /images/GameScoreLogo.png
2025-11-17 21:52:58.918 [http-nio-8080-exec-1] DEBUG o.s.security.web.FilterChainProxy - Secured GET /images/GameScoreLogo.png
2025-11-17 21:52:58.930 [http-nio-8080-exec-1] DEBUG o.s.s.w.a.AnonymousAuthenticationFilter - Set SecurityContextHolder to anonymous SecurityContext
2025-11-17 21:53:00.696 [http-nio-8080-exec-4] DEBUG o.s.security.web.FilterChainProxy - Securing GET /juegos
2025-11-17 21:53:00.697 [http-nio-8080-exec-4] DEBUG o.s.security.web.FilterChainProxy - Secured GET /juegos
2025-11-17 21:53:01.290 [http-nio-8080-exec-4] DEBUG org.hibernate.SQL - 
    select
        g1_0.id,
        g1_0.background_url,
        g1_0.created_at,
        g1_0.description,
        g1_0.metacritic,
        g1_0.name,
        g1_0.rating,
        g1_0.rawg_id,
        g1_0.release_date,
        g1_0.slug,
        g1_0.updated_at,
        g1_0.website,
        g1_0.youtube_url 
    from
        game g1_0
2025-11-17 21:53:02.615 [http-nio-8080-exec-4] DEBUG org.hibernate.SQL - 
    select
        g1_0.id,
        g1_0.background_url,
        g1_0.created_at,
        g1_0.description,
        g1_0.metacritic,
        g1_0.name,
        g1_0.rating,
        g1_0.rawg_id,
        g1_0.release_date,
        g1_0.slug,
        g1_0.updated_at,
        g1_0.website,
        g1_0.youtube_url 
    from
        game g1_0 
    order by
        g1_0.rating desc 
    limit
        ?, ?
2025-11-17 21:53:02.814 [http-nio-8080-exec-4] DEBUG org.hibernate.SQL - 
    select
        count(g1_0.id) 
    from
        game g1_0
2025-11-17 21:53:03.598 [http-nio-8080-exec-4] WARN  o.t.s.p.AbstractStandardFragmentInsertionTagProcessor - [THYMELEAF][http-nio-8080-exec-4][games] Deprecated unwrapped fragment expression "layout :: head('Juegos')" found in template games, line 3, col 7. Please use the complete syntax of fragment expressions instead ("~{layout :: head('Juegos')}"). The old, unwrapped syntax for fragment expressions will be removed in future versions of Thymeleaf.
2025-11-17 21:53:03.602 [http-nio-8080-exec-4] WARN  o.t.s.p.AbstractStandardFragmentInsertionTagProcessor - [THYMELEAF][http-nio-8080-exec-4][games] Deprecated unwrapped fragment expression "layout :: header" found in template games, line 7, col 6. Please use the complete syntax of fragment expressions instead ("~{layout :: header}"). The old, unwrapped syntax for fragment expressions will be removed in future versions of Thymeleaf.
2025-11-17 21:53:03.626 [http-nio-8080-exec-4] WARN  o.t.s.p.AbstractStandardFragmentInsertionTagProcessor - [THYMELEAF][http-nio-8080-exec-4][games] Deprecated unwrapped fragment expression "layout :: footer" found in template games, line 53, col 6. Please use the complete syntax of fragment expressions instead ("~{layout :: footer}"). The old, unwrapped syntax for fragment expressions will be removed in future versions of Thymeleaf.
2025-11-17 21:53:03.629 [http-nio-8080-exec-4] WARN  o.t.s.p.AbstractStandardFragmentInsertionTagProcessor - [THYMELEAF][http-nio-8080-exec-4][games] Deprecated unwrapped fragment expression "layout :: scripts" found in template games, line 55, col 6. Please use the complete syntax of fragment expressions instead ("~{layout :: scripts}"). The old, unwrapped syntax for fragment expressions will be removed in future versions of Thymeleaf.
2025-11-17 21:53:03.633 [http-nio-8080-exec-4] DEBUG o.s.s.w.a.AnonymousAuthenticationFilter - Set SecurityContextHolder to anonymous SecurityContext
2025-11-17 21:53:03.636 [http-nio-8080-exec-5] DEBUG o.s.security.web.FilterChainProxy - Securing GET /css/custom-styles.css
2025-11-17 21:53:03.636 [http-nio-8080-exec-5] DEBUG o.s.security.web.FilterChainProxy - Secured GET /css/custom-styles.css
2025-11-17 21:53:03.637 [http-nio-8080-exec-6] DEBUG o.s.security.web.FilterChainProxy - Securing GET /images/GameScoreLogo.png
2025-11-17 21:53:03.637 [http-nio-8080-exec-6] DEBUG o.s.security.web.FilterChainProxy - Secured GET /images/GameScoreLogo.png
2025-11-17 21:53:03.638 [http-nio-8080-exec-5] DEBUG o.s.s.w.a.AnonymousAuthenticationFilter - Set SecurityContextHolder to anonymous SecurityContext
2025-11-17 21:53:03.644 [http-nio-8080-exec-6] DEBUG o.s.s.w.a.AnonymousAuthenticationFilter - Set SecurityContextHolder to anonymous SecurityContext
2025-11-17 21:53:50.269 [http-nio-8080-exec-10] DEBUG o.s.security.web.FilterChainProxy - Securing GET /juegos
2025-11-17 21:53:50.272 [http-nio-8080-exec-10] DEBUG o.s.security.web.FilterChainProxy - Secured GET /juegos
2025-11-17 21:53:50.867 [http-nio-8080-exec-10] DEBUG org.hibernate.SQL - 
    select
        g1_0.id,
        g1_0.background_url,
        g1_0.created_at,
        g1_0.description,
        g1_0.metacritic,
        g1_0.name,
        g1_0.rating,
        g1_0.rawg_id,
        g1_0.release_date,
        g1_0.slug,
        g1_0.updated_at,
        g1_0.website,
        g1_0.youtube_url 
    from
        game g1_0
2025-11-17 21:53:52.672 [http-nio-8080-exec-10] DEBUG org.hibernate.SQL - 
    select
        g1_0.id,
        g1_0.background_url,
        g1_0.created_at,
        g1_0.description,
        g1_0.metacritic,
        g1_0.name,
        g1_0.rating,
        g1_0.rawg_id,
        g1_0.release_date,
        g1_0.slug,
        g1_0.updated_at,
        g1_0.website,
        g1_0.youtube_url 
    from
        game g1_0 
    order by
        g1_0.rating desc 
    limit
        ?, ?
2025-11-17 21:53:52.869 [http-nio-8080-exec-10] DEBUG org.hibernate.SQL - 
    select
        count(g1_0.id) 
    from
        game g1_0
2025-11-17 21:53:53.652 [http-nio-8080-exec-10] WARN  o.t.s.p.AbstractStandardFragmentInsertionTagProcessor - [THYMELEAF][http-nio-8080-exec-10][games] Deprecated unwrapped fragment expression "layout :: head('Juegos')" found in template games, line 3, col 7. Please use the complete syntax of fragment expressions instead ("~{layout :: head('Juegos')}"). The old, unwrapped syntax for fragment expressions will be removed in future versions of Thymeleaf.
2025-11-17 21:53:53.657 [http-nio-8080-exec-10] WARN  o.t.s.p.AbstractStandardFragmentInsertionTagProcessor - [THYMELEAF][http-nio-8080-exec-10][games] Deprecated unwrapped fragment expression "layout :: header" found in template games, line 7, col 6. Please use the complete syntax of fragment expressions instead ("~{layout :: header}"). The old, unwrapped syntax for fragment expressions will be removed in future versions of Thymeleaf.
2025-11-17 21:53:53.671 [http-nio-8080-exec-10] WARN  o.t.s.p.AbstractStandardFragmentInsertionTagProcessor - [THYMELEAF][http-nio-8080-exec-10][games] Deprecated unwrapped fragment expression "layout :: footer" found in template games, line 53, col 6. Please use the complete syntax of fragment expressions instead ("~{layout :: footer}"). The old, unwrapped syntax for fragment expressions will be removed in future versions of Thymeleaf.
2025-11-17 21:53:53.675 [http-nio-8080-exec-10] WARN  o.t.s.p.AbstractStandardFragmentInsertionTagProcessor - [THYMELEAF][http-nio-8080-exec-10][games] Deprecated unwrapped fragment expression "layout :: scripts" found in template games, line 55, col 6. Please use the complete syntax of fragment expressions instead ("~{layout :: scripts}"). The old, unwrapped syntax for fragment expressions will be removed in future versions of Thymeleaf.
2025-11-17 21:53:53.678 [http-nio-8080-exec-10] DEBUG o.s.s.w.a.AnonymousAuthenticationFilter - Set SecurityContextHolder to anonymous SecurityContext
2025-11-17 21:53:53.685 [http-nio-8080-exec-2] DEBUG o.s.security.web.FilterChainProxy - Securing GET /images/GameScoreLogo.png
2025-11-17 21:53:53.685 [http-nio-8080-exec-1] DEBUG o.s.security.web.FilterChainProxy - Securing GET /css/custom-styles.css
2025-11-17 21:53:53.685 [http-nio-8080-exec-1] DEBUG o.s.security.web.FilterChainProxy - Secured GET /css/custom-styles.css
2025-11-17 21:53:53.685 [http-nio-8080-exec-2] DEBUG o.s.security.web.FilterChainProxy - Secured GET /images/GameScoreLogo.png
2025-11-17 21:53:53.688 [http-nio-8080-exec-1] DEBUG o.s.s.w.a.AnonymousAuthenticationFilter - Set SecurityContextHolder to anonymous SecurityContext
2025-11-17 21:53:53.696 [http-nio-8080-exec-2] DEBUG o.s.s.w.a.AnonymousAuthenticationFilter - Set SecurityContextHolder to anonymous SecurityContext
2025-11-17 21:54:17.063 [http-nio-8080-exec-5] DEBUG o.s.security.web.FilterChainProxy - Securing GET /juego/9
2025-11-17 21:54:17.065 [http-nio-8080-exec-5] DEBUG o.s.security.web.FilterChainProxy - Secured GET /juego/9
2025-11-17 21:54:17.704 [http-nio-8080-exec-5] DEBUG org.hibernate.SQL - 
    select
        g1_0.id,
        g1_0.background_url,
        g1_0.created_at,
        g1_0.description,
        g1_0.metacritic,
        g1_0.name,
        g1_0.rating,
        g1_0.rawg_id,
        g1_0.release_date,
        g1_0.slug,
        g1_0.updated_at,
        g1_0.website,
        g1_0.youtube_url 
    from
        game g1_0 
    where
        g1_0.id=?
2025-11-17 21:54:18.496 [http-nio-8080-exec-5] WARN  o.t.s.p.AbstractStandardFragmentInsertionTagProcessor - [THYMELEAF][http-nio-8080-exec-5][game-detail] Deprecated unwrapped fragment expression "layout :: head(${game.name})" found in template game-detail, line 3, col 7. Please use the complete syntax of fragment expressions instead ("~{layout :: head(${game.name})}"). The old, unwrapped syntax for fragment expressions will be removed in future versions of Thymeleaf.
2025-11-17 21:54:18.499 [http-nio-8080-exec-5] WARN  o.t.s.p.AbstractStandardFragmentInsertionTagProcessor - [THYMELEAF][http-nio-8080-exec-5][game-detail] Deprecated unwrapped fragment expression "layout :: header" found in template game-detail, line 7, col 6. Please use the complete syntax of fragment expressions instead ("~{layout :: header}"). The old, unwrapped syntax for fragment expressions will be removed in future versions of Thymeleaf.
2025-11-17 21:54:18.508 [http-nio-8080-exec-5] ERROR org.thymeleaf.TemplateEngine - [THYMELEAF][http-nio-8080-exec-5] Exception processing template "game-detail": An error happened during template parsing (template: "class path resource [templates/game-detail.html]")
org.thymeleaf.exceptions.TemplateInputException: An error happened during template parsing (template: "class path resource [templates/game-detail.html]")
	at org.thymeleaf.templateparser.markup.AbstractMarkupTemplateParser.parse(AbstractMarkupTemplateParser.java:241)
	at org.thymeleaf.templateparser.markup.AbstractMarkupTemplateParser.parseStandalone(AbstractMarkupTemplateParser.java:100)
	at org.thymeleaf.engine.TemplateManager.parseAndProcess(TemplateManager.java:666)
	at org.thymeleaf.TemplateEngine.process(TemplateEngine.java:1103)
	at org.thymeleaf.TemplateEngine.process(TemplateEngine.java:1077)
	at org.thymeleaf.spring6.view.ThymeleafView.renderFragment(ThymeleafView.java:372)
	at org.thymeleaf.spring6.view.ThymeleafView.render(ThymeleafView.java:192)
	at org.springframework.web.servlet.DispatcherServlet.render(DispatcherServlet.java:1438)
	at org.springframework.web.servlet.DispatcherServlet.processDispatchResult(DispatcherServlet.java:1168)
	at org.springframework.web.servlet.DispatcherServlet.doDispatch(DispatcherServlet.java:1106)
	at org.springframework.web.servlet.DispatcherServlet.doService(DispatcherServlet.java:979)
	at org.springframework.web.servlet.FrameworkServlet.processRequest(FrameworkServlet.java:1014)
	at org.springframework.web.servlet.FrameworkServlet.doGet(FrameworkServlet.java:903)
	at jakarta.servlet.http.HttpServlet.service(HttpServlet.java:564)
	at org.springframework.web.servlet.FrameworkServlet.service(FrameworkServlet.java:885)
	at jakarta.servlet.http.HttpServlet.service(HttpServlet.java:658)
	at org.apache.catalina.core.ApplicationFilterChain.internalDoFilter(ApplicationFilterChain.java:193)
	at org.apache.catalina.core.ApplicationFilterChain.doFilter(ApplicationFilterChain.java:138)
	at org.apache.tomcat.websocket.server.WsFilter.doFilter(WsFilter.java:51)
	at org.apache.catalina.core.ApplicationFilterChain.internalDoFilter(ApplicationFilterChain.java:162)
	at org.apache.catalina.core.ApplicationFilterChain.doFilter(ApplicationFilterChain.java:138)
	at org.springframework.web.filter.CompositeFilter$VirtualFilterChain.doFilter(CompositeFilter.java:108)
	at org.springframework.web.filter.CompositeFilter$VirtualFilterChain.doFilter(CompositeFilter.java:108)
	at org.springframework.security.web.FilterChainProxy.lambda$doFilterInternal$3(FilterChainProxy.java:231)
	at org.springframework.security.web.FilterChainProxy$VirtualFilterChain.doFilter(FilterChainProxy.java:365)
	at org.springframework.security.web.access.intercept.AuthorizationFilter.doFilter(AuthorizationFilter.java:101)
	at org.springframework.security.web.FilterChainProxy$VirtualFilterChain.doFilter(FilterChainProxy.java:374)
	at org.springframework.security.web.access.ExceptionTranslationFilter.doFilter(ExceptionTranslationFilter.java:125)
	at org.springframework.security.web.access.ExceptionTranslationFilter.doFilter(ExceptionTranslationFilter.java:119)
	at org.springframework.security.web.FilterChainProxy$VirtualFilterChain.doFilter(FilterChainProxy.java:374)
	at org.springframework.security.web.authentication.AnonymousAuthenticationFilter.doFilter(AnonymousAuthenticationFilter.java:100)
	at org.springframework.security.web.FilterChainProxy$VirtualFilterChain.doFilter(FilterChainProxy.java:374)
	at org.springframework.security.web.servletapi.SecurityContextHolderAwareRequestFilter.doFilter(SecurityContextHolderAwareRequestFilter.java:179)
	at org.springframework.security.web.FilterChainProxy$VirtualFilterChain.doFilter(FilterChainProxy.java:374)
	at org.springframework.security.web.savedrequest.RequestCacheAwareFilter.doFilter(RequestCacheAwareFilter.java:63)
	at org.springframework.security.web.FilterChainProxy$VirtualFilterChain.doFilter(FilterChainProxy.java:374)
	at org.springframework.security.web.authentication.logout.LogoutFilter.doFilter(LogoutFilter.java:107)
	at org.springframework.security.web.authentication.logout.LogoutFilter.doFilter(LogoutFilter.java:93)
	at org.springframework.security.web.FilterChainProxy$VirtualFilterChain.doFilter(FilterChainProxy.java:374)
	at org.springframework.security.web.csrf.CsrfFilter.doFilterInternal(CsrfFilter.java:117)
	at org.springframework.web.filter.OncePerRequestFilter.doFilter(OncePerRequestFilter.java:116)
	at org.springframework.security.web.FilterChainProxy$VirtualFilterChain.doFilter(FilterChainProxy.java:374)
	at org.springframework.security.web.header.HeaderWriterFilter.doHeadersAfter(HeaderWriterFilter.java:90)
	at org.springframework.security.web.header.HeaderWriterFilter.doFilterInternal(HeaderWriterFilter.java:75)
	at org.springframework.web.filter.OncePerRequestFilter.doFilter(OncePerRequestFilter.java:116)
	at org.springframework.security.web.FilterChainProxy$VirtualFilterChain.doFilter(FilterChainProxy.java:374)
	at org.springframework.security.web.context.SecurityContextHolderFilter.doFilter(SecurityContextHolderFilter.java:82)
	at org.springframework.security.web.context.SecurityContextHolderFilter.doFilter(SecurityContextHolderFilter.java:69)
	at org.springframework.security.web.FilterChainProxy$VirtualFilterChain.doFilter(FilterChainProxy.java:374)
	at org.springframework.security.web.context.request.async.WebAsyncManagerIntegrationFilter.doFilterInternal(WebAsyncManagerIntegrationFilter.java:62)
	at org.springframework.web.filter.OncePerRequestFilter.doFilter(OncePerRequestFilter.java:116)
	at org.springframework.security.web.FilterChainProxy$VirtualFilterChain.doFilter(FilterChainProxy.java:374)
	at org.springframework.security.web.session.DisableEncodeUrlFilter.doFilterInternal(DisableEncodeUrlFilter.java:42)
	at org.springframework.web.filter.OncePerRequestFilter.doFilter(OncePerRequestFilter.java:116)
	at org.springframework.security.web.FilterChainProxy$VirtualFilterChain.doFilter(FilterChainProxy.java:374)
	at org.springframework.security.web.FilterChainProxy.doFilterInternal(FilterChainProxy.java:233)
	at org.springframework.security.web.FilterChainProxy.doFilter(FilterChainProxy.java:191)
	at org.springframework.web.filter.CompositeFilter$VirtualFilterChain.doFilter(CompositeFilter.java:113)
	at org.springframework.web.filter.ServletRequestPathFilter.doFilter(ServletRequestPathFilter.java:52)
	at org.springframework.web.filter.CompositeFilter$VirtualFilterChain.doFilter(CompositeFilter.java:113)
	at org.springframework.web.filter.CompositeFilter.doFilter(CompositeFilter.java:74)
	at org.springframework.security.config.annotation.web.configuration.WebSecurityConfiguration$CompositeFilterChainProxy.doFilter(WebSecurityConfiguration.java:319)
	at org.springframework.web.filter.CompositeFilter$VirtualFilterChain.doFilter(CompositeFilter.java:113)
	at org.springframework.web.servlet.handler.HandlerMappingIntrospector.lambda$createCacheFilter$4(HandlerMappingIntrospector.java:267)
	at org.springframework.web.filter.CompositeFilter$VirtualFilterChain.doFilter(CompositeFilter.java:113)
	at org.springframework.web.filter.CompositeFilter.doFilter(CompositeFilter.java:74)
	at org.springframework.security.config.annotation.web.configuration.WebMvcSecurityConfiguration$CompositeFilterChainProxy.doFilter(WebMvcSecurityConfiguration.java:240)
	at org.springframework.web.filter.DelegatingFilterProxy.invokeDelegate(DelegatingFilterProxy.java:362)
	at org.springframework.web.filter.DelegatingFilterProxy.doFilter(DelegatingFilterProxy.java:278)
	at org.apache.catalina.core.ApplicationFilterChain.internalDoFilter(ApplicationFilterChain.java:162)
	at org.apache.catalina.core.ApplicationFilterChain.doFilter(ApplicationFilterChain.java:138)
	at org.springframework.web.filter.RequestContextFilter.doFilterInternal(RequestContextFilter.java:100)
	at org.springframework.web.filter.OncePerRequestFilter.doFilter(OncePerRequestFilter.java:116)
	at org.apache.catalina.core.ApplicationFilterChain.internalDoFilter(ApplicationFilterChain.java:162)
	at org.apache.catalina.core.ApplicationFilterChain.doFilter(ApplicationFilterChain.java:138)
	at org.springframework.web.filter.FormContentFilter.doFilterInternal(FormContentFilter.java:93)
	at org.springframework.web.filter.OncePerRequestFilter.doFilter(OncePerRequestFilter.java:116)
	at org.apache.catalina.core.ApplicationFilterChain.internalDoFilter(ApplicationFilterChain.java:162)
	at org.apache.catalina.core.ApplicationFilterChain.doFilter(ApplicationFilterChain.java:138)
	at org.springframework.web.filter.CharacterEncodingFilter.doFilterInternal(CharacterEncodingFilter.java:201)
	at org.springframework.web.filter.OncePerRequestFilter.doFilter(OncePerRequestFilter.java:116)
	at org.apache.catalina.core.ApplicationFilterChain.internalDoFilter(ApplicationFilterChain.java:162)
	at org.apache.catalina.core.ApplicationFilterChain.doFilter(ApplicationFilterChain.java:138)
	at org.apache.catalina.core.StandardWrapperValve.invoke(StandardWrapperValve.java:165)
	at org.apache.catalina.core.StandardContextValve.invoke(StandardContextValve.java:88)
	at org.apache.catalina.authenticator.AuthenticatorBase.invoke(AuthenticatorBase.java:482)
	at org.apache.catalina.core.StandardHostValve.invoke(StandardHostValve.java:113)
	at org.apache.catalina.valves.ErrorReportValve.invoke(ErrorReportValve.java:83)
	at org.apache.catalina.core.StandardEngineValve.invoke(StandardEngineValve.java:72)
	at org.apache.catalina.connector.CoyoteAdapter.service(CoyoteAdapter.java:342)
	at org.apache.coyote.http11.Http11Processor.service(Http11Processor.java:399)
	at org.apache.coyote.AbstractProcessorLight.process(AbstractProcessorLight.java:63)
	at org.apache.coyote.AbstractProtocol$ConnectionHandler.process(AbstractProtocol.java:903)
	at org.apache.tomcat.util.net.NioEndpoint$SocketProcessor.doRun(NioEndpoint.java:1774)
	at org.apache.tomcat.util.net.SocketProcessorBase.run(SocketProcessorBase.java:52)
	at org.apache.tomcat.util.threads.ThreadPoolExecutor.runWorker(ThreadPoolExecutor.java:973)
	at org.apache.tomcat.util.threads.ThreadPoolExecutor$Worker.run(ThreadPoolExecutor.java:491)
	at org.apache.tomcat.util.threads.TaskThread$WrappingRunnable.run(TaskThread.java:63)
	at java.base/java.lang.Thread.run(Unknown Source)
Caused by: org.attoparser.ParseException: Exception evaluating SpringEL expression: "game.bannerUrl" (template: "game-detail" - line 13, col 14)
	at org.attoparser.MarkupParser.parseDocument(MarkupParser.java:393)
	at org.attoparser.MarkupParser.parse(MarkupParser.java:257)
	at org.thymeleaf.templateparser.markup.AbstractMarkupTemplateParser.parse(AbstractMarkupTemplateParser.java:230)
	... 98 common frames omitted
Caused by: org.thymeleaf.exceptions.TemplateProcessingException: Exception evaluating SpringEL expression: "game.bannerUrl" (template: "game-detail" - line 13, col 14)
	at org.thymeleaf.spring6.expression.SPELVariableExpressionEvaluator.evaluate(SPELVariableExpressionEvaluator.java:292)
	at org.thymeleaf.standard.expression.VariableExpression.executeVariableExpression(VariableExpression.java:166)
	at org.thymeleaf.standard.expression.SimpleExpression.executeSimple(SimpleExpression.java:66)
	at org.thymeleaf.standard.expression.Expression.execute(Expression.java:109)
	at org.thymeleaf.standard.expression.Expression.execute(Expression.java:138)
	at org.thymeleaf.standard.processor.AbstractStandardExpressionAttributeTagProcessor.doProcess(AbstractStandardExpressionAttributeTagProcessor.java:144)
	at org.thymeleaf.processor.element.AbstractAttributeTagProcessor.doProcess(AbstractAttributeTagProcessor.java:74)
	at org.thymeleaf.processor.element.AbstractElementTagProcessor.process(AbstractElementTagProcessor.java:95)
	at org.thymeleaf.util.ProcessorConfigurationUtils$ElementTagProcessorWrapper.process(ProcessorConfigurationUtils.java:633)
	at org.thymeleaf.engine.ProcessorTemplateHandler.handleStandaloneElement(ProcessorTemplateHandler.java:918)
	at org.thymeleaf.engine.TemplateHandlerAdapterMarkupHandler.handleStandaloneElementEnd(TemplateHandlerAdapterMarkupHandler.java:260)
	at org.thymeleaf.templateparser.markup.InlinedOutputExpressionMarkupHandler$InlineMarkupAdapterPreProcessorHandler.handleStandaloneElementEnd(InlinedOutputExpressionMarkupHandler.java:256)
	at org.thymeleaf.standard.inline.OutputExpressionInlinePreProcessorHandler.handleStandaloneElementEnd(OutputExpressionInlinePreProcessorHandler.java:169)
	at org.thymeleaf.templateparser.markup.InlinedOutputExpressionMarkupHandler.handleStandaloneElementEnd(InlinedOutputExpressionMarkupHandler.java:104)
	at org.attoparser.HtmlVoidElement.handleOpenElementEnd(HtmlVoidElement.java:92)
	at org.attoparser.HtmlMarkupHandler.handleOpenElementEnd(HtmlMarkupHandler.java:297)
	at org.attoparser.MarkupEventProcessorHandler.handleOpenElementEnd(MarkupEventProcessorHandler.java:402)
	at org.attoparser.ParsingElementMarkupUtil.parseOpenElement(ParsingElementMarkupUtil.java:159)
	at org.attoparser.MarkupParser.parseBuffer(MarkupParser.java:710)
	at org.attoparser.MarkupParser.parseDocument(MarkupParser.java:301)
	... 100 common frames omitted
Caused by: org.springframework.expression.spel.SpelEvaluationException: EL1008E: Property or field 'bannerUrl' cannot be found on object of type 'com.gamescore.back.model.Game' - maybe not public or not valid?
	at org.springframework.expression.spel.ast.PropertyOrFieldReference.readProperty(PropertyOrFieldReference.java:229)
	at org.springframework.expression.spel.ast.PropertyOrFieldReference.getValueInternal(PropertyOrFieldReference.java:112)
	at org.springframework.expression.spel.ast.PropertyOrFieldReference$AccessorValueRef.getValue(PropertyOrFieldReference.java:376)
	at org.springframework.expression.spel.ast.CompoundExpression.getValueInternal(CompoundExpression.java:97)
	at org.springframework.expression.spel.ast.SpelNodeImpl.getValue(SpelNodeImpl.java:116)
	at org.springframework.expression.spel.standard.SpelExpression.getValue(SpelExpression.java:338)
	at org.thymeleaf.spring6.expression.SPELVariableExpressionEvaluator.evaluate(SPELVariableExpressionEvaluator.java:265)
	... 119 common frames omitted
2025-11-17 21:54:18.518 [http-nio-8080-exec-5] DEBUG o.s.s.w.a.AnonymousAuthenticationFilter - Set SecurityContextHolder to anonymous SecurityContext
2025-11-17 21:54:18.519 [http-nio-8080-exec-5] ERROR o.a.c.c.C.[.[.[.[dispatcherServlet] - Servlet.service() for servlet [dispatcherServlet] in context with path [] threw exception [Request processing failed: org.thymeleaf.exceptions.TemplateInputException: An error happened during template parsing (template: "class path resource [templates/game-detail.html]")] with root cause
org.springframework.expression.spel.SpelEvaluationException: EL1008E: Property or field 'bannerUrl' cannot be found on object of type 'com.gamescore.back.model.Game' - maybe not public or not valid?
	at org.springframework.expression.spel.ast.PropertyOrFieldReference.readProperty(PropertyOrFieldReference.java:229)
	at org.springframework.expression.spel.ast.PropertyOrFieldReference.getValueInternal(PropertyOrFieldReference.java:112)
	at org.springframework.expression.spel.ast.PropertyOrFieldReference$AccessorValueRef.getValue(PropertyOrFieldReference.java:376)
	at org.springframework.expression.spel.ast.CompoundExpression.getValueInternal(CompoundExpression.java:97)
	at org.springframework.expression.spel.ast.SpelNodeImpl.getValue(SpelNodeImpl.java:116)
	at org.springframework.expression.spel.standard.SpelExpression.getValue(SpelExpression.java:338)
	at org.thymeleaf.spring6.expression.SPELVariableExpressionEvaluator.evaluate(SPELVariableExpressionEvaluator.java:265)
	at org.thymeleaf.standard.expression.VariableExpression.executeVariableExpression(VariableExpression.java:166)
	at org.thymeleaf.standard.expression.SimpleExpression.executeSimple(SimpleExpression.java:66)
	at org.thymeleaf.standard.expression.Expression.execute(Expression.java:109)
	at org.thymeleaf.standard.expression.Expression.execute(Expression.java:138)
	at org.thymeleaf.standard.processor.AbstractStandardExpressionAttributeTagProcessor.doProcess(AbstractStandardExpressionAttributeTagProcessor.java:144)
	at org.thymeleaf.processor.element.AbstractAttributeTagProcessor.doProcess(AbstractAttributeTagProcessor.java:74)
	at org.thymeleaf.processor.element.AbstractElementTagProcessor.process(AbstractElementTagProcessor.java:95)
	at org.thymeleaf.util.ProcessorConfigurationUtils$ElementTagProcessorWrapper.process(ProcessorConfigurationUtils.java:633)
	at org.thymeleaf.engine.ProcessorTemplateHandler.handleStandaloneElement(ProcessorTemplateHandler.java:918)
	at org.thymeleaf.engine.TemplateHandlerAdapterMarkupHandler.handleStandaloneElementEnd(TemplateHandlerAdapterMarkupHandler.java:260)
	at org.thymeleaf.templateparser.markup.InlinedOutputExpressionMarkupHandler$InlineMarkupAdapterPreProcessorHandler.handleStandaloneElementEnd(InlinedOutputExpressionMarkupHandler.java:256)
	at org.thymeleaf.standard.inline.OutputExpressionInlinePreProcessorHandler.handleStandaloneElementEnd(OutputExpressionInlinePreProcessorHandler.java:169)
	at org.thymeleaf.templateparser.markup.InlinedOutputExpressionMarkupHandler.handleStandaloneElementEnd(InlinedOutputExpressionMarkupHandler.java:104)
	at org.attoparser.HtmlVoidElement.handleOpenElementEnd(HtmlVoidElement.java:92)
	at org.attoparser.HtmlMarkupHandler.handleOpenElementEnd(HtmlMarkupHandler.java:297)
	at org.attoparser.MarkupEventProcessorHandler.handleOpenElementEnd(MarkupEventProcessorHandler.java:402)
	at org.attoparser.ParsingElementMarkupUtil.parseOpenElement(ParsingElementMarkupUtil.java:159)
	at org.attoparser.MarkupParser.parseBuffer(MarkupParser.java:710)
	at org.attoparser.MarkupParser.parseDocument(MarkupParser.java:301)
	at org.attoparser.MarkupParser.parse(MarkupParser.java:257)
	at org.thymeleaf.templateparser.markup.AbstractMarkupTemplateParser.parse(AbstractMarkupTemplateParser.java:230)
	at org.thymeleaf.templateparser.markup.AbstractMarkupTemplateParser.parseStandalone(AbstractMarkupTemplateParser.java:100)
	at org.thymeleaf.engine.TemplateManager.parseAndProcess(TemplateManager.java:666)
	at org.thymeleaf.TemplateEngine.process(TemplateEngine.java:1103)
	at org.thymeleaf.TemplateEngine.process(TemplateEngine.java:1077)
	at org.thymeleaf.spring6.view.ThymeleafView.renderFragment(ThymeleafView.java:372)
	at org.thymeleaf.spring6.view.ThymeleafView.render(ThymeleafView.java:192)
	at org.springframework.web.servlet.DispatcherServlet.render(DispatcherServlet.java:1438)
	at org.springframework.web.servlet.DispatcherServlet.processDispatchResult(DispatcherServlet.java:1168)
	at org.springframework.web.servlet.DispatcherServlet.doDispatch(DispatcherServlet.java:1106)
	at org.springframework.web.servlet.DispatcherServlet.doService(DispatcherServlet.java:979)
	at org.springframework.web.servlet.FrameworkServlet.processRequest(FrameworkServlet.java:1014)
	at org.springframework.web.servlet.FrameworkServlet.doGet(FrameworkServlet.java:903)
	at jakarta.servlet.http.HttpServlet.service(HttpServlet.java:564)
	at org.springframework.web.servlet.FrameworkServlet.service(FrameworkServlet.java:885)
	at jakarta.servlet.http.HttpServlet.service(HttpServlet.java:658)
	at org.apache.catalina.core.ApplicationFilterChain.internalDoFilter(ApplicationFilterChain.java:193)
	at org.apache.catalina.core.ApplicationFilterChain.doFilter(ApplicationFilterChain.java:138)
	at org.apache.tomcat.websocket.server.WsFilter.doFilter(WsFilter.java:51)
	at org.apache.catalina.core.ApplicationFilterChain.internalDoFilter(ApplicationFilterChain.java:162)
	at org.apache.catalina.core.ApplicationFilterChain.doFilter(ApplicationFilterChain.java:138)
	at org.springframework.web.filter.CompositeFilter$VirtualFilterChain.doFilter(CompositeFilter.java:108)
	at org.springframework.web.filter.CompositeFilter$VirtualFilterChain.doFilter(CompositeFilter.java:108)
	at org.springframework.security.web.FilterChainProxy.lambda$doFilterInternal$3(FilterChainProxy.java:231)
	at org.springframework.security.web.FilterChainProxy$VirtualFilterChain.doFilter(FilterChainProxy.java:365)
	at org.springframework.security.web.access.intercept.AuthorizationFilter.doFilter(AuthorizationFilter.java:101)
	at org.springframework.security.web.FilterChainProxy$VirtualFilterChain.doFilter(FilterChainProxy.java:374)
	at org.springframework.security.web.access.ExceptionTranslationFilter.doFilter(ExceptionTranslationFilter.java:125)
	at org.springframework.security.web.access.ExceptionTranslationFilter.doFilter(ExceptionTranslationFilter.java:119)
	at org.springframework.security.web.FilterChainProxy$VirtualFilterChain.doFilter(FilterChainProxy.java:374)
	at org.springframework.security.web.authentication.AnonymousAuthenticationFilter.doFilter(AnonymousAuthenticationFilter.java:100)
	at org.springframework.security.web.FilterChainProxy$VirtualFilterChain.doFilter(FilterChainProxy.java:374)
	at org.springframework.security.web.servletapi.SecurityContextHolderAwareRequestFilter.doFilter(SecurityContextHolderAwareRequestFilter.java:179)
	at org.springframework.security.web.FilterChainProxy$VirtualFilterChain.doFilter(FilterChainProxy.java:374)
	at org.springframework.security.web.savedrequest.RequestCacheAwareFilter.doFilter(RequestCacheAwareFilter.java:63)
	at org.springframework.security.web.FilterChainProxy$VirtualFilterChain.doFilter(FilterChainProxy.java:374)
	at org.springframework.security.web.authentication.logout.LogoutFilter.doFilter(LogoutFilter.java:107)
	at org.springframework.security.web.authentication.logout.LogoutFilter.doFilter(LogoutFilter.java:93)
	at org.springframework.security.web.FilterChainProxy$VirtualFilterChain.doFilter(FilterChainProxy.java:374)
	at org.springframework.security.web.csrf.CsrfFilter.doFilterInternal(CsrfFilter.java:117)
	at org.springframework.web.filter.OncePerRequestFilter.doFilter(OncePerRequestFilter.java:116)
	at org.springframework.security.web.FilterChainProxy$VirtualFilterChain.doFilter(FilterChainProxy.java:374)
	at org.springframework.security.web.header.HeaderWriterFilter.doHeadersAfter(HeaderWriterFilter.java:90)
	at org.springframework.security.web.header.HeaderWriterFilter.doFilterInternal(HeaderWriterFilter.java:75)
	at org.springframework.web.filter.OncePerRequestFilter.doFilter(OncePerRequestFilter.java:116)
	at org.springframework.security.web.FilterChainProxy$VirtualFilterChain.doFilter(FilterChainProxy.java:374)
	at org.springframework.security.web.context.SecurityContextHolderFilter.doFilter(SecurityContextHolderFilter.java:82)
	at org.springframework.security.web.context.SecurityContextHolderFilter.doFilter(SecurityContextHolderFilter.java:69)
	at org.springframework.security.web.FilterChainProxy$VirtualFilterChain.doFilter(FilterChainProxy.java:374)
	at org.springframework.security.web.context.request.async.WebAsyncManagerIntegrationFilter.doFilterInternal(WebAsyncManagerIntegrationFilter.java:62)
	at org.springframework.web.filter.OncePerRequestFilter.doFilter(OncePerRequestFilter.java:116)
	at org.springframework.security.web.FilterChainProxy$VirtualFilterChain.doFilter(FilterChainProxy.java:374)
	at org.springframework.security.web.session.DisableEncodeUrlFilter.doFilterInternal(DisableEncodeUrlFilter.java:42)
	at org.springframework.web.filter.OncePerRequestFilter.doFilter(OncePerRequestFilter.java:116)
	at org.springframework.security.web.FilterChainProxy$VirtualFilterChain.doFilter(FilterChainProxy.java:374)
	at org.springframework.security.web.FilterChainProxy.doFilterInternal(FilterChainProxy.java:233)
	at org.springframework.security.web.FilterChainProxy.doFilter(FilterChainProxy.java:191)
	at org.springframework.web.filter.CompositeFilter$VirtualFilterChain.doFilter(CompositeFilter.java:113)
	at org.springframework.web.filter.ServletRequestPathFilter.doFilter(ServletRequestPathFilter.java:52)
	at org.springframework.web.filter.CompositeFilter$VirtualFilterChain.doFilter(CompositeFilter.java:113)
	at org.springframework.web.filter.CompositeFilter.doFilter(CompositeFilter.java:74)
	at org.springframework.security.config.annotation.web.configuration.WebSecurityConfiguration$CompositeFilterChainProxy.doFilter(WebSecurityConfiguration.java:319)
	at org.springframework.web.filter.CompositeFilter$VirtualFilterChain.doFilter(CompositeFilter.java:113)
	at org.springframework.web.servlet.handler.HandlerMappingIntrospector.lambda$createCacheFilter$4(HandlerMappingIntrospector.java:267)
	at org.springframework.web.filter.CompositeFilter$VirtualFilterChain.doFilter(CompositeFilter.java:113)
	at org.springframework.web.filter.CompositeFilter.doFilter(CompositeFilter.java:74)
	at org.springframework.security.config.annotation.web.configuration.WebMvcSecurityConfiguration$CompositeFilterChainProxy.doFilter(WebMvcSecurityConfiguration.java:240)
	at org.springframework.web.filter.DelegatingFilterProxy.invokeDelegate(DelegatingFilterProxy.java:362)
	at org.springframework.web.filter.DelegatingFilterProxy.doFilter(DelegatingFilterProxy.java:278)
	at org.apache.catalina.core.ApplicationFilterChain.internalDoFilter(ApplicationFilterChain.java:162)
	at org.apache.catalina.core.ApplicationFilterChain.doFilter(ApplicationFilterChain.java:138)
	at org.springframework.web.filter.RequestContextFilter.doFilterInternal(RequestContextFilter.java:100)
	at org.springframework.web.filter.OncePerRequestFilter.doFilter(OncePerRequestFilter.java:116)
	at org.apache.catalina.core.ApplicationFilterChain.internalDoFilter(ApplicationFilterChain.java:162)
	at org.apache.catalina.core.ApplicationFilterChain.doFilter(ApplicationFilterChain.java:138)
	at org.springframework.web.filter.FormContentFilter.doFilterInternal(FormContentFilter.java:93)
	at org.springframework.web.filter.OncePerRequestFilter.doFilter(OncePerRequestFilter.java:116)
	at org.apache.catalina.core.ApplicationFilterChain.internalDoFilter(ApplicationFilterChain.java:162)
	at org.apache.catalina.core.ApplicationFilterChain.doFilter(ApplicationFilterChain.java:138)
	at org.springframework.web.filter.CharacterEncodingFilter.doFilterInternal(CharacterEncodingFilter.java:201)
	at org.springframework.web.filter.OncePerRequestFilter.doFilter(OncePerRequestFilter.java:116)
	at org.apache.catalina.core.ApplicationFilterChain.internalDoFilter(ApplicationFilterChain.java:162)
	at org.apache.catalina.core.ApplicationFilterChain.doFilter(ApplicationFilterChain.java:138)
	at org.apache.catalina.core.StandardWrapperValve.invoke(StandardWrapperValve.java:165)
	at org.apache.catalina.core.StandardContextValve.invoke(StandardContextValve.java:88)
	at org.apache.catalina.authenticator.AuthenticatorBase.invoke(AuthenticatorBase.java:482)
	at org.apache.catalina.core.StandardHostValve.invoke(StandardHostValve.java:113)
	at org.apache.catalina.valves.ErrorReportValve.invoke(ErrorReportValve.java:83)
	at org.apache.catalina.core.StandardEngineValve.invoke(StandardEngineValve.java:72)
	at org.apache.catalina.connector.CoyoteAdapter.service(CoyoteAdapter.java:342)
	at org.apache.coyote.http11.Http11Processor.service(Http11Processor.java:399)
	at org.apache.coyote.AbstractProcessorLight.process(AbstractProcessorLight.java:63)
	at org.apache.coyote.AbstractProtocol$ConnectionHandler.process(AbstractProtocol.java:903)
	at org.apache.tomcat.util.net.NioEndpoint$SocketProcessor.doRun(NioEndpoint.java:1774)
	at org.apache.tomcat.util.net.SocketProcessorBase.run(SocketProcessorBase.java:52)
	at org.apache.tomcat.util.threads.ThreadPoolExecutor.runWorker(ThreadPoolExecutor.java:973)
	at org.apache.tomcat.util.threads.ThreadPoolExecutor$Worker.run(ThreadPoolExecutor.java:491)
	at org.apache.tomcat.util.threads.TaskThread$WrappingRunnable.run(TaskThread.java:63)
	at java.base/java.lang.Thread.run(Unknown Source)
2025-11-17 21:54:18.527 [http-nio-8080-exec-5] DEBUG o.s.security.web.FilterChainProxy - Securing GET /error
2025-11-17 21:54:18.528 [http-nio-8080-exec-5] DEBUG o.s.security.web.FilterChainProxy - Secured GET /error
2025-11-17 21:54:18.540 [http-nio-8080-exec-5] DEBUG o.s.s.w.a.AnonymousAuthenticationFilter - Set SecurityContextHolder to anonymous SecurityContext
2025-11-17 21:54:41.392 [http-nio-8080-exec-6] DEBUG o.s.security.web.FilterChainProxy - Securing GET /sobre-nosotros
2025-11-17 21:54:41.394 [http-nio-8080-exec-6] DEBUG o.s.security.web.FilterChainProxy - Secured GET /sobre-nosotros
2025-11-17 21:54:41.400 [http-nio-8080-exec-6] DEBUG o.s.s.w.a.AnonymousAuthenticationFilter - Set SecurityContextHolder to anonymous SecurityContext
2025-11-17 21:54:41.401 [http-nio-8080-exec-6] DEBUG o.s.security.web.FilterChainProxy - Securing GET /error
2025-11-17 21:54:41.401 [http-nio-8080-exec-6] DEBUG o.s.security.web.FilterChainProxy - Secured GET /error
2025-11-17 21:54:41.407 [http-nio-8080-exec-6] DEBUG o.s.s.w.a.AnonymousAuthenticationFilter - Set SecurityContextHolder to anonymous SecurityContext
2025-11-17 21:54:43.371 [http-nio-8080-exec-9] DEBUG o.s.security.web.FilterChainProxy - Securing GET /politica-privacidad
2025-11-17 21:54:43.372 [http-nio-8080-exec-9] DEBUG o.s.security.web.FilterChainProxy - Secured GET /politica-privacidad
2025-11-17 21:54:43.374 [http-nio-8080-exec-9] DEBUG o.s.s.w.a.AnonymousAuthenticationFilter - Set SecurityContextHolder to anonymous SecurityContext
2025-11-17 21:54:43.375 [http-nio-8080-exec-9] DEBUG o.s.security.web.FilterChainProxy - Securing GET /error
2025-11-17 21:54:43.376 [http-nio-8080-exec-9] DEBUG o.s.security.web.FilterChainProxy - Secured GET /error
2025-11-17 21:54:43.382 [http-nio-8080-exec-9] DEBUG o.s.s.w.a.AnonymousAuthenticationFilter - Set SecurityContextHolder to anonymous SecurityContext
2025-11-17 21:54:44.737 [http-nio-8080-exec-7] DEBUG o.s.security.web.FilterChainProxy - Securing GET /etc
2025-11-17 21:54:44.738 [http-nio-8080-exec-7] DEBUG o.s.security.web.FilterChainProxy - Secured GET /etc
2025-11-17 21:54:44.740 [http-nio-8080-exec-7] DEBUG o.s.s.w.a.AnonymousAuthenticationFilter - Set SecurityContextHolder to anonymous SecurityContext
2025-11-17 21:54:44.741 [http-nio-8080-exec-7] DEBUG o.s.security.web.FilterChainProxy - Securing GET /error
2025-11-17 21:54:44.742 [http-nio-8080-exec-7] DEBUG o.s.security.web.FilterChainProxy - Secured GET /error
2025-11-17 21:54:44.748 [http-nio-8080-exec-7] DEBUG o.s.s.w.a.AnonymousAuthenticationFilter - Set SecurityContextHolder to anonymous SecurityContext
2025-11-17 21:54:55.609 [SpringApplicationShutdownHook] INFO  o.s.b.w.e.tomcat.GracefulShutdown - Commencing graceful shutdown. Waiting for active requests to complete
2025-11-17 21:54:55.617 [tomcat-shutdown] INFO  o.s.b.w.e.tomcat.GracefulShutdown - Graceful shutdown complete
2025-11-17 21:54:55.624 [SpringApplicationShutdownHook] INFO  o.s.o.j.LocalContainerEntityManagerFactoryBean - Closing JPA EntityManagerFactory for persistence unit 'default'
2025-11-17 21:54:55.631 [SpringApplicationShutdownHook] INFO  com.zaxxer.hikari.HikariDataSource - HikariPool-1 - Shutdown initiated...
2025-11-17 21:54:55.687 [SpringApplicationShutdownHook] INFO  com.zaxxer.hikari.HikariDataSource - HikariPool-1 - Shutdown completed.
